point_id,section,requirement,primary_ticket,ticket_title,phase,verification_id,coverage_rule,implementation_status,implementation_artifact,implementation_verification
1,1. Core architecture,"Jev as Hermes’s decision engine, not merely an optional decision tool.",T01,Async decision-engine foundation,Phase 1 — foundation,T01-R0001,Primary ownership exactly once; verify through declared seam or explicit gated live receipt.,IMPLEMENTED_OFFLINE_VERIFIED,hermes_jev/nervous.py,60-test offline suite + compileall + release checks
2,1. Core architecture,Hermes remains the reasoning engine.,T01,Async decision-engine foundation,Phase 1 — foundation,T01-R0002,Primary ownership exactly once; verify through declared seam or explicit gated live receipt.,IMPLEMENTED_OFFLINE_VERIFIED,hermes_jev/nervous.py,60-test offline suite + compileall + release checks
3,1. Core architecture,Hermes remains the execution engine.,T01,Async decision-engine foundation,Phase 1 — foundation,T01-R0003,Primary ownership exactly once; verify through declared seam or explicit gated live receipt.,IMPLEMENTED_OFFLINE_VERIFIED,hermes_jev/nervous.py,60-test offline suite + compileall + release checks
4,1. Core architecture,Jev becomes the decision/control plane.,T01,Async decision-engine foundation,Phase 1 — foundation,T01-R0004,Primary ownership exactly once; verify through declared seam or explicit gated live receipt.,IMPLEMENTED_OFFLINE_VERIFIED,hermes_jev/nervous.py,60-test offline suite + compileall + release checks
5,1. Core architecture,Jev operates as an asynchronous tandem process.,T01,Async decision-engine foundation,Phase 1 — foundation,T01-R0005,Primary ownership exactly once; verify through declared seam or explicit gated live receipt.,IMPLEMENTED_OFFLINE_VERIFIED,hermes_jev/nervous.py,60-test offline suite + compileall + release checks
6,1. Core architecture,Jev removed from the normal synchronous critical path.,T01,Async decision-engine foundation,Phase 1 — foundation,T01-R0006,Primary ownership exactly once; verify through declared seam or explicit gated live receipt.,IMPLEMENTED_OFFLINE_VERIFIED,hermes_jev/nervous.py,60-test offline suite + compileall + release checks
7,1. Core architecture,Jev operates as a parallel supervisory process.,T01,Async decision-engine foundation,Phase 1 — foundation,T01-R0007,Primary ownership exactly once; verify through declared seam or explicit gated live receipt.,IMPLEMENTED_OFFLINE_VERIFIED,hermes_jev/nervous.py,60-test offline suite + compileall + release checks
8,1. Core architecture,Jev operates as a decision auditor.,T01,Async decision-engine foundation,Phase 1 — foundation,T01-R0008,Primary ownership exactly once; verify through declared seam or explicit gated live receipt.,IMPLEMENTED_OFFLINE_VERIFIED,hermes_jev/nervous.py,60-test offline suite + compileall + release checks
9,1. Core architecture,Jev operates as a decision corrector.,T01,Async decision-engine foundation,Phase 1 — foundation,T01-R0009,Primary ownership exactly once; verify through declared seam or explicit gated live receipt.,IMPLEMENTED_OFFLINE_VERIFIED,hermes_jev/nervous.py,60-test offline suite + compileall + release checks
10,1. Core architecture,Jev operates as a high-confidence exception generator.,T01,Async decision-engine foundation,Phase 1 — foundation,T01-R0010,Primary ownership exactly once; verify through declared seam or explicit gated live receipt.,IMPLEMENTED_OFFLINE_VERIFIED,hermes_jev/nervous.py,60-test offline suite + compileall + release checks
11,1. Core architecture,Jev supervision attached to selected Hermes turns.,T01,Async decision-engine foundation,Phase 1 — foundation,T01-R0011,Primary ownership exactly once; verify through declared seam or explicit gated live receipt.,IMPLEMENTED_OFFLINE_VERIFIED,hermes_jev/nervous.py,60-test offline suite + compileall + release checks
12,1. Core architecture,Jev supervision can persist for the entire lifetime of a long-running autonomous turn.,T01,Async decision-engine foundation,Phase 1 — foundation,T01-R0012,Primary ownership exactly once; verify through declared seam or explicit gated live receipt.,IMPLEMENTED_OFFLINE_VERIFIED,hermes_jev/nervous.py,60-test offline suite + compileall + release checks
13,1. Core architecture,"A supervised turn may last seconds, minutes, or hours without changing the supervision model.",T01,Async decision-engine foundation,Phase 1 — foundation,T01-R0013,Primary ownership exactly once; verify through declared seam or explicit gated live receipt.,IMPLEMENTED_OFFLINE_VERIFIED,hermes_jev/nervous.py,60-test offline suite + compileall + release checks
14,1. Core architecture,A turn may contain hundreds or thousands of Hermes events without creating equivalent Jev calls.,T01,Async decision-engine foundation,Phase 1 — foundation,T01-R0014,Primary ownership exactly once; verify through declared seam or explicit gated live receipt.,IMPLEMENTED_OFFLINE_VERIFIED,hermes_jev/nervous.py,60-test offline suite + compileall + release checks
15,1. Core architecture,Hermes continues executing while Jev evaluates.,T01,Async decision-engine foundation,Phase 1 — foundation,T01-R0015,Primary ownership exactly once; verify through declared seam or explicit gated live receipt.,IMPLEMENTED_OFFLINE_VERIFIED,hermes_jev/nervous.py,60-test offline suite + compileall + release checks
16,1. Core architecture,"Jev’s ~500+ ms network latency treated as oversight latency, not worker latency.",T01,Async decision-engine foundation,Phase 1 — foundation,T01-R0016,Primary ownership exactly once; verify through declared seam or explicit gated live receipt.,IMPLEMENTED_OFFLINE_VERIFIED,hermes_jev/nervous.py,60-test offline suite + compileall + release checks
17,1. Core architecture,No synchronous Jev micro-controller loop around ordinary Hermes actions.,T01,Async decision-engine foundation,Phase 1 — foundation,T01-R0017,Primary ownership exactly once; verify through declared seam or explicit gated live receipt.,IMPLEMENTED_OFFLINE_VERIFIED,hermes_jev/nervous.py,60-test offline suite + compileall + release checks
18,1. Core architecture,No Jev → action → Jev → action requirement for every action.,T01,Async decision-engine foundation,Phase 1 — foundation,T01-R0018,Primary ownership exactly once; verify through declared seam or explicit gated live receipt.,IMPLEMENTED_OFFLINE_VERIFIED,hermes_jev/nervous.py,60-test offline suite + compileall + release checks
19,1. Core architecture,Jev controls important forks while touching only a small fraction of individual Hermes operations.,T01,Async decision-engine foundation,Phase 1 — foundation,T01-R0019,Primary ownership exactly once; verify through declared seam or explicit gated live receipt.,IMPLEMENTED_OFFLINE_VERIFIED,hermes_jev/nervous.py,60-test offline suite + compileall + release checks
20,1. Core architecture,Jev calls concentrated around decision epochs rather than tool-call epochs.,T01,Async decision-engine foundation,Phase 1 — foundation,T01-R0020,Primary ownership exactly once; verify through declared seam or explicit gated live receipt.,IMPLEMENTED_OFFLINE_VERIFIED,hermes_jev/nervous.py,60-test offline suite + compileall + release checks
21,1. Core architecture,"When appropriate, one Jev call can combine verification, next-state selection, uncertainty assessment, and completion assessment.",T01,Async decision-engine foundation,Phase 1 — foundation,T01-R0021,Primary ownership exactly once; verify through declared seam or explicit gated live receipt.,IMPLEMENTED_OFFLINE_VERIFIED,hermes_jev/nervous.py,60-test offline suite + compileall + release checks
22,1. Core architecture,Existing jev_assess primitive reused/expanded for multi-question control assessments.,T01,Async decision-engine foundation,Phase 1 — foundation,T01-R0022,Primary ownership exactly once; verify through declared seam or explicit gated live receipt.,IMPLEMENTED_OFFLINE_VERIFIED,hermes_jev/nervous.py,60-test offline suite + compileall + release checks
23,1. Core architecture,New higher-level control assessment contract.,T01,Async decision-engine foundation,Phase 1 — foundation,T01-R0023,Primary ownership exactly once; verify through declared seam or explicit gated live receipt.,IMPLEMENTED_OFFLINE_VERIFIED,hermes_jev/nervous.py,60-test offline suite + compileall + release checks
24,1. Core architecture,New higher-level decision epoch contract.,T01,Async decision-engine foundation,Phase 1 — foundation,T01-R0024,Primary ownership exactly once; verify through declared seam or explicit gated live receipt.,IMPLEMENTED_OFFLINE_VERIFIED,hermes_jev/nervous.py,60-test offline suite + compileall + release checks
25,1. Core architecture,Decision supervision separate from ordinary assistant dialogue generation.,T01,Async decision-engine foundation,Phase 1 — foundation,T01-R0025,Primary ownership exactly once; verify through declared seam or explicit gated live receipt.,IMPLEMENTED_OFFLINE_VERIFIED,hermes_jev/nervous.py,60-test offline suite + compileall + release checks
26,2. Turn-level Jev admission,Every user prompt receives a unique turn_id.,T02,Turn arbiter: OFF / WATCH / ON,Phase 1 — foundation,T02-R0026,Primary ownership exactly once; verify through declared seam or explicit gated live receipt.,IMPLEMENTED_OFFLINE_VERIFIED,hermes_jev/nervous.py,60-test offline suite + compileall + release checks
27,2. Turn-level Jev admission,The same user prompt can be sent to Hermes and the Jev admission system in parallel.,T02,Turn arbiter: OFF / WATCH / ON,Phase 1 — foundation,T02-R0027,Primary ownership exactly once; verify through declared seam or explicit gated live receipt.,IMPLEMENTED_OFFLINE_VERIFIED,hermes_jev/nervous.py,60-test offline suite + compileall + release checks
28,2. Turn-level Jev admission,Hermes starts processing immediately.,T02,Turn arbiter: OFF / WATCH / ON,Phase 1 — foundation,T02-R0028,Primary ownership exactly once; verify through declared seam or explicit gated live receipt.,IMPLEMENTED_OFFLINE_VERIFIED,hermes_jev/nervous.py,60-test offline suite + compileall + release checks
29,2. Turn-level Jev admission,Hermes does not wait for Jev admission before beginning work.,T02,Turn arbiter: OFF / WATCH / ON,Phase 1 — foundation,T02-R0029,Primary ownership exactly once; verify through declared seam or explicit gated live receipt.,IMPLEMENTED_OFFLINE_VERIFIED,hermes_jev/nervous.py,60-test offline suite + compileall + release checks
30,2. Turn-level Jev admission,Dedicated Jev Turn Arbiter.,T02,Turn arbiter: OFF / WATCH / ON,Phase 1 — foundation,T02-R0030,Primary ownership exactly once; verify through declared seam or explicit gated live receipt.,IMPLEMENTED_OFFLINE_VERIFIED,hermes_jev/nervous.py,60-test offline suite + compileall + release checks
31,2. Turn-level Jev admission,Dedicated turn-admission contract.,T02,Turn arbiter: OFF / WATCH / ON,Phase 1 — foundation,T02-R0031,Primary ownership exactly once; verify through declared seam or explicit gated live receipt.,IMPLEMENTED_OFFLINE_VERIFIED,hermes_jev/nervous.py,60-test offline suite + compileall + release checks
32,2. Turn-level Jev admission,Suggested contract namespace: hermes/jev-turn-admission/v1.,T02,Turn arbiter: OFF / WATCH / ON,Phase 1 — foundation,T02-R0032,Primary ownership exactly once; verify through declared seam or explicit gated live receipt.,IMPLEMENTED_OFFLINE_VERIFIED,hermes_jev/nervous.py,60-test offline suite + compileall + release checks
33,2. Turn-level Jev admission,Admission contract explicitly non-recursive.,T02,Turn arbiter: OFF / WATCH / ON,Phase 1 — foundation,T02-R0033,Primary ownership exactly once; verify through declared seam or explicit gated live receipt.,IMPLEMENTED_OFFLINE_VERIFIED,hermes_jev/nervous.py,60-test offline suite + compileall + release checks
34,2. Turn-level Jev admission,Admission Jev call cannot cause another admission Jev call.,T02,Turn arbiter: OFF / WATCH / ON,Phase 1 — foundation,T02-R0034,Primary ownership exactly once; verify through declared seam or explicit gated live receipt.,IMPLEMENTED_OFFLINE_VERIFIED,hermes_jev/nervous.py,60-test offline suite + compileall + release checks
35,2. Turn-level Jev admission,Turn arbiter predicts whether a meaningful decision plane exists.,T02,Turn arbiter: OFF / WATCH / ON,Phase 1 — foundation,T02-R0035,Primary ownership exactly once; verify through declared seam or explicit gated live receipt.,IMPLEMENTED_OFFLINE_VERIFIED,hermes_jev/nervous.py,60-test offline suite + compileall + release checks
36,2. Turn-level Jev admission,Turn arbiter predicts whether a decision plane is likely to emerge before the turn completes.,T02,Turn arbiter: OFF / WATCH / ON,Phase 1 — foundation,T02-R0036,Primary ownership exactly once; verify through declared seam or explicit gated live receipt.,IMPLEMENTED_OFFLINE_VERIFIED,hermes_jev/nervous.py,60-test offline suite + compileall + release checks
37,2. Turn-level Jev admission,Turn arbiter does not merely classify chat versus work.,T02,Turn arbiter: OFF / WATCH / ON,Phase 1 — foundation,T02-R0037,Primary ownership exactly once; verify through declared seam or explicit gated live receipt.,IMPLEMENTED_OFFLINE_VERIFIED,hermes_jev/nervous.py,60-test offline suite + compileall + release checks
38,2. Turn-level Jev admission,Turn arbiter evaluates likelihood of materially different actions.,T02,Turn arbiter: OFF / WATCH / ON,Phase 1 — foundation,T02-R0038,Primary ownership exactly once; verify through declared seam or explicit gated live receipt.,IMPLEMENTED_OFFLINE_VERIFIED,hermes_jev/nervous.py,60-test offline suite + compileall + release checks
39,2. Turn-level Jev admission,Turn arbiter evaluates likelihood of materially different strategies.,T02,Turn arbiter: OFF / WATCH / ON,Phase 1 — foundation,T02-R0039,Primary ownership exactly once; verify through declared seam or explicit gated live receipt.,IMPLEMENTED_OFFLINE_VERIFIED,hermes_jev/nervous.py,60-test offline suite + compileall + release checks
40,2. Turn-level Jev admission,Turn arbiter evaluates likelihood of recovery decisions.,T02,Turn arbiter: OFF / WATCH / ON,Phase 1 — foundation,T02-R0040,Primary ownership exactly once; verify through declared seam or explicit gated live receipt.,IMPLEMENTED_OFFLINE_VERIFIED,hermes_jev/nervous.py,60-test offline suite + compileall + release checks
41,2. Turn-level Jev admission,Turn arbiter evaluates likelihood of completion judgments.,T02,Turn arbiter: OFF / WATCH / ON,Phase 1 — foundation,T02-R0041,Primary ownership exactly once; verify through declared seam or explicit gated live receipt.,IMPLEMENTED_OFFLINE_VERIFIED,hermes_jev/nervous.py,60-test offline suite + compileall + release checks
42,2. Turn-level Jev admission,Turn arbiter evaluates likelihood of resource-allocation decisions.,T02,Turn arbiter: OFF / WATCH / ON,Phase 1 — foundation,T02-R0042,Primary ownership exactly once; verify through declared seam or explicit gated live receipt.,IMPLEMENTED_OFFLINE_VERIFIED,hermes_jev/nervous.py,60-test offline suite + compileall + release checks
43,2. Turn-level Jev admission,Turn arbiter evaluates likelihood of consequential operations.,T02,Turn arbiter: OFF / WATCH / ON,Phase 1 — foundation,T02-R0043,Primary ownership exactly once; verify through declared seam or explicit gated live receipt.,IMPLEMENTED_OFFLINE_VERIFIED,hermes_jev/nervous.py,60-test offline suite + compileall + release checks
44,2. Turn-level Jev admission,Turn arbiter evaluates likelihood of genuine routing choices.,T02,Turn arbiter: OFF / WATCH / ON,Phase 1 — foundation,T02-R0044,Primary ownership exactly once; verify through declared seam or explicit gated live receipt.,IMPLEMENTED_OFFLINE_VERIFIED,hermes_jev/nervous.py,60-test offline suite + compileall + release checks
45,2. Turn-level Jev admission,Turn arbiter evaluates likelihood of meaningful human-escalation decisions.,T02,Turn arbiter: OFF / WATCH / ON,Phase 1 — foundation,T02-R0045,Primary ownership exactly once; verify through declared seam or explicit gated live receipt.,IMPLEMENTED_OFFLINE_VERIFIED,hermes_jev/nervous.py,60-test offline suite + compileall + release checks
46,2. Turn-level Jev admission,Admission output includes OFF.,T02,Turn arbiter: OFF / WATCH / ON,Phase 1 — foundation,T02-R0046,Primary ownership exactly once; verify through declared seam or explicit gated live receipt.,IMPLEMENTED_OFFLINE_VERIFIED,hermes_jev/nervous.py,60-test offline suite + compileall + release checks
47,2. Turn-level Jev admission,Admission output includes WATCH.,T02,Turn arbiter: OFF / WATCH / ON,Phase 1 — foundation,T02-R0047,Primary ownership exactly once; verify through declared seam or explicit gated live receipt.,IMPLEMENTED_OFFLINE_VERIFIED,hermes_jev/nervous.py,60-test offline suite + compileall + release checks
48,2. Turn-level Jev admission,Admission output includes ON.,T02,Turn arbiter: OFF / WATCH / ON,Phase 1 — foundation,T02-R0048,Primary ownership exactly once; verify through declared seam or explicit gated live receipt.,IMPLEMENTED_OFFLINE_VERIFIED,hermes_jev/nervous.py,60-test offline suite + compileall + release checks
49,2. Turn-level Jev admission,OFF means no active Jev nervous-system supervision.,T02,Turn arbiter: OFF / WATCH / ON,Phase 1 — foundation,T02-R0049,Primary ownership exactly once; verify through declared seam or explicit gated live receipt.,IMPLEMENTED_OFFLINE_VERIFIED,hermes_jev/nervous.py,60-test offline suite + compileall + release checks
50,2. Turn-level Jev admission,WATCH means locally observe the event stream without routinely calling Jev.,T02,Turn arbiter: OFF / WATCH / ON,Phase 1 — foundation,T02-R0050,Primary ownership exactly once; verify through declared seam or explicit gated live receipt.,IMPLEMENTED_OFFLINE_VERIFIED,hermes_jev/nervous.py,60-test offline suite + compileall + release checks
51,2. Turn-level Jev admission,WATCH can promote itself to active supervision when a material decision emerges.,T02,Turn arbiter: OFF / WATCH / ON,Phase 1 — foundation,T02-R0051,Primary ownership exactly once; verify through declared seam or explicit gated live receipt.,IMPLEMENTED_OFFLINE_VERIFIED,hermes_jev/nervous.py,60-test offline suite + compileall + release checks
52,2. Turn-level Jev admission,ON immediately enables active Jev nervous-system supervision.,T02,Turn arbiter: OFF / WATCH / ON,Phase 1 — foundation,T02-R0052,Primary ownership exactly once; verify through declared seam or explicit gated live receipt.,IMPLEMENTED_OFFLINE_VERIFIED,hermes_jev/nervous.py,60-test offline suite + compileall + release checks
53,2. Turn-level Jev admission,Admission decision logged even when result is OFF.,T02,Turn arbiter: OFF / WATCH / ON,Phase 1 — foundation,T02-R0053,Primary ownership exactly once; verify through declared seam or explicit gated live receipt.,IMPLEMENTED_OFFLINE_VERIFIED,hermes_jev/nervous.py,60-test offline suite + compileall + release checks
54,2. Turn-level Jev admission,Admission confidence logged.,T02,Turn arbiter: OFF / WATCH / ON,Phase 1 — foundation,T02-R0054,Primary ownership exactly once; verify through declared seam or explicit gated live receipt.,IMPLEMENTED_OFFLINE_VERIFIED,hermes_jev/nervous.py,60-test offline suite + compileall + release checks
55,2. Turn-level Jev admission,Admission probabilities logged.,T02,Turn arbiter: OFF / WATCH / ON,Phase 1 — foundation,T02-R0055,Primary ownership exactly once; verify through declared seam or explicit gated live receipt.,IMPLEMENTED_OFFLINE_VERIFIED,hermes_jev/nervous.py,60-test offline suite + compileall + release checks
56,2. Turn-level Jev admission,Admission contract/version logged.,T02,Turn arbiter: OFF / WATCH / ON,Phase 1 — foundation,T02-R0056,Primary ownership exactly once; verify through declared seam or explicit gated live receipt.,IMPLEMENTED_OFFLINE_VERIFIED,hermes_jev/nervous.py,60-test offline suite + compileall + release checks
57,2. Turn-level Jev admission,Admission latency logged.,T02,Turn arbiter: OFF / WATCH / ON,Phase 1 — foundation,T02-R0057,Primary ownership exactly once; verify through declared seam or explicit gated live receipt.,IMPLEMENTED_OFFLINE_VERIFIED,hermes_jev/nervous.py,60-test offline suite + compileall + release checks
58,2. Turn-level Jev admission,Admission provider/model provenance logged.,T02,Turn arbiter: OFF / WATCH / ON,Phase 1 — foundation,T02-R0058,Primary ownership exactly once; verify through declared seam or explicit gated live receipt.,IMPLEMENTED_OFFLINE_VERIFIED,hermes_jev/nervous.py,60-test offline suite + compileall + release checks
59,2. Turn-level Jev admission,Admission results become part of later calibration data.,T02,Turn arbiter: OFF / WATCH / ON,Phase 1 — foundation,T02-R0059,Primary ownership exactly once; verify through declared seam or explicit gated live receipt.,IMPLEMENTED_OFFLINE_VERIFIED,hermes_jev/nervous.py,60-test offline suite + compileall + release checks
60,2. Turn-level Jev admission,False-negative turn admission measured.,T02,Turn arbiter: OFF / WATCH / ON,Phase 1 — foundation,T02-R0060,Primary ownership exactly once; verify through declared seam or explicit gated live receipt.,IMPLEMENTED_OFFLINE_VERIFIED,hermes_jev/nervous.py,60-test offline suite + compileall + release checks
61,2. Turn-level Jev admission,False-positive turn admission measured.,T02,Turn arbiter: OFF / WATCH / ON,Phase 1 — foundation,T02-R0061,Primary ownership exactly once; verify through declared seam or explicit gated live receipt.,IMPLEMENTED_OFFLINE_VERIFIED,hermes_jev/nervous.py,60-test offline suite + compileall + release checks
62,2. Turn-level Jev admission,WATCH mode specifically designed to mitigate admission false negatives.,T02,Turn arbiter: OFF / WATCH / ON,Phase 1 — foundation,T02-R0062,Primary ownership exactly once; verify through declared seam or explicit gated live receipt.,IMPLEMENTED_OFFLINE_VERIFIED,hermes_jev/nervous.py,60-test offline suite + compileall + release checks
63,3. Decision-plane model,Explicit internal concept of a decision plane.,T03,Decision-plane and accountability semantics,Phase 1 — foundation,T03-R0063,Primary ownership exactly once; verify through declared seam or explicit gated live receipt.,IMPLEMENTED_OFFLINE_VERIFIED,hermes_jev/router.py,60-test offline suite + compileall + release checks
64,3. Decision-plane model,Decision plane independent from whether the UI interaction looks conversational.,T03,Decision-plane and accountability semantics,Phase 1 — foundation,T03-R0064,Primary ownership exactly once; verify through declared seam or explicit gated live receipt.,IMPLEMENTED_OFFLINE_VERIFIED,hermes_jev/router.py,60-test offline suite + compileall + release checks
65,3. Decision-plane model,Decision plane independent from whether tools are being used.,T03,Decision-plane and accountability semantics,Phase 1 — foundation,T03-R0065,Primary ownership exactly once; verify through declared seam or explicit gated live receipt.,IMPLEMENTED_OFFLINE_VERIFIED,hermes_jev/router.py,60-test offline suite + compileall + release checks
66,3. Decision-plane model,Decision plane independent from whether the assistant is roleplaying.,T03,Decision-plane and accountability semantics,Phase 1 — foundation,T03-R0066,Primary ownership exactly once; verify through declared seam or explicit gated live receipt.,IMPLEMENTED_OFFLINE_VERIFIED,hermes_jev/router.py,60-test offline suite + compileall + release checks
67,3. Decision-plane model,Decision plane independent from whether the user calls something work.,T03,Decision-plane and accountability semantics,Phase 1 — foundation,T03-R0067,Primary ownership exactly once; verify through declared seam or explicit gated live receipt.,IMPLEMENTED_OFFLINE_VERIFIED,hermes_jev/router.py,60-test offline suite + compileall + release checks
68,3. Decision-plane model,Decision plane based primarily on accountability.,T03,Decision-plane and accountability semantics,Phase 1 — foundation,T03-R0068,Primary ownership exactly once; verify through declared seam or explicit gated live receipt.,IMPLEMENTED_OFFLINE_VERIFIED,hermes_jev/router.py,60-test offline suite + compileall + release checks
69,3. Decision-plane model,Accountable decision defined around whether the result matters beyond producing the next conversational turn.,T03,Decision-plane and accountability semantics,Phase 1 — foundation,T03-R0069,Primary ownership exactly once; verify through declared seam or explicit gated live receipt.,IMPLEMENTED_OFFLINE_VERIFIED,hermes_jev/router.py,60-test offline suite + compileall + release checks
70,3. Decision-plane model,Decision must belong to an active objective before becoming normally Jev-eligible.,T03,Decision-plane and accountability semantics,Phase 1 — foundation,T03-R0070,Primary ownership exactly once; verify through declared seam or explicit gated live receipt.,IMPLEMENTED_OFFLINE_VERIFIED,hermes_jev/router.py,60-test offline suite + compileall + release checks
71,3. Decision-plane model,Decision should have materially different alternatives.,T03,Decision-plane and accountability semantics,Phase 1 — foundation,T03-R0071,Primary ownership exactly once; verify through declared seam or explicit gated live receipt.,IMPLEMENTED_OFFLINE_VERIFIED,hermes_jev/router.py,60-test offline suite + compileall + release checks
72,3. Decision-plane model,"Decision should be capable of changing trajectory, outcome, risk, cost, or completion state.",T03,Decision-plane and accountability semantics,Phase 1 — foundation,T03-R0072,Primary ownership exactly once; verify through declared seam or explicit gated live receipt.,IMPLEMENTED_OFFLINE_VERIFIED,hermes_jev/router.py,60-test offline suite + compileall + release checks
73,3. Decision-plane model,Immediate conversational wording choices excluded by default.,T03,Decision-plane and accountability semantics,Phase 1 — foundation,T03-R0073,Primary ownership exactly once; verify through declared seam or explicit gated live receipt.,IMPLEMENTED_OFFLINE_VERIFIED,hermes_jev/router.py,60-test offline suite + compileall + release checks
74,3. Decision-plane model,Fictional character choices excluded by default.,T03,Decision-plane and accountability semantics,Phase 1 — foundation,T03-R0074,Primary ownership exactly once; verify through declared seam or explicit gated live receipt.,IMPLEMENTED_OFFLINE_VERIFIED,hermes_jev/router.py,60-test offline suite + compileall + release checks
75,3. Decision-plane model,Pure stylistic decisions excluded by default.,T03,Decision-plane and accountability semantics,Phase 1 — foundation,T03-R0075,Primary ownership exactly once; verify through declared seam or explicit gated live receipt.,IMPLEMENTED_OFFLINE_VERIFIED,hermes_jev/router.py,60-test offline suite + compileall + release checks
76,3. Decision-plane model,Ordinary conversational responses excluded by default.,T03,Decision-plane and accountability semantics,Phase 1 — foundation,T03-R0076,Primary ownership exactly once; verify through declared seam or explicit gated live receipt.,IMPLEMENTED_OFFLINE_VERIFIED,hermes_jev/router.py,60-test offline suite + compileall + release checks
77,3. Decision-plane model,Material real-world/workflow decisions eligible.,T03,Decision-plane and accountability semantics,Phase 1 — foundation,T03-R0077,Primary ownership exactly once; verify through declared seam or explicit gated live receipt.,IMPLEMENTED_OFFLINE_VERIFIED,hermes_jev/router.py,60-test offline suite + compileall + release checks
78,3. Decision-plane model,Material training/director decisions eligible.,T03,Decision-plane and accountability semantics,Phase 1 — foundation,T03-R0078,Primary ownership exactly once; verify through declared seam or explicit gated live receipt.,IMPLEMENTED_OFFLINE_VERIFIED,hermes_jev/router.py,60-test offline suite + compileall + release checks
79,3. Decision-plane model,Material engineering decisions eligible.,T03,Decision-plane and accountability semantics,Phase 1 — foundation,T03-R0079,Primary ownership exactly once; verify through declared seam or explicit gated live receipt.,IMPLEMENTED_OFFLINE_VERIFIED,hermes_jev/router.py,60-test offline suite + compileall + release checks
80,3. Decision-plane model,Material operational decisions eligible.,T03,Decision-plane and accountability semantics,Phase 1 — foundation,T03-R0080,Primary ownership exactly once; verify through declared seam or explicit gated live receipt.,IMPLEMENTED_OFFLINE_VERIFIED,hermes_jev/router.py,60-test offline suite + compileall + release checks
81,3. Decision-plane model,Material resource decisions eligible.,T03,Decision-plane and accountability semantics,Phase 1 — foundation,T03-R0081,Primary ownership exactly once; verify through declared seam or explicit gated live receipt.,IMPLEMENTED_OFFLINE_VERIFIED,hermes_jev/router.py,60-test offline suite + compileall + release checks
82,3. Decision-plane model,Material recovery decisions eligible.,T03,Decision-plane and accountability semantics,Phase 1 — foundation,T03-R0082,Primary ownership exactly once; verify through declared seam or explicit gated live receipt.,IMPLEMENTED_OFFLINE_VERIFIED,hermes_jev/router.py,60-test offline suite + compileall + release checks
83,3. Decision-plane model,Material completion decisions eligible.,T03,Decision-plane and accountability semantics,Phase 1 — foundation,T03-R0083,Primary ownership exactly once; verify through declared seam or explicit gated live receipt.,IMPLEMENTED_OFFLINE_VERIFIED,hermes_jev/router.py,60-test offline suite + compileall + release checks
84,4. Interaction type separate from decision context,Separate interaction_type from Jev supervision state.,T03,Decision-plane and accountability semantics,Phase 1 — foundation,T03-R0084,Primary ownership exactly once; verify through declared seam or explicit gated live receipt.,IMPLEMENTED_OFFLINE_VERIFIED,hermes_jev/router.py,60-test offline suite + compileall + release checks
85,4. Interaction type separate from decision context,CONVERSATION interaction type.,T03,Decision-plane and accountability semantics,Phase 1 — foundation,T03-R0085,Primary ownership exactly once; verify through declared seam or explicit gated live receipt.,IMPLEMENTED_OFFLINE_VERIFIED,hermes_jev/router.py,60-test offline suite + compileall + release checks
86,4. Interaction type separate from decision context,ROLEPLAY interaction type.,T03,Decision-plane and accountability semantics,Phase 1 — foundation,T03-R0086,Primary ownership exactly once; verify through declared seam or explicit gated live receipt.,IMPLEMENTED_OFFLINE_VERIFIED,hermes_jev/router.py,60-test offline suite + compileall + release checks
87,4. Interaction type separate from decision context,RESEARCH interaction type.,T03,Decision-plane and accountability semantics,Phase 1 — foundation,T03-R0087,Primary ownership exactly once; verify through declared seam or explicit gated live receipt.,IMPLEMENTED_OFFLINE_VERIFIED,hermes_jev/router.py,60-test offline suite + compileall + release checks
88,4. Interaction type separate from decision context,CREATIVE interaction type.,T03,Decision-plane and accountability semantics,Phase 1 — foundation,T03-R0088,Primary ownership exactly once; verify through declared seam or explicit gated live receipt.,IMPLEMENTED_OFFLINE_VERIFIED,hermes_jev/router.py,60-test offline suite + compileall + release checks
89,4. Interaction type separate from decision context,OPERATIONAL interaction type.,T03,Decision-plane and accountability semantics,Phase 1 — foundation,T03-R0089,Primary ownership exactly once; verify through declared seam or explicit gated live receipt.,IMPLEMENTED_OFFLINE_VERIFIED,hermes_jev/router.py,60-test offline suite + compileall + release checks
90,4. Interaction type separate from decision context,Separate decision_context.,T03,Decision-plane and accountability semantics,Phase 1 — foundation,T03-R0090,Primary ownership exactly once; verify through declared seam or explicit gated live receipt.,IMPLEMENTED_OFFLINE_VERIFIED,hermes_jev/router.py,60-test offline suite + compileall + release checks
91,4. Interaction type separate from decision context,NONE decision context.,T03,Decision-plane and accountability semantics,Phase 1 — foundation,T03-R0091,Primary ownership exactly once; verify through declared seam or explicit gated live receipt.,IMPLEMENTED_OFFLINE_VERIFIED,hermes_jev/router.py,60-test offline suite + compileall + release checks
92,4. Interaction type separate from decision context,SIMULATION decision context.,T03,Decision-plane and accountability semantics,Phase 1 — foundation,T03-R0092,Primary ownership exactly once; verify through declared seam or explicit gated live receipt.,IMPLEMENTED_OFFLINE_VERIFIED,hermes_jev/router.py,60-test offline suite + compileall + release checks
93,4. Interaction type separate from decision context,ADVISORY decision context.,T03,Decision-plane and accountability semantics,Phase 1 — foundation,T03-R0093,Primary ownership exactly once; verify through declared seam or explicit gated live receipt.,IMPLEMENTED_OFFLINE_VERIFIED,hermes_jev/router.py,60-test offline suite + compileall + release checks
94,4. Interaction type separate from decision context,WORK decision context.,T03,Decision-plane and accountability semantics,Phase 1 — foundation,T03-R0094,Primary ownership exactly once; verify through declared seam or explicit gated live receipt.,IMPLEMENTED_OFFLINE_VERIFIED,hermes_jev/router.py,60-test offline suite + compileall + release checks
95,4. Interaction type separate from decision context,Potential EXTERNAL/consequential decision context.,T03,Decision-plane and accountability semantics,Phase 1 — foundation,T03-R0095,Primary ownership exactly once; verify through declared seam or explicit gated live receipt.,IMPLEMENTED_OFFLINE_VERIFIED,hermes_jev/router.py,60-test offline suite + compileall + release checks
96,4. Interaction type separate from decision context,Conversational-looking work can still receive decision supervision.,T03,Decision-plane and accountability semantics,Phase 1 — foundation,T03-R0096,Primary ownership exactly once; verify through declared seam or explicit gated live receipt.,IMPLEMENTED_OFFLINE_VERIFIED,hermes_jev/router.py,60-test offline suite + compileall + release checks
97,4. Interaction type separate from decision context,Operational-looking activity can still remain Jev-free if no meaningful decision exists.,T03,Decision-plane and accountability semantics,Phase 1 — foundation,T03-R0097,Primary ownership exactly once; verify through declared seam or explicit gated live receipt.,IMPLEMENTED_OFFLINE_VERIFIED,hermes_jev/router.py,60-test offline suite + compileall + release checks
98,4. Interaction type separate from decision context,Research generally stays outside Jev unless research results control subsequent work.,T03,Decision-plane and accountability semantics,Phase 1 — foundation,T03-R0098,Primary ownership exactly once; verify through declared seam or explicit gated live receipt.,IMPLEMENTED_OFFLINE_VERIFIED,hermes_jev/router.py,60-test offline suite + compileall + release checks
99,4. Interaction type separate from decision context,Brainstorming generally remains Jev-free.,T03,Decision-plane and accountability semantics,Phase 1 — foundation,T03-R0099,Primary ownership exactly once; verify through declared seam or explicit gated live receipt.,IMPLEMENTED_OFFLINE_VERIFIED,hermes_jev/router.py,60-test offline suite + compileall + release checks
100,4. Interaction type separate from decision context,Moving from brainstorming to implementation may create a decision plane.,T03,Decision-plane and accountability semantics,Phase 1 — foundation,T03-R0100,Primary ownership exactly once; verify through declared seam or explicit gated live receipt.,IMPLEMENTED_OFFLINE_VERIFIED,hermes_jev/router.py,60-test offline suite + compileall + release checks
101,4. Interaction type separate from decision context,Read-only activity does not automatically imply Jev supervision.,T03,Decision-plane and accountability semantics,Phase 1 — foundation,T03-R0101,Primary ownership exactly once; verify through declared seam or explicit gated live receipt.,IMPLEMENTED_OFFLINE_VERIFIED,hermes_jev/router.py,60-test offline suite + compileall + release checks
102,4. Interaction type separate from decision context,Tool usage does not automatically imply Jev supervision.,T03,Decision-plane and accountability semantics,Phase 1 — foundation,T03-R0102,Primary ownership exactly once; verify through declared seam or explicit gated live receipt.,IMPLEMENTED_OFFLINE_VERIFIED,hermes_jev/router.py,60-test offline suite + compileall + release checks
103,4. Interaction type separate from decision context,Mutation intent is a strong signal but not sufficient alone.,T03,Decision-plane and accountability semantics,Phase 1 — foundation,T03-R0103,Primary ownership exactly once; verify through declared seam or explicit gated live receipt.,IMPLEMENTED_OFFLINE_VERIFIED,hermes_jev/router.py,60-test offline suite + compileall + release checks
104,4. Interaction type separate from decision context,External-state changes are stronger Jev candidates.,T03,Decision-plane and accountability semantics,Phase 1 — foundation,T03-R0104,Primary ownership exactly once; verify through declared seam or explicit gated live receipt.,IMPLEMENTED_OFFLINE_VERIFIED,hermes_jev/router.py,60-test offline suite + compileall + release checks
105,4. Interaction type separate from decision context,Consequential external-state decisions receive elevated priority.,T03,Decision-plane and accountability semantics,Phase 1 — foundation,T03-R0105,Primary ownership exactly once; verify through declared seam or explicit gated live receipt.,IMPLEMENTED_OFFLINE_VERIFIED,hermes_jev/router.py,60-test offline suite + compileall + release checks
106,5. Roleplay handling,Explicit Actor Plane.,T04,"Roleplay director plane, decision scope, and objective envelope",Phase 1 — foundation,T04-R0106,Primary ownership exactly once; verify through declared seam or explicit gated live receipt.,IMPLEMENTED_OFFLINE_VERIFIED,hermes_jev/schemas.py; hermes_jev/nervous.py,60-test offline suite + compileall + release checks
107,5. Roleplay handling,Explicit Director Plane.,T04,"Roleplay director plane, decision scope, and objective envelope",Phase 1 — foundation,T04-R0107,Primary ownership exactly once; verify through declared seam or explicit gated live receipt.,IMPLEMENTED_OFFLINE_VERIFIED,hermes_jev/schemas.py; hermes_jev/nervous.py,60-test offline suite + compileall + release checks
108,5. Roleplay handling,Roleplay dialogue stays in Actor Plane.,T04,"Roleplay director plane, decision scope, and objective envelope",Phase 1 — foundation,T04-R0108,Primary ownership exactly once; verify through declared seam or explicit gated live receipt.,IMPLEMENTED_OFFLINE_VERIFIED,hermes_jev/schemas.py; hermes_jev/nervous.py,60-test offline suite + compileall + release checks
109,5. Roleplay handling,Actor Plane dialogue does not become Jev decision events.,T04,"Roleplay director plane, decision scope, and objective envelope",Phase 1 — foundation,T04-R0109,Primary ownership exactly once; verify through declared seam or explicit gated live receipt.,IMPLEMENTED_OFFLINE_VERIFIED,hermes_jev/schemas.py; hermes_jev/nervous.py,60-test offline suite + compileall + release checks
110,5. Roleplay handling,Imaginary in-character decisions do not automatically invoke Jev.,T04,"Roleplay director plane, decision scope, and objective envelope",Phase 1 — foundation,T04-R0110,Primary ownership exactly once; verify through declared seam or explicit gated live receipt.,IMPLEMENTED_OFFLINE_VERIFIED,hermes_jev/schemas.py; hermes_jev/nervous.py,60-test offline suite + compileall + release checks
111,5. Roleplay handling,Roleplay transcript not continuously forwarded to Jev.,T04,"Roleplay director plane, decision scope, and objective envelope",Phase 1 — foundation,T04-R0111,Primary ownership exactly once; verify through declared seam or explicit gated live receipt.,IMPLEMENTED_OFFLINE_VERIFIED,hermes_jev/schemas.py; hermes_jev/nervous.py,60-test offline suite + compileall + release checks
112,5. Roleplay handling,Roleplay objectives can maintain a separate Director Plane.,T04,"Roleplay director plane, decision scope, and objective envelope",Phase 1 — foundation,T04-R0112,Primary ownership exactly once; verify through declared seam or explicit gated live receipt.,IMPLEMENTED_OFFLINE_VERIFIED,hermes_jev/schemas.py; hermes_jev/nervous.py,60-test offline suite + compileall + release checks
113,5. Roleplay handling,Director Plane may contain accountable real-world training objectives.,T04,"Roleplay director plane, decision scope, and objective envelope",Phase 1 — foundation,T04-R0113,Primary ownership exactly once; verify through declared seam or explicit gated live receipt.,IMPLEMENTED_OFFLINE_VERIFIED,hermes_jev/schemas.py; hermes_jev/nervous.py,60-test offline suite + compileall + release checks
114,5. Roleplay handling,Director Plane decisions may be Jev-eligible.,T04,"Roleplay director plane, decision scope, and objective envelope",Phase 1 — foundation,T04-R0114,Primary ownership exactly once; verify through declared seam or explicit gated live receipt.,IMPLEMENTED_OFFLINE_VERIFIED,hermes_jev/schemas.py; hermes_jev/nervous.py,60-test offline suite + compileall + release checks
115,5. Roleplay handling,Example director decisions include changing exercise difficulty.,T04,"Roleplay director plane, decision scope, and objective envelope",Phase 1 — foundation,T04-R0115,Primary ownership exactly once; verify through declared seam or explicit gated live receipt.,IMPLEMENTED_OFFLINE_VERIFIED,hermes_jev/schemas.py; hermes_jev/nervous.py,60-test offline suite + compileall + release checks
116,5. Roleplay handling,Example director decisions include switching objection categories.,T04,"Roleplay director plane, decision scope, and objective envelope",Phase 1 — foundation,T04-R0116,Primary ownership exactly once; verify through declared seam or explicit gated live receipt.,IMPLEMENTED_OFFLINE_VERIFIED,hermes_jev/schemas.py; hermes_jev/nervous.py,60-test offline suite + compileall + release checks
117,5. Roleplay handling,Example director decisions include repetition versus advancement.,T04,"Roleplay director plane, decision scope, and objective envelope",Phase 1 — foundation,T04-R0117,Primary ownership exactly once; verify through declared seam or explicit gated live receipt.,IMPLEMENTED_OFFLINE_VERIFIED,hermes_jev/schemas.py; hermes_jev/nervous.py,60-test offline suite + compileall + release checks
118,5. Roleplay handling,Example director decisions include stopping for critique.,T04,"Roleplay director plane, decision scope, and objective envelope",Phase 1 — foundation,T04-R0118,Primary ownership exactly once; verify through declared seam or explicit gated live receipt.,IMPLEMENTED_OFFLINE_VERIFIED,hermes_jev/schemas.py; hermes_jev/nervous.py,60-test offline suite + compileall + release checks
119,5. Roleplay handling,Simulation default Jev policy is off or observation-only.,T04,"Roleplay director plane, decision scope, and objective envelope",Phase 1 — foundation,T04-R0119,Primary ownership exactly once; verify through declared seam or explicit gated live receipt.,IMPLEMENTED_OFFLINE_VERIFIED,hermes_jev/schemas.py; hermes_jev/nervous.py,60-test offline suite + compileall + release checks
120,5. Roleplay handling,Optional simulation policy director_only.,T04,"Roleplay director plane, decision scope, and objective envelope",Phase 1 — foundation,T04-R0120,Primary ownership exactly once; verify through declared seam or explicit gated live receipt.,IMPLEMENTED_OFFLINE_VERIFIED,hermes_jev/schemas.py; hermes_jev/nervous.py,60-test offline suite + compileall + release checks
121,5. Roleplay handling,Roleplay decision scope distinguishable from fictional content.,T04,"Roleplay director plane, decision scope, and objective envelope",Phase 1 — foundation,T04-R0121,Primary ownership exactly once; verify through declared seam or explicit gated live receipt.,IMPLEMENTED_OFFLINE_VERIFIED,hermes_jev/schemas.py; hermes_jev/nervous.py,60-test offline suite + compileall + release checks
122,5. Roleplay handling,Jev never decides what Hermes should literally say next merely because Hermes is speaking.,T04,"Roleplay director plane, decision scope, and objective envelope",Phase 1 — foundation,T04-R0122,Primary ownership exactly once; verify through declared seam or explicit gated live receipt.,IMPLEMENTED_OFFLINE_VERIFIED,hermes_jev/schemas.py; hermes_jev/nervous.py,60-test offline suite + compileall + release checks
123,5. Roleplay handling,Jev supervises real decisions that occur around the roleplay when appropriate.,T04,"Roleplay director plane, decision scope, and objective envelope",Phase 1 — foundation,T04-R0123,Primary ownership exactly once; verify through declared seam or explicit gated live receipt.,IMPLEMENTED_OFFLINE_VERIFIED,hermes_jev/schemas.py; hermes_jev/nervous.py,60-test offline suite + compileall + release checks
124,6. Decision scope metadata,Structured decision_scope.,T04,"Roleplay director plane, decision scope, and objective envelope",Phase 1 — foundation,T04-R0124,Primary ownership exactly once; verify through declared seam or explicit gated live receipt.,IMPLEMENTED_OFFLINE_VERIFIED,hermes_jev/schemas.py; hermes_jev/nervous.py,60-test offline suite + compileall + release checks
125,6. Decision scope metadata,conversation scope.,T04,"Roleplay director plane, decision scope, and objective envelope",Phase 1 — foundation,T04-R0125,Primary ownership exactly once; verify through declared seam or explicit gated live receipt.,IMPLEMENTED_OFFLINE_VERIFIED,hermes_jev/schemas.py; hermes_jev/nervous.py,60-test offline suite + compileall + release checks
126,6. Decision scope metadata,fiction scope.,T04,"Roleplay director plane, decision scope, and objective envelope",Phase 1 — foundation,T04-R0126,Primary ownership exactly once; verify through declared seam or explicit gated live receipt.,IMPLEMENTED_OFFLINE_VERIFIED,hermes_jev/schemas.py; hermes_jev/nervous.py,60-test offline suite + compileall + release checks
127,6. Decision scope metadata,simulation scope.,T04,"Roleplay director plane, decision scope, and objective envelope",Phase 1 — foundation,T04-R0127,Primary ownership exactly once; verify through declared seam or explicit gated live receipt.,IMPLEMENTED_OFFLINE_VERIFIED,hermes_jev/schemas.py; hermes_jev/nervous.py,60-test offline suite + compileall + release checks
128,6. Decision scope metadata,advisory scope.,T04,"Roleplay director plane, decision scope, and objective envelope",Phase 1 — foundation,T04-R0128,Primary ownership exactly once; verify through declared seam or explicit gated live receipt.,IMPLEMENTED_OFFLINE_VERIFIED,hermes_jev/schemas.py; hermes_jev/nervous.py,60-test offline suite + compileall + release checks
129,6. Decision scope metadata,work scope.,T04,"Roleplay director plane, decision scope, and objective envelope",Phase 1 — foundation,T04-R0129,Primary ownership exactly once; verify through declared seam or explicit gated live receipt.,IMPLEMENTED_OFFLINE_VERIFIED,hermes_jev/schemas.py; hermes_jev/nervous.py,60-test offline suite + compileall + release checks
130,6. Decision scope metadata,external scope.,T04,"Roleplay director plane, decision scope, and objective envelope",Phase 1 — foundation,T04-R0130,Primary ownership exactly once; verify through declared seam or explicit gated live receipt.,IMPLEMENTED_OFFLINE_VERIFIED,hermes_jev/schemas.py; hermes_jev/nervous.py,60-test offline suite + compileall + release checks
131,6. Decision scope metadata,Default drop policy for conversation scope.,T04,"Roleplay director plane, decision scope, and objective envelope",Phase 1 — foundation,T04-R0131,Primary ownership exactly once; verify through declared seam or explicit gated live receipt.,IMPLEMENTED_OFFLINE_VERIFIED,hermes_jev/schemas.py; hermes_jev/nervous.py,60-test offline suite + compileall + release checks
132,6. Decision scope metadata,Default drop policy for fiction scope.,T04,"Roleplay director plane, decision scope, and objective envelope",Phase 1 — foundation,T04-R0132,Primary ownership exactly once; verify through declared seam or explicit gated live receipt.,IMPLEMENTED_OFFLINE_VERIFIED,hermes_jev/schemas.py; hermes_jev/nervous.py,60-test offline suite + compileall + release checks
133,6. Decision scope metadata,Default drop or director-only policy for simulation scope.,T04,"Roleplay director plane, decision scope, and objective envelope",Phase 1 — foundation,T04-R0133,Primary ownership exactly once; verify through declared seam or explicit gated live receipt.,IMPLEMENTED_OFFLINE_VERIFIED,hermes_jev/schemas.py; hermes_jev/nervous.py,60-test offline suite + compileall + release checks
134,6. Decision scope metadata,Advisory scope generally quiet unless materially accountable.,T04,"Roleplay director plane, decision scope, and objective envelope",Phase 1 — foundation,T04-R0134,Primary ownership exactly once; verify through declared seam or explicit gated live receipt.,IMPLEMENTED_OFFLINE_VERIFIED,hermes_jev/schemas.py; hermes_jev/nervous.py,60-test offline suite + compileall + release checks
135,6. Decision scope metadata,Work scope normally Jev-eligible.,T04,"Roleplay director plane, decision scope, and objective envelope",Phase 1 — foundation,T04-R0135,Primary ownership exactly once; verify through declared seam or explicit gated live receipt.,IMPLEMENTED_OFFLINE_VERIFIED,hermes_jev/schemas.py; hermes_jev/nervous.py,60-test offline suite + compileall + release checks
136,6. Decision scope metadata,External/consequential scope high priority.,T04,"Roleplay director plane, decision scope, and objective envelope",Phase 1 — foundation,T04-R0136,Primary ownership exactly once; verify through declared seam or explicit gated live receipt.,IMPLEMENTED_OFFLINE_VERIFIED,hermes_jev/schemas.py; hermes_jev/nervous.py,60-test offline suite + compileall + release checks
137,6. Decision scope metadata,Decision scope included in event receipts.,T04,"Roleplay director plane, decision scope, and objective envelope",Phase 1 — foundation,T04-R0137,Primary ownership exactly once; verify through declared seam or explicit gated live receipt.,IMPLEMENTED_OFFLINE_VERIFIED,hermes_jev/schemas.py; hermes_jev/nervous.py,60-test offline suite + compileall + release checks
138,6. Decision scope metadata,Decision scope included in router state.,T04,"Roleplay director plane, decision scope, and objective envelope",Phase 1 — foundation,T04-R0138,Primary ownership exactly once; verify through declared seam or explicit gated live receipt.,IMPLEMENTED_OFFLINE_VERIFIED,hermes_jev/schemas.py; hermes_jev/nervous.py,60-test offline suite + compileall + release checks
139,6. Decision scope metadata,Decision scope usable as a router relevance feature.,T04,"Roleplay director plane, decision scope, and objective envelope",Phase 1 — foundation,T04-R0139,Primary ownership exactly once; verify through declared seam or explicit gated live receipt.,IMPLEMENTED_OFFLINE_VERIFIED,hermes_jev/schemas.py; hermes_jev/nervous.py,60-test offline suite + compileall + release checks
140,7. Objective/work envelope,Persistent structured objective envelope.,T04,"Roleplay director plane, decision scope, and objective envelope",Phase 1 — foundation,T04-R0140,Primary ownership exactly once; verify through declared seam or explicit gated live receipt.,IMPLEMENTED_OFFLINE_VERIFIED,hermes_jev/schemas.py; hermes_jev/nervous.py,60-test offline suite + compileall + release checks
141,7. Objective/work envelope,Earlier Work Envelope generalized beyond literal work.,T04,"Roleplay director plane, decision scope, and objective envelope",Phase 1 — foundation,T04-R0141,Primary ownership exactly once; verify through declared seam or explicit gated live receipt.,IMPLEMENTED_OFFLINE_VERIFIED,hermes_jev/schemas.py; hermes_jev/nervous.py,60-test offline suite + compileall + release checks
142,7. Objective/work envelope,Objective ID.,T04,"Roleplay director plane, decision scope, and objective envelope",Phase 1 — foundation,T04-R0142,Primary ownership exactly once; verify through declared seam or explicit gated live receipt.,IMPLEMENTED_OFFLINE_VERIFIED,hermes_jev/schemas.py; hermes_jev/nervous.py,60-test offline suite + compileall + release checks
143,7. Objective/work envelope,Goal ID.,T04,"Roleplay director plane, decision scope, and objective envelope",Phase 1 — foundation,T04-R0143,Primary ownership exactly once; verify through declared seam or explicit gated live receipt.,IMPLEMENTED_OFFLINE_VERIFIED,hermes_jev/schemas.py; hermes_jev/nervous.py,60-test offline suite + compileall + release checks
144,7. Objective/work envelope,Goal description.,T04,"Roleplay director plane, decision scope, and objective envelope",Phase 1 — foundation,T04-R0144,Primary ownership exactly once; verify through declared seam or explicit gated live receipt.,IMPLEMENTED_OFFLINE_VERIFIED,hermes_jev/schemas.py; hermes_jev/nervous.py,60-test offline suite + compileall + release checks
145,7. Objective/work envelope,Turn ID.,T04,"Roleplay director plane, decision scope, and objective envelope",Phase 1 — foundation,T04-R0145,Primary ownership exactly once; verify through declared seam or explicit gated live receipt.,IMPLEMENTED_OFFLINE_VERIFIED,hermes_jev/schemas.py; hermes_jev/nervous.py,60-test offline suite + compileall + release checks
146,7. Objective/work envelope,Work/session ID where applicable.,T04,"Roleplay director plane, decision scope, and objective envelope",Phase 1 — foundation,T04-R0146,Primary ownership exactly once; verify through declared seam or explicit gated live receipt.,IMPLEMENTED_OFFLINE_VERIFIED,hermes_jev/schemas.py; hermes_jev/nervous.py,60-test offline suite + compileall + release checks
147,7. Objective/work envelope,Done criteria.,T04,"Roleplay director plane, decision scope, and objective envelope",Phase 1 — foundation,T04-R0147,Primary ownership exactly once; verify through declared seam or explicit gated live receipt.,IMPLEMENTED_OFFLINE_VERIFIED,hermes_jev/schemas.py; hermes_jev/nervous.py,60-test offline suite + compileall + release checks
148,7. Objective/work envelope,Current status.,T04,"Roleplay director plane, decision scope, and objective envelope",Phase 1 — foundation,T04-R0148,Primary ownership exactly once; verify through declared seam or explicit gated live receipt.,IMPLEMENTED_OFFLINE_VERIFIED,hermes_jev/schemas.py; hermes_jev/nervous.py,60-test offline suite + compileall + release checks
149,7. Objective/work envelope,Current strategy.,T04,"Roleplay director plane, decision scope, and objective envelope",Phase 1 — foundation,T04-R0149,Primary ownership exactly once; verify through declared seam or explicit gated live receipt.,IMPLEMENTED_OFFLINE_VERIFIED,hermes_jev/schemas.py; hermes_jev/nervous.py,60-test offline suite + compileall + release checks
150,7. Objective/work envelope,Active hypothesis.,T04,"Roleplay director plane, decision scope, and objective envelope",Phase 1 — foundation,T04-R0150,Primary ownership exactly once; verify through declared seam or explicit gated live receipt.,IMPLEMENTED_OFFLINE_VERIFIED,hermes_jev/schemas.py; hermes_jev/nervous.py,60-test offline suite + compileall + release checks
151,7. Objective/work envelope,Decision context.,T04,"Roleplay director plane, decision scope, and objective envelope",Phase 1 — foundation,T04-R0151,Primary ownership exactly once; verify through declared seam or explicit gated live receipt.,IMPLEMENTED_OFFLINE_VERIFIED,hermes_jev/schemas.py; hermes_jev/nervous.py,60-test offline suite + compileall + release checks
152,7. Objective/work envelope,Interaction type.,T04,"Roleplay director plane, decision scope, and objective envelope",Phase 1 — foundation,T04-R0152,Primary ownership exactly once; verify through declared seam or explicit gated live receipt.,IMPLEMENTED_OFFLINE_VERIFIED,hermes_jev/schemas.py; hermes_jev/nervous.py,60-test offline suite + compileall + release checks
153,7. Objective/work envelope,Jev supervision policy.,T04,"Roleplay director plane, decision scope, and objective envelope",Phase 1 — foundation,T04-R0153,Primary ownership exactly once; verify through declared seam or explicit gated live receipt.,IMPLEMENTED_OFFLINE_VERIFIED,hermes_jev/schemas.py; hermes_jev/nervous.py,60-test offline suite + compileall + release checks
154,7. Objective/work envelope,Jev admission result.,T04,"Roleplay director plane, decision scope, and objective envelope",Phase 1 — foundation,T04-R0154,Primary ownership exactly once; verify through declared seam or explicit gated live receipt.,IMPLEMENTED_OFFLINE_VERIFIED,hermes_jev/schemas.py; hermes_jev/nervous.py,60-test offline suite + compileall + release checks
155,7. Objective/work envelope,Jev admission confidence.,T04,"Roleplay director plane, decision scope, and objective envelope",Phase 1 — foundation,T04-R0155,Primary ownership exactly once; verify through declared seam or explicit gated live receipt.,IMPLEMENTED_OFFLINE_VERIFIED,hermes_jev/schemas.py; hermes_jev/nervous.py,60-test offline suite + compileall + release checks
156,7. Objective/work envelope,Allowed/priority event types.,T04,"Roleplay director plane, decision scope, and objective envelope",Phase 1 — foundation,T04-R0156,Primary ownership exactly once; verify through declared seam or explicit gated live receipt.,IMPLEMENTED_OFFLINE_VERIFIED,hermes_jev/schemas.py; hermes_jev/nervous.py,60-test offline suite + compileall + release checks
157,7. Objective/work envelope,Current risk/consequence state.,T04,"Roleplay director plane, decision scope, and objective envelope",Phase 1 — foundation,T04-R0157,Primary ownership exactly once; verify through declared seam or explicit gated live receipt.,IMPLEMENTED_OFFLINE_VERIFIED,hermes_jev/schemas.py; hermes_jev/nervous.py,60-test offline suite + compileall + release checks
158,7. Objective/work envelope,Current reversibility state.,T04,"Roleplay director plane, decision scope, and objective envelope",Phase 1 — foundation,T04-R0158,Primary ownership exactly once; verify through declared seam or explicit gated live receipt.,IMPLEMENTED_OFFLINE_VERIFIED,hermes_jev/schemas.py; hermes_jev/nervous.py,60-test offline suite + compileall + release checks
159,7. Objective/work envelope,Current completion evidence.,T04,"Roleplay director plane, decision scope, and objective envelope",Phase 1 — foundation,T04-R0159,Primary ownership exactly once; verify through declared seam or explicit gated live receipt.,IMPLEMENTED_OFFLINE_VERIFIED,hermes_jev/schemas.py; hermes_jev/nervous.py,60-test offline suite + compileall + release checks
160,7. Objective/work envelope,Active Jev decision/freshness state.,T04,"Roleplay director plane, decision scope, and objective envelope",Phase 1 — foundation,T04-R0160,Primary ownership exactly once; verify through declared seam or explicit gated live receipt.,IMPLEMENTED_OFFLINE_VERIFIED,hermes_jev/schemas.py; hermes_jev/nervous.py,60-test offline suite + compileall + release checks
161,8. Structured event bus,Dedicated jev_event_bus.,T05,Structured Hermes event bus and high-value event taxonomy,Phase 2 — event substrate,T05-R0161,Primary ownership exactly once; verify through declared seam or explicit gated live receipt.,IMPLEMENTED_OFFLINE_VERIFIED,hermes_jev/nervous.py; hermes_jev/schemas.py,60-test offline suite + compileall + release checks
162,8. Structured event bus,Event bus generated by Hermes/runtime internals.,T05,Structured Hermes event bus and high-value event taxonomy,Phase 2 — event substrate,T05-R0162,Primary ownership exactly once; verify through declared seam or explicit gated live receipt.,IMPLEMENTED_OFFLINE_VERIFIED,hermes_jev/nervous.py; hermes_jev/schemas.py,60-test offline suite + compileall + release checks
163,8. Structured event bus,No dependence on parsing arbitrary assistant prose for decisions.,T05,Structured Hermes event bus and high-value event taxonomy,Phase 2 — event substrate,T05-R0163,Primary ownership exactly once; verify through declared seam or explicit gated live receipt.,IMPLEMENTED_OFFLINE_VERIFIED,hermes_jev/nervous.py; hermes_jev/schemas.py,60-test offline suite + compileall + release checks
164,8. Structured event bus,No scan-generated-text-and-guess-whether-a-decision-happened architecture.,T05,Structured Hermes event bus and high-value event taxonomy,Phase 2 — event substrate,T05-R0164,Primary ownership exactly once; verify through declared seam or explicit gated live receipt.,IMPLEMENTED_OFFLINE_VERIFIED,hermes_jev/nervous.py; hermes_jev/schemas.py,60-test offline suite + compileall + release checks
165,8. Structured event bus,Decision event generation independent from model voluntarily remembering to call Jev.,T05,Structured Hermes event bus and high-value event taxonomy,Phase 2 — event substrate,T05-R0165,Primary ownership exactly once; verify through declared seam or explicit gated live receipt.,IMPLEMENTED_OFFLINE_VERIFIED,hermes_jev/nervous.py; hermes_jev/schemas.py,60-test offline suite + compileall + release checks
166,8. Structured event bus,Runtime-generated structured events.,T05,Structured Hermes event bus and high-value event taxonomy,Phase 2 — event substrate,T05-R0166,Primary ownership exactly once; verify through declared seam or explicit gated live receipt.,IMPLEMENTED_OFFLINE_VERIFIED,hermes_jev/nervous.py; hermes_jev/schemas.py,60-test offline suite + compileall + release checks
167,8. Structured event bus,Automatic structured event emission.,T05,Structured Hermes event bus and high-value event taxonomy,Phase 2 — event substrate,T05-R0167,Primary ownership exactly once; verify through declared seam or explicit gated live receipt.,IMPLEMENTED_OFFLINE_VERIFIED,hermes_jev/nervous.py; hermes_jev/schemas.py,60-test offline suite + compileall + release checks
168,8. Structured event bus,Events associated with turn_id.,T05,Structured Hermes event bus and high-value event taxonomy,Phase 2 — event substrate,T05-R0168,Primary ownership exactly once; verify through declared seam or explicit gated live receipt.,IMPLEMENTED_OFFLINE_VERIFIED,hermes_jev/nervous.py; hermes_jev/schemas.py,60-test offline suite + compileall + release checks
169,8. Structured event bus,Events associated with objective/work IDs.,T05,Structured Hermes event bus and high-value event taxonomy,Phase 2 — event substrate,T05-R0169,Primary ownership exactly once; verify through declared seam or explicit gated live receipt.,IMPLEMENTED_OFFLINE_VERIFIED,hermes_jev/nervous.py; hermes_jev/schemas.py,60-test offline suite + compileall + release checks
170,8. Structured event bus,Events associated with decision IDs when applicable.,T05,Structured Hermes event bus and high-value event taxonomy,Phase 2 — event substrate,T05-R0170,Primary ownership exactly once; verify through declared seam or explicit gated live receipt.,IMPLEMENTED_OFFLINE_VERIFIED,hermes_jev/nervous.py; hermes_jev/schemas.py,60-test offline suite + compileall + release checks
171,8. Structured event bus,Events sequenced/versioned.,T05,Structured Hermes event bus and high-value event taxonomy,Phase 2 — event substrate,T05-R0171,Primary ownership exactly once; verify through declared seam or explicit gated live receipt.,IMPLEMENTED_OFFLINE_VERIFIED,hermes_jev/nervous.py; hermes_jev/schemas.py,60-test offline suite + compileall + release checks
172,8. Structured event bus,Event timestamps.,T05,Structured Hermes event bus and high-value event taxonomy,Phase 2 — event substrate,T05-R0172,Primary ownership exactly once; verify through declared seam or explicit gated live receipt.,IMPLEMENTED_OFFLINE_VERIFIED,hermes_jev/nervous.py; hermes_jev/schemas.py,60-test offline suite + compileall + release checks
173,8. Structured event bus,Event state provenance.,T05,Structured Hermes event bus and high-value event taxonomy,Phase 2 — event substrate,T05-R0173,Primary ownership exactly once; verify through declared seam or explicit gated live receipt.,IMPLEMENTED_OFFLINE_VERIFIED,hermes_jev/nervous.py; hermes_jev/schemas.py,60-test offline suite + compileall + release checks
174,8. Structured event bus,Events feed local router regardless of whether they reach remote Jev.,T05,Structured Hermes event bus and high-value event taxonomy,Phase 2 — event substrate,T05-R0174,Primary ownership exactly once; verify through declared seam or explicit gated live receipt.,IMPLEMENTED_OFFLINE_VERIFIED,hermes_jev/nervous.py; hermes_jev/schemas.py,60-test offline suite + compileall + release checks
175,8. Structured event bus,Full event stream can remain local.,T05,Structured Hermes event bus and high-value event taxonomy,Phase 2 — event substrate,T05-R0175,Primary ownership exactly once; verify through declared seam or explicit gated live receipt.,IMPLEMENTED_OFFLINE_VERIFIED,hermes_jev/nervous.py; hermes_jev/schemas.py,60-test offline suite + compileall + release checks
176,8. Structured event bus,Only selected consolidated events forwarded to Jev.,T05,Structured Hermes event bus and high-value event taxonomy,Phase 2 — event substrate,T05-R0176,Primary ownership exactly once; verify through declared seam or explicit gated live receipt.,IMPLEMENTED_OFFLINE_VERIFIED,hermes_jev/nervous.py; hermes_jev/schemas.py,60-test offline suite + compileall + release checks
177,9. Event types discussed,DECISION event.,T05,Structured Hermes event bus and high-value event taxonomy,Phase 2 — event substrate,T05-R0177,Primary ownership exactly once; verify through declared seam or explicit gated live receipt.,IMPLEMENTED_OFFLINE_VERIFIED,hermes_jev/nervous.py; hermes_jev/schemas.py,60-test offline suite + compileall + release checks
178,9. Event types discussed,COMPLETION event.,T05,Structured Hermes event bus and high-value event taxonomy,Phase 2 — event substrate,T05-R0178,Primary ownership exactly once; verify through declared seam or explicit gated live receipt.,IMPLEMENTED_OFFLINE_VERIFIED,hermes_jev/nervous.py; hermes_jev/schemas.py,60-test offline suite + compileall + release checks
179,9. Event types discussed,FAILURE event.,T05,Structured Hermes event bus and high-value event taxonomy,Phase 2 — event substrate,T05-R0179,Primary ownership exactly once; verify through declared seam or explicit gated live receipt.,IMPLEMENTED_OFFLINE_VERIFIED,hermes_jev/nervous.py; hermes_jev/schemas.py,60-test offline suite + compileall + release checks
180,9. Event types discussed,TOOL_STARTED event.,T05,Structured Hermes event bus and high-value event taxonomy,Phase 2 — event substrate,T05-R0180,Primary ownership exactly once; verify through declared seam or explicit gated live receipt.,IMPLEMENTED_OFFLINE_VERIFIED,hermes_jev/nervous.py; hermes_jev/schemas.py,60-test offline suite + compileall + release checks
181,9. Event types discussed,TOOL_FINISHED event.,T05,Structured Hermes event bus and high-value event taxonomy,Phase 2 — event substrate,T05-R0181,Primary ownership exactly once; verify through declared seam or explicit gated live receipt.,IMPLEMENTED_OFFLINE_VERIFIED,hermes_jev/nervous.py; hermes_jev/schemas.py,60-test offline suite + compileall + release checks
182,9. Event types discussed,OBSERVATION event.,T05,Structured Hermes event bus and high-value event taxonomy,Phase 2 — event substrate,T05-R0182,Primary ownership exactly once; verify through declared seam or explicit gated live receipt.,IMPLEMENTED_OFFLINE_VERIFIED,hermes_jev/nervous.py; hermes_jev/schemas.py,60-test offline suite + compileall + release checks
183,9. Event types discussed,HYPOTHESIS event.,T05,Structured Hermes event bus and high-value event taxonomy,Phase 2 — event substrate,T05-R0183,Primary ownership exactly once; verify through declared seam or explicit gated live receipt.,IMPLEMENTED_OFFLINE_VERIFIED,hermes_jev/nervous.py; hermes_jev/schemas.py,60-test offline suite + compileall + release checks
184,9. Event types discussed,RETRY event.,T05,Structured Hermes event bus and high-value event taxonomy,Phase 2 — event substrate,T05-R0184,Primary ownership exactly once; verify through declared seam or explicit gated live receipt.,IMPLEMENTED_OFFLINE_VERIFIED,hermes_jev/nervous.py; hermes_jev/schemas.py,60-test offline suite + compileall + release checks
185,9. Event types discussed,PLAN_CHANGE event.,T05,Structured Hermes event bus and high-value event taxonomy,Phase 2 — event substrate,T05-R0185,Primary ownership exactly once; verify through declared seam or explicit gated live receipt.,IMPLEMENTED_OFFLINE_VERIFIED,hermes_jev/nervous.py; hermes_jev/schemas.py,60-test offline suite + compileall + release checks
186,9. Event types discussed,WORKER_SPAWN event.,T05,Structured Hermes event bus and high-value event taxonomy,Phase 2 — event substrate,T05-R0186,Primary ownership exactly once; verify through declared seam or explicit gated live receipt.,IMPLEMENTED_OFFLINE_VERIFIED,hermes_jev/nervous.py; hermes_jev/schemas.py,60-test offline suite + compileall + release checks
187,9. Event types discussed,CHECKPOINT event.,T05,Structured Hermes event bus and high-value event taxonomy,Phase 2 — event substrate,T05-R0187,Primary ownership exactly once; verify through declared seam or explicit gated live receipt.,IMPLEMENTED_OFFLINE_VERIFIED,hermes_jev/nervous.py; hermes_jev/schemas.py,60-test offline suite + compileall + release checks
188,9. Event types discussed,COMPLETION_CANDIDATE event.,T05,Structured Hermes event bus and high-value event taxonomy,Phase 2 — event substrate,T05-R0188,Primary ownership exactly once; verify through declared seam or explicit gated live receipt.,IMPLEMENTED_OFFLINE_VERIFIED,hermes_jev/nervous.py; hermes_jev/schemas.py,60-test offline suite + compileall + release checks
189,9. Event types discussed,RECOVERY event.,T05,Structured Hermes event bus and high-value event taxonomy,Phase 2 — event substrate,T05-R0189,Primary ownership exactly once; verify through declared seam or explicit gated live receipt.,IMPLEMENTED_OFFLINE_VERIFIED,hermes_jev/nervous.py; hermes_jev/schemas.py,60-test offline suite + compileall + release checks
190,9. Event types discussed,MUTATION_INTENT event.,T05,Structured Hermes event bus and high-value event taxonomy,Phase 2 — event substrate,T05-R0190,Primary ownership exactly once; verify through declared seam or explicit gated live receipt.,IMPLEMENTED_OFFLINE_VERIFIED,hermes_jev/nervous.py; hermes_jev/schemas.py,60-test offline suite + compileall + release checks
191,9. Event types discussed,CONSEQUENTIAL_ACTION event.,T05,Structured Hermes event bus and high-value event taxonomy,Phase 2 — event substrate,T05-R0191,Primary ownership exactly once; verify through declared seam or explicit gated live receipt.,IMPLEMENTED_OFFLINE_VERIFIED,hermes_jev/nervous.py; hermes_jev/schemas.py,60-test offline suite + compileall + release checks
192,9. Event types discussed,STRATEGY_CHANGE event.,T05,Structured Hermes event bus and high-value event taxonomy,Phase 2 — event substrate,T05-R0192,Primary ownership exactly once; verify through declared seam or explicit gated live receipt.,IMPLEMENTED_OFFLINE_VERIFIED,hermes_jev/nervous.py; hermes_jev/schemas.py,60-test offline suite + compileall + release checks
193,9. Event types discussed,REPEATED_FAILURE event.,T05,Structured Hermes event bus and high-value event taxonomy,Phase 2 — event substrate,T05-R0193,Primary ownership exactly once; verify through declared seam or explicit gated live receipt.,IMPLEMENTED_OFFLINE_VERIFIED,hermes_jev/nervous.py; hermes_jev/schemas.py,60-test offline suite + compileall + release checks
194,9. Event types discussed,HUMAN_ESCALATION event.,T05,Structured Hermes event bus and high-value event taxonomy,Phase 2 — event substrate,T05-R0194,Primary ownership exactly once; verify through declared seam or explicit gated live receipt.,IMPLEMENTED_OFFLINE_VERIFIED,hermes_jev/nervous.py; hermes_jev/schemas.py,60-test offline suite + compileall + release checks
195,9. Event types discussed,IRREVERSIBLE_ACTION event.,T05,Structured Hermes event bus and high-value event taxonomy,Phase 2 — event substrate,T05-R0195,Primary ownership exactly once; verify through declared seam or explicit gated live receipt.,IMPLEMENTED_OFFLINE_VERIFIED,hermes_jev/nervous.py; hermes_jev/schemas.py,60-test offline suite + compileall + release checks
196,9. Event types discussed,HIGH_MATERIALITY_DECISION event.,T05,Structured Hermes event bus and high-value event taxonomy,Phase 2 — event substrate,T05-R0196,Primary ownership exactly once; verify through declared seam or explicit gated live receipt.,IMPLEMENTED_OFFLINE_VERIFIED,hermes_jev/nervous.py; hermes_jev/schemas.py,60-test offline suite + compileall + release checks
197,9. Event types discussed,TURN_COMPLETE event.,T05,Structured Hermes event bus and high-value event taxonomy,Phase 2 — event substrate,T05-R0197,Primary ownership exactly once; verify through declared seam or explicit gated live receipt.,IMPLEMENTED_OFFLINE_VERIFIED,hermes_jev/nervous.py; hermes_jev/schemas.py,60-test offline suite + compileall + release checks
198,9. Event types discussed,Potential WORK_BEGIN/objective-start event.,T05,Structured Hermes event bus and high-value event taxonomy,Phase 2 — event substrate,T05-R0198,Primary ownership exactly once; verify through declared seam or explicit gated live receipt.,IMPLEMENTED_OFFLINE_VERIFIED,hermes_jev/nervous.py; hermes_jev/schemas.py,60-test offline suite + compileall + release checks
199,9. Event types discussed,Potential state-update events for router accumulation.,T05,Structured Hermes event bus and high-value event taxonomy,Phase 2 — event substrate,T05-R0199,Primary ownership exactly once; verify through declared seam or explicit gated live receipt.,IMPLEMENTED_OFFLINE_VERIFIED,hermes_jev/nervous.py; hermes_jev/schemas.py,60-test offline suite + compileall + release checks
200,9. Event types discussed,Potential Jev-challenge receipt events.,T05,Structured Hermes event bus and high-value event taxonomy,Phase 2 — event substrate,T05-R0200,Primary ownership exactly once; verify through declared seam or explicit gated live receipt.,IMPLEMENTED_OFFLINE_VERIFIED,hermes_jev/nervous.py; hermes_jev/schemas.py,60-test offline suite + compileall + release checks
201,10. High-value Jev decision categories,STRATEGY category.,T05,Structured Hermes event bus and high-value event taxonomy,Phase 2 — event substrate,T05-R0201,Primary ownership exactly once; verify through declared seam or explicit gated live receipt.,IMPLEMENTED_OFFLINE_VERIFIED,hermes_jev/nervous.py; hermes_jev/schemas.py,60-test offline suite + compileall + release checks
202,10. High-value Jev decision categories,ROUTING category.,T05,Structured Hermes event bus and high-value event taxonomy,Phase 2 — event substrate,T05-R0202,Primary ownership exactly once; verify through declared seam or explicit gated live receipt.,IMPLEMENTED_OFFLINE_VERIFIED,hermes_jev/nervous.py; hermes_jev/schemas.py,60-test offline suite + compileall + release checks
203,10. High-value Jev decision categories,RECOVERY category.,T05,Structured Hermes event bus and high-value event taxonomy,Phase 2 — event substrate,T05-R0203,Primary ownership exactly once; verify through declared seam or explicit gated live receipt.,IMPLEMENTED_OFFLINE_VERIFIED,hermes_jev/nervous.py; hermes_jev/schemas.py,60-test offline suite + compileall + release checks
204,10. High-value Jev decision categories,COMPLETION category.,T05,Structured Hermes event bus and high-value event taxonomy,Phase 2 — event substrate,T05-R0204,Primary ownership exactly once; verify through declared seam or explicit gated live receipt.,IMPLEMENTED_OFFLINE_VERIFIED,hermes_jev/nervous.py; hermes_jev/schemas.py,60-test offline suite + compileall + release checks
205,10. High-value Jev decision categories,COMMIT category.,T05,Structured Hermes event bus and high-value event taxonomy,Phase 2 — event substrate,T05-R0205,Primary ownership exactly once; verify through declared seam or explicit gated live receipt.,IMPLEMENTED_OFFLINE_VERIFIED,hermes_jev/nervous.py; hermes_jev/schemas.py,60-test offline suite + compileall + release checks
206,10. High-value Jev decision categories,PRIORITIZATION category.,T05,Structured Hermes event bus and high-value event taxonomy,Phase 2 — event substrate,T05-R0206,Primary ownership exactly once; verify through declared seam or explicit gated live receipt.,IMPLEMENTED_OFFLINE_VERIFIED,hermes_jev/nervous.py; hermes_jev/schemas.py,60-test offline suite + compileall + release checks
207,10. High-value Jev decision categories,Resource allocation.,T05,Structured Hermes event bus and high-value event taxonomy,Phase 2 — event substrate,T05-R0207,Primary ownership exactly once; verify through declared seam or explicit gated live receipt.,IMPLEMENTED_OFFLINE_VERIFIED,hermes_jev/nervous.py; hermes_jev/schemas.py,60-test offline suite + compileall + release checks
208,10. High-value Jev decision categories,Worker selection.,T05,Structured Hermes event bus and high-value event taxonomy,Phase 2 — event substrate,T05-R0208,Primary ownership exactly once; verify through declared seam or explicit gated live receipt.,IMPLEMENTED_OFFLINE_VERIFIED,hermes_jev/nervous.py; hermes_jev/schemas.py,60-test offline suite + compileall + release checks
209,10. High-value Jev decision categories,Tool selection.,T05,Structured Hermes event bus and high-value event taxonomy,Phase 2 — event substrate,T05-R0209,Primary ownership exactly once; verify through declared seam or explicit gated live receipt.,IMPLEMENTED_OFFLINE_VERIFIED,hermes_jev/nervous.py; hermes_jev/schemas.py,60-test offline suite + compileall + release checks
210,10. High-value Jev decision categories,Tool-family selection.,T05,Structured Hermes event bus and high-value event taxonomy,Phase 2 — event substrate,T05-R0210,Primary ownership exactly once; verify through declared seam or explicit gated live receipt.,IMPLEMENTED_OFFLINE_VERIFIED,hermes_jev/nervous.py; hermes_jev/schemas.py,60-test offline suite + compileall + release checks
211,10. High-value Jev decision categories,Local-machine versus remote-worker selection.,T05,Structured Hermes event bus and high-value event taxonomy,Phase 2 — event substrate,T05-R0211,Primary ownership exactly once; verify through declared seam or explicit gated live receipt.,IMPLEMENTED_OFFLINE_VERIFIED,hermes_jev/nervous.py; hermes_jev/schemas.py,60-test offline suite + compileall + release checks
212,10. High-value Jev decision categories,Model/provider selection when materially consequential.,T05,Structured Hermes event bus and high-value event taxonomy,Phase 2 — event substrate,T05-R0212,Primary ownership exactly once; verify through declared seam or explicit gated live receipt.,IMPLEMENTED_OFFLINE_VERIFIED,hermes_jev/nervous.py; hermes_jev/schemas.py,60-test offline suite + compileall + release checks
213,10. High-value Jev decision categories,Retry versus replan.,T05,Structured Hermes event bus and high-value event taxonomy,Phase 2 — event substrate,T05-R0213,Primary ownership exactly once; verify through declared seam or explicit gated live receipt.,IMPLEMENTED_OFFLINE_VERIFIED,hermes_jev/nervous.py; hermes_jev/schemas.py,60-test offline suite + compileall + release checks
214,10. High-value Jev decision categories,Retry versus gather-more-evidence.,T05,Structured Hermes event bus and high-value event taxonomy,Phase 2 — event substrate,T05-R0214,Primary ownership exactly once; verify through declared seam or explicit gated live receipt.,IMPLEMENTED_OFFLINE_VERIFIED,hermes_jev/nervous.py; hermes_jev/schemas.py,60-test offline suite + compileall + release checks
215,10. High-value Jev decision categories,Retry versus escalation.,T05,Structured Hermes event bus and high-value event taxonomy,Phase 2 — event substrate,T05-R0215,Primary ownership exactly once; verify through declared seam or explicit gated live receipt.,IMPLEMENTED_OFFLINE_VERIFIED,hermes_jev/nervous.py; hermes_jev/schemas.py,60-test offline suite + compileall + release checks
216,10. High-value Jev decision categories,Replan versus escalation.,T05,Structured Hermes event bus and high-value event taxonomy,Phase 2 — event substrate,T05-R0216,Primary ownership exactly once; verify through declared seam or explicit gated live receipt.,IMPLEMENTED_OFFLINE_VERIFIED,hermes_jev/nervous.py; hermes_jev/schemas.py,60-test offline suite + compileall + release checks
217,10. High-value Jev decision categories,Rollback decisions.,T05,Structured Hermes event bus and high-value event taxonomy,Phase 2 — event substrate,T05-R0217,Primary ownership exactly once; verify through declared seam or explicit gated live receipt.,IMPLEMENTED_OFFLINE_VERIFIED,hermes_jev/nervous.py; hermes_jev/schemas.py,60-test offline suite + compileall + release checks
218,10. High-value Jev decision categories,Hypothesis selection.,T05,Structured Hermes event bus and high-value event taxonomy,Phase 2 — event substrate,T05-R0218,Primary ownership exactly once; verify through declared seam or explicit gated live receipt.,IMPLEMENTED_OFFLINE_VERIFIED,hermes_jev/nervous.py; hermes_jev/schemas.py,60-test offline suite + compileall + release checks
219,10. High-value Jev decision categories,Remediation-path selection.,T05,Structured Hermes event bus and high-value event taxonomy,Phase 2 — event substrate,T05-R0219,Primary ownership exactly once; verify through declared seam or explicit gated live receipt.,IMPLEMENTED_OFFLINE_VERIFIED,hermes_jev/nervous.py; hermes_jev/schemas.py,60-test offline suite + compileall + release checks
220,10. High-value Jev decision categories,Whether more evidence is required.,T05,Structured Hermes event bus and high-value event taxonomy,Phase 2 — event substrate,T05-R0220,Primary ownership exactly once; verify through declared seam or explicit gated live receipt.,IMPLEMENTED_OFFLINE_VERIFIED,hermes_jev/nervous.py; hermes_jev/schemas.py,60-test offline suite + compileall + release checks
221,10. High-value Jev decision categories,Whether human input is genuinely required.,T05,Structured Hermes event bus and high-value event taxonomy,Phase 2 — event substrate,T05-R0221,Primary ownership exactly once; verify through declared seam or explicit gated live receipt.,IMPLEMENTED_OFFLINE_VERIFIED,hermes_jev/nervous.py; hermes_jev/schemas.py,60-test offline suite + compileall + release checks
222,10. High-value Jev decision categories,Whether a task is actually complete.,T05,Structured Hermes event bus and high-value event taxonomy,Phase 2 — event substrate,T05-R0222,Primary ownership exactly once; verify through declared seam or explicit gated live receipt.,IMPLEMENTED_OFFLINE_VERIFIED,hermes_jev/nervous.py; hermes_jev/schemas.py,60-test offline suite + compileall + release checks
223,10. High-value Jev decision categories,Whether an expensive additional action is justified.,T05,Structured Hermes event bus and high-value event taxonomy,Phase 2 — event substrate,T05-R0223,Primary ownership exactly once; verify through declared seam or explicit gated live receipt.,IMPLEMENTED_OFFLINE_VERIFIED,hermes_jev/nervous.py; hermes_jev/schemas.py,60-test offline suite + compileall + release checks
224,10. High-value Jev decision categories,Which candidate merits deeper investigation.,T05,Structured Hermes event bus and high-value event taxonomy,Phase 2 — event substrate,T05-R0224,Primary ownership exactly once; verify through declared seam or explicit gated live receipt.,IMPLEMENTED_OFFLINE_VERIFIED,hermes_jev/nervous.py; hermes_jev/schemas.py,60-test offline suite + compileall + release checks
225,10. High-value Jev decision categories,Which project/work item receives resources next.,T05,Structured Hermes event bus and high-value event taxonomy,Phase 2 — event substrate,T05-R0225,Primary ownership exactly once; verify through declared seam or explicit gated live receipt.,IMPLEMENTED_OFFLINE_VERIFIED,hermes_jev/nervous.py; hermes_jev/schemas.py,60-test offline suite + compileall + release checks
226,10. High-value Jev decision categories,Which implementation approach should be pursued.,T05,Structured Hermes event bus and high-value event taxonomy,Phase 2 — event substrate,T05-R0226,Primary ownership exactly once; verify through declared seam or explicit gated live receipt.,IMPLEMENTED_OFFLINE_VERIFIED,hermes_jev/nervous.py; hermes_jev/schemas.py,60-test offline suite + compileall + release checks
227,10. High-value Jev decision categories,Which recovery branch should be pursued.,T05,Structured Hermes event bus and high-value event taxonomy,Phase 2 — event substrate,T05-R0227,Primary ownership exactly once; verify through declared seam or explicit gated live receipt.,IMPLEMENTED_OFFLINE_VERIFIED,hermes_jev/nervous.py; hermes_jev/schemas.py,60-test offline suite + compileall + release checks
228,11. Hermes decision included in original event,Hermes’s proposed decision embedded in the original structured event.,T06,Decision request schema with Hermes proposal embedded,Phase 2 — event substrate,T06-R0228,Primary ownership exactly once; verify through declared seam or explicit gated live receipt.,IMPLEMENTED_OFFLINE_VERIFIED,hermes_jev/schemas.py; hermes_jev/nervous.py,60-test offline suite + compileall + release checks
229,11. Hermes decision included in original event,No second request asking Hermes what decision did you make.,T06,Decision request schema with Hermes proposal embedded,Phase 2 — event substrate,T06-R0229,Primary ownership exactly once; verify through declared seam or explicit gated live receipt.,IMPLEMENTED_OFFLINE_VERIFIED,hermes_jev/schemas.py; hermes_jev/nervous.py,60-test offline suite + compileall + release checks
230,11. Hermes decision included in original event,hermes_decision field.,T06,Decision request schema with Hermes proposal embedded,Phase 2 — event substrate,T06-R0230,Primary ownership exactly once; verify through declared seam or explicit gated live receipt.,IMPLEMENTED_OFFLINE_VERIFIED,hermes_jev/schemas.py; hermes_jev/nervous.py,60-test offline suite + compileall + release checks
231,11. Hermes decision included in original event,Candidate choices included with the event.,T06,Decision request schema with Hermes proposal embedded,Phase 2 — event substrate,T06-R0231,Primary ownership exactly once; verify through declared seam or explicit gated live receipt.,IMPLEMENTED_OFFLINE_VERIFIED,hermes_jev/schemas.py; hermes_jev/nervous.py,60-test offline suite + compileall + release checks
232,11. Hermes decision included in original event,Hermes reason summary optionally included.,T06,Decision request schema with Hermes proposal embedded,Phase 2 — event substrate,T06-R0232,Primary ownership exactly once; verify through declared seam or explicit gated live receipt.,IMPLEMENTED_OFFLINE_VERIFIED,hermes_jev/schemas.py; hermes_jev/nervous.py,60-test offline suite + compileall + release checks
233,11. Hermes decision included in original event,Relevant evidence included.,T06,Decision request schema with Hermes proposal embedded,Phase 2 — event substrate,T06-R0233,Primary ownership exactly once; verify through declared seam or explicit gated live receipt.,IMPLEMENTED_OFFLINE_VERIFIED,hermes_jev/schemas.py; hermes_jev/nervous.py,60-test offline suite + compileall + release checks
234,11. Hermes decision included in original event,Relevant state included.,T06,Decision request schema with Hermes proposal embedded,Phase 2 — event substrate,T06-R0234,Primary ownership exactly once; verify through declared seam or explicit gated live receipt.,IMPLEMENTED_OFFLINE_VERIFIED,hermes_jev/schemas.py; hermes_jev/nervous.py,60-test offline suite + compileall + release checks
235,11. Hermes decision included in original event,Materiality included.,T06,Decision request schema with Hermes proposal embedded,Phase 2 — event substrate,T06-R0235,Primary ownership exactly once; verify through declared seam or explicit gated live receipt.,IMPLEMENTED_OFFLINE_VERIFIED,hermes_jev/schemas.py; hermes_jev/nervous.py,60-test offline suite + compileall + release checks
236,11. Hermes decision included in original event,Reversibility included.,T06,Decision request schema with Hermes proposal embedded,Phase 2 — event substrate,T06-R0236,Primary ownership exactly once; verify through declared seam or explicit gated live receipt.,IMPLEMENTED_OFFLINE_VERIFIED,hermes_jev/schemas.py; hermes_jev/nervous.py,60-test offline suite + compileall + release checks
237,11. Hermes decision included in original event,Objective included.,T06,Decision request schema with Hermes proposal embedded,Phase 2 — event substrate,T06-R0237,Primary ownership exactly once; verify through declared seam or explicit gated live receipt.,IMPLEMENTED_OFFLINE_VERIFIED,hermes_jev/schemas.py; hermes_jev/nervous.py,60-test offline suite + compileall + release checks
238,11. Hermes decision included in original event,State version included.,T06,Decision request schema with Hermes proposal embedded,Phase 2 — event substrate,T06-R0238,Primary ownership exactly once; verify through declared seam or explicit gated live receipt.,IMPLEMENTED_OFFLINE_VERIFIED,hermes_jev/schemas.py; hermes_jev/nervous.py,60-test offline suite + compileall + release checks
239,11. Hermes decision included in original event,Decision version included.,T06,Decision request schema with Hermes proposal embedded,Phase 2 — event substrate,T06-R0239,Primary ownership exactly once; verify through declared seam or explicit gated live receipt.,IMPLEMENTED_OFFLINE_VERIFIED,hermes_jev/schemas.py; hermes_jev/nervous.py,60-test offline suite + compileall + release checks
240,11. Hermes decision included in original event,Jev evaluates the decision Hermes has already proposed.,T06,Decision request schema with Hermes proposal embedded,Phase 2 — event substrate,T06-R0240,Primary ownership exactly once; verify through declared seam or explicit gated live receipt.,IMPLEMENTED_OFFLINE_VERIFIED,hermes_jev/schemas.py; hermes_jev/nervous.py,60-test offline suite + compileall + release checks
241,11. Hermes decision included in original event,Agreement can be detected without another Hermes round trip.,T06,Decision request schema with Hermes proposal embedded,Phase 2 — event substrate,T06-R0241,Primary ownership exactly once; verify through declared seam or explicit gated live receipt.,IMPLEMENTED_OFFLINE_VERIFIED,hermes_jev/schemas.py; hermes_jev/nervous.py,60-test offline suite + compileall + release checks
242,11. Hermes decision included in original event,Disagreement can be detected without another Hermes round trip.,T06,Decision request schema with Hermes proposal embedded,Phase 2 — event substrate,T06-R0242,Primary ownership exactly once; verify through declared seam or explicit gated live receipt.,IMPLEMENTED_OFFLINE_VERIFIED,hermes_jev/schemas.py; hermes_jev/nervous.py,60-test offline suite + compileall + release checks
243,12. Example structured decision metadata to retain,event_id.,T06,Decision request schema with Hermes proposal embedded,Phase 2 — event substrate,T06-R0243,Primary ownership exactly once; verify through declared seam or explicit gated live receipt.,IMPLEMENTED_OFFLINE_VERIFIED,hermes_jev/schemas.py; hermes_jev/nervous.py,60-test offline suite + compileall + release checks
244,12. Example structured decision metadata to retain,turn_id.,T06,Decision request schema with Hermes proposal embedded,Phase 2 — event substrate,T06-R0244,Primary ownership exactly once; verify through declared seam or explicit gated live receipt.,IMPLEMENTED_OFFLINE_VERIFIED,hermes_jev/schemas.py; hermes_jev/nervous.py,60-test offline suite + compileall + release checks
245,12. Example structured decision metadata to retain,work_session_id/objective ID.,T06,Decision request schema with Hermes proposal embedded,Phase 2 — event substrate,T06-R0245,Primary ownership exactly once; verify through declared seam or explicit gated live receipt.,IMPLEMENTED_OFFLINE_VERIFIED,hermes_jev/schemas.py; hermes_jev/nervous.py,60-test offline suite + compileall + release checks
246,12. Example structured decision metadata to retain,decision_id.,T06,Decision request schema with Hermes proposal embedded,Phase 2 — event substrate,T06-R0246,Primary ownership exactly once; verify through declared seam or explicit gated live receipt.,IMPLEMENTED_OFFLINE_VERIFIED,hermes_jev/schemas.py; hermes_jev/nervous.py,60-test offline suite + compileall + release checks
247,12. Example structured decision metadata to retain,type.,T06,Decision request schema with Hermes proposal embedded,Phase 2 — event substrate,T06-R0247,Primary ownership exactly once; verify through declared seam or explicit gated live receipt.,IMPLEMENTED_OFFLINE_VERIFIED,hermes_jev/schemas.py; hermes_jev/nervous.py,60-test offline suite + compileall + release checks
248,12. Example structured decision metadata to retain,scope.,T06,Decision request schema with Hermes proposal embedded,Phase 2 — event substrate,T06-R0248,Primary ownership exactly once; verify through declared seam or explicit gated live receipt.,IMPLEMENTED_OFFLINE_VERIFIED,hermes_jev/schemas.py; hermes_jev/nervous.py,60-test offline suite + compileall + release checks
249,12. Example structured decision metadata to retain,goal.,T06,Decision request schema with Hermes proposal embedded,Phase 2 — event substrate,T06-R0249,Primary ownership exactly once; verify through declared seam or explicit gated live receipt.,IMPLEMENTED_OFFLINE_VERIFIED,hermes_jev/schemas.py; hermes_jev/nervous.py,60-test offline suite + compileall + release checks
250,12. Example structured decision metadata to retain,state.,T06,Decision request schema with Hermes proposal embedded,Phase 2 — event substrate,T06-R0250,Primary ownership exactly once; verify through declared seam or explicit gated live receipt.,IMPLEMENTED_OFFLINE_VERIFIED,hermes_jev/schemas.py; hermes_jev/nervous.py,60-test offline suite + compileall + release checks
251,12. Example structured decision metadata to retain,choices.,T06,Decision request schema with Hermes proposal embedded,Phase 2 — event substrate,T06-R0251,Primary ownership exactly once; verify through declared seam or explicit gated live receipt.,IMPLEMENTED_OFFLINE_VERIFIED,hermes_jev/schemas.py; hermes_jev/nervous.py,60-test offline suite + compileall + release checks
252,12. Example structured decision metadata to retain,hermes_decision.,T06,Decision request schema with Hermes proposal embedded,Phase 2 — event substrate,T06-R0252,Primary ownership exactly once; verify through declared seam or explicit gated live receipt.,IMPLEMENTED_OFFLINE_VERIFIED,hermes_jev/schemas.py; hermes_jev/nervous.py,60-test offline suite + compileall + release checks
253,12. Example structured decision metadata to retain,reason_summary.,T06,Decision request schema with Hermes proposal embedded,Phase 2 — event substrate,T06-R0253,Primary ownership exactly once; verify through declared seam or explicit gated live receipt.,IMPLEMENTED_OFFLINE_VERIFIED,hermes_jev/schemas.py; hermes_jev/nervous.py,60-test offline suite + compileall + release checks
254,12. Example structured decision metadata to retain,materiality.,T06,Decision request schema with Hermes proposal embedded,Phase 2 — event substrate,T06-R0254,Primary ownership exactly once; verify through declared seam or explicit gated live receipt.,IMPLEMENTED_OFFLINE_VERIFIED,hermes_jev/schemas.py; hermes_jev/nervous.py,60-test offline suite + compileall + release checks
255,12. Example structured decision metadata to retain,reversible.,T06,Decision request schema with Hermes proposal embedded,Phase 2 — event substrate,T06-R0255,Primary ownership exactly once; verify through declared seam or explicit gated live receipt.,IMPLEMENTED_OFFLINE_VERIFIED,hermes_jev/schemas.py; hermes_jev/nervous.py,60-test offline suite + compileall + release checks
256,12. Example structured decision metadata to retain,state_version.,T06,Decision request schema with Hermes proposal embedded,Phase 2 — event substrate,T06-R0256,Primary ownership exactly once; verify through declared seam or explicit gated live receipt.,IMPLEMENTED_OFFLINE_VERIFIED,hermes_jev/schemas.py; hermes_jev/nervous.py,60-test offline suite + compileall + release checks
257,12. Example structured decision metadata to retain,decision_version.,T06,Decision request schema with Hermes proposal embedded,Phase 2 — event substrate,T06-R0257,Primary ownership exactly once; verify through declared seam or explicit gated live receipt.,IMPLEMENTED_OFFLINE_VERIFIED,hermes_jev/schemas.py; hermes_jev/nervous.py,60-test offline suite + compileall + release checks
258,12. Example structured decision metadata to retain,contract.,T06,Decision request schema with Hermes proposal embedded,Phase 2 — event substrate,T06-R0258,Primary ownership exactly once; verify through declared seam or explicit gated live receipt.,IMPLEMENTED_OFFLINE_VERIFIED,hermes_jev/schemas.py; hermes_jev/nervous.py,60-test offline suite + compileall + release checks
259,12. Example structured decision metadata to retain,evidence.,T06,Decision request schema with Hermes proposal embedded,Phase 2 — event substrate,T06-R0259,Primary ownership exactly once; verify through declared seam or explicit gated live receipt.,IMPLEMENTED_OFFLINE_VERIFIED,hermes_jev/schemas.py; hermes_jev/nervous.py,60-test offline suite + compileall + release checks
260,12. Example structured decision metadata to retain,current_strategy.,T06,Decision request schema with Hermes proposal embedded,Phase 2 — event substrate,T06-R0260,Primary ownership exactly once; verify through declared seam or explicit gated live receipt.,IMPLEMENTED_OFFLINE_VERIFIED,hermes_jev/schemas.py; hermes_jev/nervous.py,60-test offline suite + compileall + release checks
261,12. Example structured decision metadata to retain,active_hypothesis.,T06,Decision request schema with Hermes proposal embedded,Phase 2 — event substrate,T06-R0261,Primary ownership exactly once; verify through declared seam or explicit gated live receipt.,IMPLEMENTED_OFFLINE_VERIFIED,hermes_jev/schemas.py; hermes_jev/nervous.py,60-test offline suite + compileall + release checks
262,12. Example structured decision metadata to retain,consequence.,T06,Decision request schema with Hermes proposal embedded,Phase 2 — event substrate,T06-R0262,Primary ownership exactly once; verify through declared seam or explicit gated live receipt.,IMPLEMENTED_OFFLINE_VERIFIED,hermes_jev/schemas.py; hermes_jev/nervous.py,60-test offline suite + compileall + release checks
263,12. Example structured decision metadata to retain,decision_context.,T06,Decision request schema with Hermes proposal embedded,Phase 2 — event substrate,T06-R0263,Primary ownership exactly once; verify through declared seam or explicit gated live receipt.,IMPLEMENTED_OFFLINE_VERIFIED,hermes_jev/schemas.py; hermes_jev/nervous.py,60-test offline suite + compileall + release checks
264,13. Jev response metadata,Original event_id.,T07,"Jev response envelope, confidence gating, and challenge pipeline",Phase 3 — tandem supervision,T07-R0264,Primary ownership exactly once; verify through declared seam or explicit gated live receipt.,IMPLEMENTED_OFFLINE_VERIFIED,hermes_jev/nervous.py,60-test offline suite + compileall + release checks
265,13. Jev response metadata,Original turn_id.,T07,"Jev response envelope, confidence gating, and challenge pipeline",Phase 3 — tandem supervision,T07-R0265,Primary ownership exactly once; verify through declared seam or explicit gated live receipt.,IMPLEMENTED_OFFLINE_VERIFIED,hermes_jev/nervous.py,60-test offline suite + compileall + release checks
266,13. Jev response metadata,Original state version.,T07,"Jev response envelope, confidence gating, and challenge pipeline",Phase 3 — tandem supervision,T07-R0266,Primary ownership exactly once; verify through declared seam or explicit gated live receipt.,IMPLEMENTED_OFFLINE_VERIFIED,hermes_jev/nervous.py,60-test offline suite + compileall + release checks
267,13. Jev response metadata,Original decision version.,T07,"Jev response envelope, confidence gating, and challenge pipeline",Phase 3 — tandem supervision,T07-R0267,Primary ownership exactly once; verify through declared seam or explicit gated live receipt.,IMPLEMENTED_OFFLINE_VERIFIED,hermes_jev/nervous.py,60-test offline suite + compileall + release checks
268,13. Jev response metadata,jev_decision.,T07,"Jev response envelope, confidence gating, and challenge pipeline",Phase 3 — tandem supervision,T07-R0268,Primary ownership exactly once; verify through declared seam or explicit gated live receipt.,IMPLEMENTED_OFFLINE_VERIFIED,hermes_jev/nervous.py,60-test offline suite + compileall + release checks
269,13. Jev response metadata,Jev probabilities.,T07,"Jev response envelope, confidence gating, and challenge pipeline",Phase 3 — tandem supervision,T07-R0269,Primary ownership exactly once; verify through declared seam or explicit gated live receipt.,IMPLEMENTED_OFFLINE_VERIFIED,hermes_jev/nervous.py,60-test offline suite + compileall + release checks
270,13. Jev response metadata,Jev confidence.,T07,"Jev response envelope, confidence gating, and challenge pipeline",Phase 3 — tandem supervision,T07-R0270,Primary ownership exactly once; verify through declared seam or explicit gated live receipt.,IMPLEMENTED_OFFLINE_VERIFIED,hermes_jev/nervous.py,60-test offline suite + compileall + release checks
271,13. Jev response metadata,Agreement/disagreement disposition.,T07,"Jev response envelope, confidence gating, and challenge pipeline",Phase 3 — tandem supervision,T07-R0271,Primary ownership exactly once; verify through declared seam or explicit gated live receipt.,IMPLEMENTED_OFFLINE_VERIFIED,hermes_jev/nervous.py,60-test offline suite + compileall + release checks
272,13. Jev response metadata,Jev model.,T07,"Jev response envelope, confidence gating, and challenge pipeline",Phase 3 — tandem supervision,T07-R0272,Primary ownership exactly once; verify through declared seam or explicit gated live receipt.,IMPLEMENTED_OFFLINE_VERIFIED,hermes_jev/nervous.py,60-test offline suite + compileall + release checks
273,13. Jev response metadata,Jev provider.,T07,"Jev response envelope, confidence gating, and challenge pipeline",Phase 3 — tandem supervision,T07-R0273,Primary ownership exactly once; verify through declared seam or explicit gated live receipt.,IMPLEMENTED_OFFLINE_VERIFIED,hermes_jev/nervous.py,60-test offline suite + compileall + release checks
274,13. Jev response metadata,Jev transport.,T07,"Jev response envelope, confidence gating, and challenge pipeline",Phase 3 — tandem supervision,T07-R0274,Primary ownership exactly once; verify through declared seam or explicit gated live receipt.,IMPLEMENTED_OFFLINE_VERIFIED,hermes_jev/nervous.py,60-test offline suite + compileall + release checks
275,13. Jev response metadata,Jev request ID.,T07,"Jev response envelope, confidence gating, and challenge pipeline",Phase 3 — tandem supervision,T07-R0275,Primary ownership exactly once; verify through declared seam or explicit gated live receipt.,IMPLEMENTED_OFFLINE_VERIFIED,hermes_jev/nervous.py,60-test offline suite + compileall + release checks
276,13. Jev response metadata,Jev latency.,T07,"Jev response envelope, confidence gating, and challenge pipeline",Phase 3 — tandem supervision,T07-R0276,Primary ownership exactly once; verify through declared seam or explicit gated live receipt.,IMPLEMENTED_OFFLINE_VERIFIED,hermes_jev/nervous.py,60-test offline suite + compileall + release checks
277,13. Jev response metadata,Jev token usage.,T07,"Jev response envelope, confidence gating, and challenge pipeline",Phase 3 — tandem supervision,T07-R0277,Primary ownership exactly once; verify through declared seam or explicit gated live receipt.,IMPLEMENTED_OFFLINE_VERIFIED,hermes_jev/nervous.py,60-test offline suite + compileall + release checks
278,13. Jev response metadata,Jev cost.,T07,"Jev response envelope, confidence gating, and challenge pipeline",Phase 3 — tandem supervision,T07-R0278,Primary ownership exactly once; verify through declared seam or explicit gated live receipt.,IMPLEMENTED_OFFLINE_VERIFIED,hermes_jev/nervous.py,60-test offline suite + compileall + release checks
279,13. Jev response metadata,Jev contract.,T07,"Jev response envelope, confidence gating, and challenge pipeline",Phase 3 — tandem supervision,T07-R0279,Primary ownership exactly once; verify through declared seam or explicit gated live receipt.,IMPLEMENTED_OFFLINE_VERIFIED,hermes_jev/nervous.py,60-test offline suite + compileall + release checks
280,13. Jev response metadata,Jev supervision recommendation where applicable.,T07,"Jev response envelope, confidence gating, and challenge pipeline",Phase 3 — tandem supervision,T07-R0280,Primary ownership exactly once; verify through declared seam or explicit gated live receipt.,IMPLEMENTED_OFFLINE_VERIFIED,hermes_jev/nervous.py,60-test offline suite + compileall + release checks
281,13. Jev response metadata,Jev freshness/validity metadata.,T07,"Jev response envelope, confidence gating, and challenge pipeline",Phase 3 — tandem supervision,T07-R0281,Primary ownership exactly once; verify through declared seam or explicit gated live receipt.,IMPLEMENTED_OFFLINE_VERIFIED,hermes_jev/nervous.py,60-test offline suite + compileall + release checks
282,13. Jev response metadata,Jev watch recommendations where applicable.,T07,"Jev response envelope, confidence gating, and challenge pipeline",Phase 3 — tandem supervision,T07-R0282,Primary ownership exactly once; verify through declared seam or explicit gated live receipt.,IMPLEMENTED_OFFLINE_VERIFIED,hermes_jev/nervous.py,60-test offline suite + compileall + release checks
283,14. Confidence-gated challenge system,Low-confidence Jev answers do not interrupt Hermes.,T07,"Jev response envelope, confidence gating, and challenge pipeline",Phase 3 — tandem supervision,T07-R0283,Primary ownership exactly once; verify through declared seam or explicit gated live receipt.,IMPLEMENTED_OFFLINE_VERIFIED,hermes_jev/nervous.py,60-test offline suite + compileall + release checks
284,14. Confidence-gated challenge system,Low-confidence Jev answers may still be logged.,T07,"Jev response envelope, confidence gating, and challenge pipeline",Phase 3 — tandem supervision,T07-R0284,Primary ownership exactly once; verify through declared seam or explicit gated live receipt.,IMPLEMENTED_OFFLINE_VERIFIED,hermes_jev/nervous.py,60-test offline suite + compileall + release checks
285,14. Confidence-gated challenge system,Medium-confidence agreement normally log-only.,T07,"Jev response envelope, confidence gating, and challenge pipeline",Phase 3 — tandem supervision,T07-R0285,Primary ownership exactly once; verify through declared seam or explicit gated live receipt.,IMPLEMENTED_OFFLINE_VERIFIED,hermes_jev/nervous.py,60-test offline suite + compileall + release checks
286,14. Confidence-gated challenge system,High-confidence agreement normally log-only.,T07,"Jev response envelope, confidence gating, and challenge pipeline",Phase 3 — tandem supervision,T07-R0286,Primary ownership exactly once; verify through declared seam or explicit gated live receipt.,IMPLEMENTED_OFFLINE_VERIFIED,hermes_jev/nervous.py,60-test offline suite + compileall + release checks
287,14. Confidence-gated challenge system,High-confidence disagreement can generate a challenge.,T07,"Jev response envelope, confidence gating, and challenge pipeline",Phase 3 — tandem supervision,T07-R0287,Primary ownership exactly once; verify through declared seam or explicit gated live receipt.,IMPLEMENTED_OFFLINE_VERIFIED,hermes_jev/nervous.py,60-test offline suite + compileall + release checks
288,14. Confidence-gated challenge system,Very-high-confidence/high-consequence disagreement can generate stronger intervention.,T07,"Jev response envelope, confidence gating, and challenge pipeline",Phase 3 — tandem supervision,T07-R0288,Primary ownership exactly once; verify through declared seam or explicit gated live receipt.,IMPLEMENTED_OFFLINE_VERIFIED,hermes_jev/nervous.py,60-test offline suite + compileall + release checks
289,14. Confidence-gated challenge system,Agreement never needs to block Hermes.,T07,"Jev response envelope, confidence gating, and challenge pipeline",Phase 3 — tandem supervision,T07-R0289,Primary ownership exactly once; verify through declared seam or explicit gated live receipt.,IMPLEMENTED_OFFLINE_VERIFIED,hermes_jev/nervous.py,60-test offline suite + compileall + release checks
290,14. Confidence-gated challenge system,Most Jev responses should produce no user-visible or worker-visible interruption.,T07,"Jev response envelope, confidence gating, and challenge pipeline",Phase 3 — tandem supervision,T07-R0290,Primary ownership exactly once; verify through declared seam or explicit gated live receipt.,IMPLEMENTED_OFFLINE_VERIFIED,hermes_jev/nervous.py,60-test offline suite + compileall + release checks
291,14. Confidence-gated challenge system,Jev becomes a sparse exception channel.,T07,"Jev response envelope, confidence gating, and challenge pipeline",Phase 3 — tandem supervision,T07-R0291,Primary ownership exactly once; verify through declared seam or explicit gated live receipt.,IMPLEMENTED_OFFLINE_VERIFIED,hermes_jev/nervous.py,60-test offline suite + compileall + release checks
292,14. Confidence-gated challenge system,Confidence thresholds empirically calibrated.,T07,"Jev response envelope, confidence gating, and challenge pipeline",Phase 3 — tandem supervision,T07-R0292,Primary ownership exactly once; verify through declared seam or explicit gated live receipt.,IMPLEMENTED_OFFLINE_VERIFIED,hermes_jev/nervous.py,60-test offline suite + compileall + release checks
293,14. Confidence-gated challenge system,No permanent reliance on arbitrary example thresholds like .70/.85/.95.,T07,"Jev response envelope, confidence gating, and challenge pipeline",Phase 3 — tandem supervision,T07-R0293,Primary ownership exactly once; verify through declared seam or explicit gated live receipt.,IMPLEMENTED_OFFLINE_VERIFIED,hermes_jev/nervous.py,60-test offline suite + compileall + release checks
294,14. Confidence-gated challenge system,Confidence interpreted together with consequence.,T07,"Jev response envelope, confidence gating, and challenge pipeline",Phase 3 — tandem supervision,T07-R0294,Primary ownership exactly once; verify through declared seam or explicit gated live receipt.,IMPLEMENTED_OFFLINE_VERIFIED,hermes_jev/nervous.py,60-test offline suite + compileall + release checks
295,14. Confidence-gated challenge system,Confidence interpreted together with uncertainty.,T07,"Jev response envelope, confidence gating, and challenge pipeline",Phase 3 — tandem supervision,T07-R0295,Primary ownership exactly once; verify through declared seam or explicit gated live receipt.,IMPLEMENTED_OFFLINE_VERIFIED,hermes_jev/nervous.py,60-test offline suite + compileall + release checks
296,14. Confidence-gated challenge system,Confidence interpreted together with staleness.,T07,"Jev response envelope, confidence gating, and challenge pipeline",Phase 3 — tandem supervision,T07-R0296,Primary ownership exactly once; verify through declared seam or explicit gated live receipt.,IMPLEMENTED_OFFLINE_VERIFIED,hermes_jev/nervous.py,60-test offline suite + compileall + release checks
297,14. Confidence-gated challenge system,Confidence interpreted together with reversibility.,T07,"Jev response envelope, confidence gating, and challenge pipeline",Phase 3 — tandem supervision,T07-R0297,Primary ownership exactly once; verify through declared seam or explicit gated live receipt.,IMPLEMENTED_OFFLINE_VERIFIED,hermes_jev/nervous.py,60-test offline suite + compileall + release checks
298,14. Confidence-gated challenge system,Challenge system records why a challenge was raised.,T07,"Jev response envelope, confidence gating, and challenge pipeline",Phase 3 — tandem supervision,T07-R0298,Primary ownership exactly once; verify through declared seam or explicit gated live receipt.,IMPLEMENTED_OFFLINE_VERIFIED,hermes_jev/nervous.py,60-test offline suite + compileall + release checks
299,15. Jev challenge pipeline,Dedicated jev_challenge component.,T07,"Jev response envelope, confidence gating, and challenge pipeline",Phase 3 — tandem supervision,T07-R0299,Primary ownership exactly once; verify through declared seam or explicit gated live receipt.,IMPLEMENTED_OFFLINE_VERIFIED,hermes_jev/nervous.py,60-test offline suite + compileall + release checks
300,15. Jev challenge pipeline,Dedicated challenge queue.,T07,"Jev response envelope, confidence gating, and challenge pipeline",Phase 3 — tandem supervision,T07-R0300,Primary ownership exactly once; verify through declared seam or explicit gated live receipt.,IMPLEMENTED_OFFLINE_VERIFIED,hermes_jev/nervous.py,60-test offline suite + compileall + release checks
301,15. Jev challenge pipeline,Hermes challenge inbox.,T07,"Jev response envelope, confidence gating, and challenge pipeline",Phase 3 — tandem supervision,T07-R0301,Primary ownership exactly once; verify through declared seam or explicit gated live receipt.,IMPLEMENTED_OFFLINE_VERIFIED,hermes_jev/nervous.py,60-test offline suite + compileall + release checks
302,15. Jev challenge pipeline,Challenge associated with original decision/event.,T07,"Jev response envelope, confidence gating, and challenge pipeline",Phase 3 — tandem supervision,T07-R0302,Primary ownership exactly once; verify through declared seam or explicit gated live receipt.,IMPLEMENTED_OFFLINE_VERIFIED,hermes_jev/nervous.py,60-test offline suite + compileall + release checks
303,15. Jev challenge pipeline,Challenge delivered only when useful.,T07,"Jev response envelope, confidence gating, and challenge pipeline",Phase 3 — tandem supervision,T07-R0303,Primary ownership exactly once; verify through declared seam or explicit gated live receipt.,IMPLEMENTED_OFFLINE_VERIFIED,hermes_jev/nervous.py,60-test offline suite + compileall + release checks
304,15. Jev challenge pipeline,Challenge can arrive after Hermes has continued working.,T07,"Jev response envelope, confidence gating, and challenge pipeline",Phase 3 — tandem supervision,T07-R0304,Primary ownership exactly once; verify through declared seam or explicit gated live receipt.,IMPLEMENTED_OFFLINE_VERIFIED,hermes_jev/nervous.py,60-test offline suite + compileall + release checks
305,15. Jev challenge pipeline,Challenge validated against current state before application.,T07,"Jev response envelope, confidence gating, and challenge pipeline",Phase 3 — tandem supervision,T07-R0305,Primary ownership exactly once; verify through declared seam or explicit gated live receipt.,IMPLEMENTED_OFFLINE_VERIFIED,hermes_jev/nervous.py,60-test offline suite + compileall + release checks
306,15. Jev challenge pipeline,Challenge may modify current action when still actionable.,T07,"Jev response envelope, confidence gating, and challenge pipeline",Phase 3 — tandem supervision,T07-R0306,Primary ownership exactly once; verify through declared seam or explicit gated live receipt.,IMPLEMENTED_OFFLINE_VERIFIED,hermes_jev/nervous.py,60-test offline suite + compileall + release checks
307,15. Jev challenge pipeline,Challenge may modify next action when current action already occurred.,T07,"Jev response envelope, confidence gating, and challenge pipeline",Phase 3 — tandem supervision,T07-R0307,Primary ownership exactly once; verify through declared seam or explicit gated live receipt.,IMPLEMENTED_OFFLINE_VERIFIED,hermes_jev/nervous.py,60-test offline suite + compileall + release checks
308,15. Jev challenge pipeline,Challenge may be logged as stale.,T07,"Jev response envelope, confidence gating, and challenge pipeline",Phase 3 — tandem supervision,T07-R0308,Primary ownership exactly once; verify through declared seam or explicit gated live receipt.,IMPLEMENTED_OFFLINE_VERIFIED,hermes_jev/nervous.py,60-test offline suite + compileall + release checks
309,15. Jev challenge pipeline,Challenge may be advisory only.,T07,"Jev response envelope, confidence gating, and challenge pipeline",Phase 3 — tandem supervision,T07-R0309,Primary ownership exactly once; verify through declared seam or explicit gated live receipt.,IMPLEMENTED_OFFLINE_VERIFIED,hermes_jev/nervous.py,60-test offline suite + compileall + release checks
310,15. Jev challenge pipeline,Challenge may become precommit checkpoint for selected consequential actions.,T07,"Jev response envelope, confidence gating, and challenge pipeline",Phase 3 — tandem supervision,T07-R0310,Primary ownership exactly once; verify through declared seam or explicit gated live receipt.,IMPLEMENTED_OFFLINE_VERIFIED,hermes_jev/nervous.py,60-test offline suite + compileall + release checks
311,15. Jev challenge pipeline,Challenge acceptance logged.,T07,"Jev response envelope, confidence gating, and challenge pipeline",Phase 3 — tandem supervision,T07-R0311,Primary ownership exactly once; verify through declared seam or explicit gated live receipt.,IMPLEMENTED_OFFLINE_VERIFIED,hermes_jev/nervous.py,60-test offline suite + compileall + release checks
312,15. Jev challenge pipeline,Challenge rejection/override logged.,T07,"Jev response envelope, confidence gating, and challenge pipeline",Phase 3 — tandem supervision,T07-R0312,Primary ownership exactly once; verify through declared seam or explicit gated live receipt.,IMPLEMENTED_OFFLINE_VERIFIED,hermes_jev/nervous.py,60-test offline suite + compileall + release checks
313,15. Jev challenge pipeline,Override outcome logged.,T07,"Jev response envelope, confidence gating, and challenge pipeline",Phase 3 — tandem supervision,T07-R0313,Primary ownership exactly once; verify through declared seam or explicit gated live receipt.,IMPLEMENTED_OFFLINE_VERIFIED,hermes_jev/nervous.py,60-test offline suite + compileall + release checks
314,15. Jev challenge pipeline,Challenge usefulness later correlated with final outcomes.,T07,"Jev response envelope, confidence gating, and challenge pipeline",Phase 3 — tandem supervision,T07-R0314,Primary ownership exactly once; verify through declared seam or explicit gated live receipt.,IMPLEMENTED_OFFLINE_VERIFIED,hermes_jev/nervous.py,60-test offline suite + compileall + release checks
315,16. Agreement/disagreement semantics,Hermes/Jev agreement logging.,T07,"Jev response envelope, confidence gating, and challenge pipeline",Phase 3 — tandem supervision,T07-R0315,Primary ownership exactly once; verify through declared seam or explicit gated live receipt.,IMPLEMENTED_OFFLINE_VERIFIED,hermes_jev/nervous.py,60-test offline suite + compileall + release checks
316,16. Agreement/disagreement semantics,Hermes/Jev disagreement logging.,T07,"Jev response envelope, confidence gating, and challenge pipeline",Phase 3 — tandem supervision,T07-R0316,Primary ownership exactly once; verify through declared seam or explicit gated live receipt.,IMPLEMENTED_OFFLINE_VERIFIED,hermes_jev/nervous.py,60-test offline suite + compileall + release checks
317,16. Agreement/disagreement semantics,No interruption for ordinary agreement.,T07,"Jev response envelope, confidence gating, and challenge pipeline",Phase 3 — tandem supervision,T07-R0317,Primary ownership exactly once; verify through declared seam or explicit gated live receipt.,IMPLEMENTED_OFFLINE_VERIFIED,hermes_jev/nervous.py,60-test offline suite + compileall + release checks
318,16. Agreement/disagreement semantics,High-confidence disagreement surfaced.,T07,"Jev response envelope, confidence gating, and challenge pipeline",Phase 3 — tandem supervision,T07-R0318,Primary ownership exactly once; verify through declared seam or explicit gated live receipt.,IMPLEMENTED_OFFLINE_VERIFIED,hermes_jev/nervous.py,60-test offline suite + compileall + release checks
319,16. Agreement/disagreement semantics,Final executed action logged.,T07,"Jev response envelope, confidence gating, and challenge pipeline",Phase 3 — tandem supervision,T07-R0319,Primary ownership exactly once; verify through declared seam or explicit gated live receipt.,IMPLEMENTED_OFFLINE_VERIFIED,hermes_jev/nervous.py,60-test offline suite + compileall + release checks
320,16. Agreement/disagreement semantics,Whether Hermes adopted Jev correction logged.,T07,"Jev response envelope, confidence gating, and challenge pipeline",Phase 3 — tandem supervision,T07-R0320,Primary ownership exactly once; verify through declared seam or explicit gated live receipt.,IMPLEMENTED_OFFLINE_VERIFIED,hermes_jev/nervous.py,60-test offline suite + compileall + release checks
321,16. Agreement/disagreement semantics,Whether Hermes correctly overrode Jev logged.,T07,"Jev response envelope, confidence gating, and challenge pipeline",Phase 3 — tandem supervision,T07-R0321,Primary ownership exactly once; verify through declared seam or explicit gated live receipt.,IMPLEMENTED_OFFLINE_VERIFIED,hermes_jev/nervous.py,60-test offline suite + compileall + release checks
322,16. Agreement/disagreement semantics,Whether Jev correctly overrode Hermes logged.,T07,"Jev response envelope, confidence gating, and challenge pipeline",Phase 3 — tandem supervision,T07-R0322,Primary ownership exactly once; verify through declared seam or explicit gated live receipt.,IMPLEMENTED_OFFLINE_VERIFIED,hermes_jev/nervous.py,60-test offline suite + compileall + release checks
323,16. Agreement/disagreement semantics,Outcome after agreement logged.,T07,"Jev response envelope, confidence gating, and challenge pipeline",Phase 3 — tandem supervision,T07-R0323,Primary ownership exactly once; verify through declared seam or explicit gated live receipt.,IMPLEMENTED_OFFLINE_VERIFIED,hermes_jev/nervous.py,60-test offline suite + compileall + release checks
324,16. Agreement/disagreement semantics,Outcome after disagreement logged.,T07,"Jev response envelope, confidence gating, and challenge pipeline",Phase 3 — tandem supervision,T07-R0324,Primary ownership exactly once; verify through declared seam or explicit gated live receipt.,IMPLEMENTED_OFFLINE_VERIFIED,hermes_jev/nervous.py,60-test offline suite + compileall + release checks
325,16. Agreement/disagreement semantics,Outcome after accepted challenge logged.,T07,"Jev response envelope, confidence gating, and challenge pipeline",Phase 3 — tandem supervision,T07-R0325,Primary ownership exactly once; verify through declared seam or explicit gated live receipt.,IMPLEMENTED_OFFLINE_VERIFIED,hermes_jev/nervous.py,60-test offline suite + compileall + release checks
326,16. Agreement/disagreement semantics,Outcome after rejected challenge logged.,T07,"Jev response envelope, confidence gating, and challenge pipeline",Phase 3 — tandem supervision,T07-R0326,Primary ownership exactly once; verify through declared seam or explicit gated live receipt.,IMPLEMENTED_OFFLINE_VERIFIED,hermes_jev/nervous.py,60-test offline suite + compileall + release checks
327,16. Agreement/disagreement semantics,Agreement rate metric.,T07,"Jev response envelope, confidence gating, and challenge pipeline",Phase 3 — tandem supervision,T07-R0327,Primary ownership exactly once; verify through declared seam or explicit gated live receipt.,IMPLEMENTED_OFFLINE_VERIFIED,hermes_jev/nervous.py,60-test offline suite + compileall + release checks
328,16. Agreement/disagreement semantics,Disagreement rate metric.,T07,"Jev response envelope, confidence gating, and challenge pipeline",Phase 3 — tandem supervision,T07-R0328,Primary ownership exactly once; verify through declared seam or explicit gated live receipt.,IMPLEMENTED_OFFLINE_VERIFIED,hermes_jev/nervous.py,60-test offline suite + compileall + release checks
329,16. Agreement/disagreement semantics,Useful-disagreement rate metric.,T07,"Jev response envelope, confidence gating, and challenge pipeline",Phase 3 — tandem supervision,T07-R0329,Primary ownership exactly once; verify through declared seam or explicit gated live receipt.,IMPLEMENTED_OFFLINE_VERIFIED,hermes_jev/nervous.py,60-test offline suite + compileall + release checks
330,16. Agreement/disagreement semantics,Jev disagreement precision metric.,T07,"Jev response envelope, confidence gating, and challenge pipeline",Phase 3 — tandem supervision,T07-R0330,Primary ownership exactly once; verify through declared seam or explicit gated live receipt.,IMPLEMENTED_OFFLINE_VERIFIED,hermes_jev/nervous.py,60-test offline suite + compileall + release checks
331,17. Stale-response protection,State-versioned Jev requests.,T08,"Stale-response protection, reversibility, and supervision modes",Phase 3 — tandem supervision,T08-R0331,Primary ownership exactly once; verify through declared seam or explicit gated live receipt.,IMPLEMENTED_OFFLINE_VERIFIED,hermes_jev/nervous.py,60-test offline suite + compileall + release checks
332,17. Stale-response protection,Decision-versioned Jev requests.,T08,"Stale-response protection, reversibility, and supervision modes",Phase 3 — tandem supervision,T08-R0332,Primary ownership exactly once; verify through declared seam or explicit gated live receipt.,IMPLEMENTED_OFFLINE_VERIFIED,hermes_jev/nervous.py,60-test offline suite + compileall + release checks
333,17. Stale-response protection,State-versioned Jev responses.,T08,"Stale-response protection, reversibility, and supervision modes",Phase 3 — tandem supervision,T08-R0333,Primary ownership exactly once; verify through declared seam or explicit gated live receipt.,IMPLEMENTED_OFFLINE_VERIFIED,hermes_jev/nervous.py,60-test offline suite + compileall + release checks
334,17. Stale-response protection,Jev response validity check before action.,T08,"Stale-response protection, reversibility, and supervision modes",Phase 3 — tandem supervision,T08-R0334,Primary ownership exactly once; verify through declared seam or explicit gated live receipt.,IMPLEMENTED_OFFLINE_VERIFIED,hermes_jev/nervous.py,60-test offline suite + compileall + release checks
335,17. Stale-response protection,Current-state equality/compatibility check.,T08,"Stale-response protection, reversibility, and supervision modes",Phase 3 — tandem supervision,T08-R0335,Primary ownership exactly once; verify through declared seam or explicit gated live receipt.,IMPLEMENTED_OFFLINE_VERIFIED,hermes_jev/nervous.py,60-test offline suite + compileall + release checks
336,17. Stale-response protection,Stale Jev result detection.,T08,"Stale-response protection, reversibility, and supervision modes",Phase 3 — tandem supervision,T08-R0336,Primary ownership exactly once; verify through declared seam or explicit gated live receipt.,IMPLEMENTED_OFFLINE_VERIFIED,hermes_jev/nervous.py,60-test offline suite + compileall + release checks
337,17. Stale-response protection,Stale Jev results never blindly applied.,T08,"Stale-response protection, reversibility, and supervision modes",Phase 3 — tandem supervision,T08-R0337,Primary ownership exactly once; verify through declared seam or explicit gated live receipt.,IMPLEMENTED_OFFLINE_VERIFIED,hermes_jev/nervous.py,60-test offline suite + compileall + release checks
338,17. Stale-response protection,Stale results can remain telemetry.,T08,"Stale-response protection, reversibility, and supervision modes",Phase 3 — tandem supervision,T08-R0338,Primary ownership exactly once; verify through declared seam or explicit gated live receipt.,IMPLEMENTED_OFFLINE_VERIFIED,hermes_jev/nervous.py,60-test offline suite + compileall + release checks
339,17. Stale-response protection,Stale results can inform a subsequent decision.,T08,"Stale-response protection, reversibility, and supervision modes",Phase 3 — tandem supervision,T08-R0339,Primary ownership exactly once; verify through declared seam or explicit gated live receipt.,IMPLEMENTED_OFFLINE_VERIFIED,hermes_jev/nervous.py,60-test offline suite + compileall + release checks
340,17. Stale-response protection,State version can use semantic version IDs.,T08,"Stale-response protection, reversibility, and supervision modes",Phase 3 — tandem supervision,T08-R0340,Primary ownership exactly once; verify through declared seam or explicit gated live receipt.,IMPLEMENTED_OFFLINE_VERIFIED,hermes_jev/nervous.py,60-test offline suite + compileall + release checks
341,17. Stale-response protection,State version can use commit SHA.,T08,"Stale-response protection, reversibility, and supervision modes",Phase 3 — tandem supervision,T08-R0341,Primary ownership exactly once; verify through declared seam or explicit gated live receipt.,IMPLEMENTED_OFFLINE_VERIFIED,hermes_jev/nervous.py,60-test offline suite + compileall + release checks
342,17. Stale-response protection,State version can use tree hash.,T08,"Stale-response protection, reversibility, and supervision modes",Phase 3 — tandem supervision,T08-R0342,Primary ownership exactly once; verify through declared seam or explicit gated live receipt.,IMPLEMENTED_OFFLINE_VERIFIED,hermes_jev/nervous.py,60-test offline suite + compileall + release checks
343,17. Stale-response protection,State version can use test-run ID.,T08,"Stale-response protection, reversibility, and supervision modes",Phase 3 — tandem supervision,T08-R0343,Primary ownership exactly once; verify through declared seam or explicit gated live receipt.,IMPLEMENTED_OFFLINE_VERIFIED,hermes_jev/nervous.py,60-test offline suite + compileall + release checks
344,17. Stale-response protection,State version can use tool receipt ID.,T08,"Stale-response protection, reversibility, and supervision modes",Phase 3 — tandem supervision,T08-R0344,Primary ownership exactly once; verify through declared seam or explicit gated live receipt.,IMPLEMENTED_OFFLINE_VERIFIED,hermes_jev/nervous.py,60-test offline suite + compileall + release checks
345,17. Stale-response protection,State version can use other workflow-specific immutable identifiers.,T08,"Stale-response protection, reversibility, and supervision modes",Phase 3 — tandem supervision,T08-R0345,Primary ownership exactly once; verify through declared seam or explicit gated live receipt.,IMPLEMENTED_OFFLINE_VERIFIED,hermes_jev/nervous.py,60-test offline suite + compileall + release checks
346,18. Reversibility and irreversible-action handling,Explicit reversibility metadata.,T08,"Stale-response protection, reversibility, and supervision modes",Phase 3 — tandem supervision,T08-R0346,Primary ownership exactly once; verify through declared seam or explicit gated live receipt.,IMPLEMENTED_OFFLINE_VERIFIED,hermes_jev/nervous.py,60-test offline suite + compileall + release checks
347,18. Reversibility and irreversible-action handling,Explicit committed/uncommitted state.,T08,"Stale-response protection, reversibility, and supervision modes",Phase 3 — tandem supervision,T08-R0347,Primary ownership exactly once; verify through declared seam or explicit gated live receipt.,IMPLEMENTED_OFFLINE_VERIFIED,hermes_jev/nervous.py,60-test offline suite + compileall + release checks
348,18. Reversibility and irreversible-action handling,Jev disagreement before reversible uncommitted action may change the decision.,T08,"Stale-response protection, reversibility, and supervision modes",Phase 3 — tandem supervision,T08-R0348,Primary ownership exactly once; verify through declared seam or explicit gated live receipt.,IMPLEMENTED_OFFLINE_VERIFIED,hermes_jev/nervous.py,60-test offline suite + compileall + release checks
349,18. Reversibility and irreversible-action handling,Jev disagreement after committed action does not blindly undo it.,T08,"Stale-response protection, reversibility, and supervision modes",Phase 3 — tandem supervision,T08-R0349,Primary ownership exactly once; verify through declared seam or explicit gated live receipt.,IMPLEMENTED_OFFLINE_VERIFIED,hermes_jev/nervous.py,60-test offline suite + compileall + release checks
350,18. Reversibility and irreversible-action handling,Post-commit disagreement influences the next decision.,T08,"Stale-response protection, reversibility, and supervision modes",Phase 3 — tandem supervision,T08-R0350,Primary ownership exactly once; verify through declared seam or explicit gated live receipt.,IMPLEMENTED_OFFLINE_VERIFIED,hermes_jev/nervous.py,60-test offline suite + compileall + release checks
351,18. Reversibility and irreversible-action handling,Consequential but not-yet-committed actions may use precommit supervision.,T08,"Stale-response protection, reversibility, and supervision modes",Phase 3 — tandem supervision,T08-R0351,Primary ownership exactly once; verify through declared seam or explicit gated live receipt.,IMPLEMENTED_OFFLINE_VERIFIED,hermes_jev/nervous.py,60-test offline suite + compileall + release checks
352,18. Reversibility and irreversible-action handling,Irreversible actions receive elevated router priority.,T08,"Stale-response protection, reversibility, and supervision modes",Phase 3 — tandem supervision,T08-R0352,Primary ownership exactly once; verify through declared seam or explicit gated live receipt.,IMPLEMENTED_OFFLINE_VERIFIED,hermes_jev/nervous.py,60-test offline suite + compileall + release checks
353,18. Reversibility and irreversible-action handling,External sends/deploys/deletes/pushes can receive elevated priority.,T08,"Stale-response protection, reversibility, and supervision modes",Phase 3 — tandem supervision,T08-R0353,Primary ownership exactly once; verify through declared seam or explicit gated live receipt.,IMPLEMENTED_OFFLINE_VERIFIED,hermes_jev/nervous.py,60-test offline suite + compileall + release checks
354,18. Reversibility and irreversible-action handling,No automatic reverse-whatever-Hermes-just-did behavior.,T08,"Stale-response protection, reversibility, and supervision modes",Phase 3 — tandem supervision,T08-R0354,Primary ownership exactly once; verify through declared seam or explicit gated live receipt.,IMPLEMENTED_OFFLINE_VERIFIED,hermes_jev/nervous.py,60-test offline suite + compileall + release checks
355,18. Reversibility and irreversible-action handling,Recovery after already-executed action treated as a new decision.,T08,"Stale-response protection, reversibility, and supervision modes",Phase 3 — tandem supervision,T08-R0355,Primary ownership exactly once; verify through declared seam or explicit gated live receipt.,IMPLEMENTED_OFFLINE_VERIFIED,hermes_jev/nervous.py,60-test offline suite + compileall + release checks
356,19. Supervision modes,SHADOW mode.,T08,"Stale-response protection, reversibility, and supervision modes",Phase 3 — tandem supervision,T08-R0356,Primary ownership exactly once; verify through declared seam or explicit gated live receipt.,IMPLEMENTED_OFFLINE_VERIFIED,hermes_jev/nervous.py,60-test offline suite + compileall + release checks
357,19. Supervision modes,CORRECT_NEXT mode.,T08,"Stale-response protection, reversibility, and supervision modes",Phase 3 — tandem supervision,T08-R0357,Primary ownership exactly once; verify through declared seam or explicit gated live receipt.,IMPLEMENTED_OFFLINE_VERIFIED,hermes_jev/nervous.py,60-test offline suite + compileall + release checks
358,19. Supervision modes,PRECOMMIT mode.,T08,"Stale-response protection, reversibility, and supervision modes",Phase 3 — tandem supervision,T08-R0358,Primary ownership exactly once; verify through declared seam or explicit gated live receipt.,IMPLEMENTED_OFFLINE_VERIFIED,hermes_jev/nervous.py,60-test offline suite + compileall + release checks
359,19. Supervision modes,SHADOW logs Jev opinions without changing execution.,T08,"Stale-response protection, reversibility, and supervision modes",Phase 3 — tandem supervision,T08-R0359,Primary ownership exactly once; verify through declared seam or explicit gated live receipt.,IMPLEMENTED_OFFLINE_VERIFIED,hermes_jev/nervous.py,60-test offline suite + compileall + release checks
360,19. Supervision modes,CORRECT_NEXT allows Jev to influence future action.,T08,"Stale-response protection, reversibility, and supervision modes",Phase 3 — tandem supervision,T08-R0360,Primary ownership exactly once; verify through declared seam or explicit gated live receipt.,IMPLEMENTED_OFFLINE_VERIFIED,hermes_jev/nervous.py,60-test offline suite + compileall + release checks
361,19. Supervision modes,PRECOMMIT can briefly gate selected high-consequence boundaries.,T08,"Stale-response protection, reversibility, and supervision modes",Phase 3 — tandem supervision,T08-R0361,Primary ownership exactly once; verify through declared seam or explicit gated live receipt.,IMPLEMENTED_OFFLINE_VERIFIED,hermes_jev/nervous.py,60-test offline suite + compileall + release checks
362,19. Supervision modes,Most operation remains asynchronous.,T08,"Stale-response protection, reversibility, and supervision modes",Phase 3 — tandem supervision,T08-R0362,Primary ownership exactly once; verify through declared seam or explicit gated live receipt.,IMPLEMENTED_OFFLINE_VERIFIED,hermes_jev/nervous.py,60-test offline suite + compileall + release checks
363,19. Supervision modes,Synchronous behavior restricted to deliberately chosen consequential checkpoints.,T08,"Stale-response protection, reversibility, and supervision modes",Phase 3 — tandem supervision,T08-R0363,Primary ownership exactly once; verify through declared seam or explicit gated live receipt.,IMPLEMENTED_OFFLINE_VERIFIED,hermes_jev/nervous.py,60-test offline suite + compileall + release checks
364,19. Supervision modes,Existing synchronous gating no longer primary architecture.,T08,"Stale-response protection, reversibility, and supervision modes",Phase 3 — tandem supervision,T08-R0364,Primary ownership exactly once; verify through declared seam or explicit gated live receipt.,IMPLEMENTED_OFFLINE_VERIFIED,hermes_jev/nervous.py,60-test offline suite + compileall + release checks
365,20. Local adaptive router,Dedicated local adaptive relevance engine.,T09,Adaptive local router and compact turn-state accumulator,Phase 4 — adaptive routing,T09-R0365,Primary ownership exactly once; verify through declared seam or explicit gated live receipt.,IMPLEMENTED_OFFLINE_VERIFIED,hermes_jev/router.py; hermes_jev/nervous.py,60-test offline suite + compileall + release checks
366,20. Local adaptive router,Dedicated jev_supervisor.,T09,Adaptive local router and compact turn-state accumulator,Phase 4 — adaptive routing,T09-R0366,Primary ownership exactly once; verify through declared seam or explicit gated live receipt.,IMPLEMENTED_OFFLINE_VERIFIED,hermes_jev/router.py; hermes_jev/nervous.py,60-test offline suite + compileall + release checks
367,20. Local adaptive router,Router consumes all structured Hermes events.,T09,Adaptive local router and compact turn-state accumulator,Phase 4 — adaptive routing,T09-R0367,Primary ownership exactly once; verify through declared seam or explicit gated live receipt.,IMPLEMENTED_OFFLINE_VERIFIED,hermes_jev/router.py; hermes_jev/nervous.py,60-test offline suite + compileall + release checks
368,20. Local adaptive router,Router does not send all events remotely.,T09,Adaptive local router and compact turn-state accumulator,Phase 4 — adaptive routing,T09-R0368,Primary ownership exactly once; verify through declared seam or explicit gated live receipt.,IMPLEMENTED_OFFLINE_VERIFIED,hermes_jev/router.py; hermes_jev/nervous.py,60-test offline suite + compileall + release checks
369,20. Local adaptive router,Router maintains compact local turn state.,T09,Adaptive local router and compact turn-state accumulator,Phase 4 — adaptive routing,T09-R0369,Primary ownership exactly once; verify through declared seam or explicit gated live receipt.,IMPLEMENTED_OFFLINE_VERIFIED,hermes_jev/router.py; hermes_jev/nervous.py,60-test offline suite + compileall + release checks
370,20. Local adaptive router,Router accumulates state over time.,T09,Adaptive local router and compact turn-state accumulator,Phase 4 — adaptive routing,T09-R0370,Primary ownership exactly once; verify through declared seam or explicit gated live receipt.,IMPLEMENTED_OFFLINE_VERIFIED,hermes_jev/router.py; hermes_jev/nervous.py,60-test offline suite + compileall + release checks
371,20. Local adaptive router,Router performs event compression.,T09,Adaptive local router and compact turn-state accumulator,Phase 4 — adaptive routing,T09-R0371,Primary ownership exactly once; verify through declared seam or explicit gated live receipt.,IMPLEMENTED_OFFLINE_VERIFIED,hermes_jev/router.py; hermes_jev/nervous.py,60-test offline suite + compileall + release checks
372,20. Local adaptive router,Router performs novelty detection.,T09,Adaptive local router and compact turn-state accumulator,Phase 4 — adaptive routing,T09-R0372,Primary ownership exactly once; verify through declared seam or explicit gated live receipt.,IMPLEMENTED_OFFLINE_VERIFIED,hermes_jev/router.py; hermes_jev/nervous.py,60-test offline suite + compileall + release checks
373,20. Local adaptive router,Router performs decision-change detection.,T09,Adaptive local router and compact turn-state accumulator,Phase 4 — adaptive routing,T09-R0373,Primary ownership exactly once; verify through declared seam or explicit gated live receipt.,IMPLEMENTED_OFFLINE_VERIFIED,hermes_jev/router.py; hermes_jev/nervous.py,60-test offline suite + compileall + release checks
374,20. Local adaptive router,Router performs risk-change detection.,T09,Adaptive local router and compact turn-state accumulator,Phase 4 — adaptive routing,T09-R0374,Primary ownership exactly once; verify through declared seam or explicit gated live receipt.,IMPLEMENTED_OFFLINE_VERIFIED,hermes_jev/router.py; hermes_jev/nervous.py,60-test offline suite + compileall + release checks
375,20. Local adaptive router,Router performs uncertainty-change detection.,T09,Adaptive local router and compact turn-state accumulator,Phase 4 — adaptive routing,T09-R0375,Primary ownership exactly once; verify through declared seam or explicit gated live receipt.,IMPLEMENTED_OFFLINE_VERIFIED,hermes_jev/router.py; hermes_jev/nervous.py,60-test offline suite + compileall + release checks
376,20. Local adaptive router,Router performs evidence-change detection.,T09,Adaptive local router and compact turn-state accumulator,Phase 4 — adaptive routing,T09-R0376,Primary ownership exactly once; verify through declared seam or explicit gated live receipt.,IMPLEMENTED_OFFLINE_VERIFIED,hermes_jev/router.py; hermes_jev/nervous.py,60-test offline suite + compileall + release checks
377,20. Local adaptive router,Router performs completion-pressure detection.,T09,Adaptive local router and compact turn-state accumulator,Phase 4 — adaptive routing,T09-R0377,Primary ownership exactly once; verify through declared seam or explicit gated live receipt.,IMPLEMENTED_OFFLINE_VERIFIED,hermes_jev/router.py; hermes_jev/nervous.py,60-test offline suite + compileall + release checks
378,20. Local adaptive router,Router estimates whether another Jev call can plausibly change Hermes’s behavior.,T09,Adaptive local router and compact turn-state accumulator,Phase 4 — adaptive routing,T09-R0378,Primary ownership exactly once; verify through declared seam or explicit gated live receipt.,IMPLEMENTED_OFFLINE_VERIFIED,hermes_jev/router.py; hermes_jev/nervous.py,60-test offline suite + compileall + release checks
379,20. Local adaptive router,Router treats Jev calls as a resource with expected value.,T09,Adaptive local router and compact turn-state accumulator,Phase 4 — adaptive routing,T09-R0379,Primary ownership exactly once; verify through declared seam or explicit gated live receipt.,IMPLEMENTED_OFFLINE_VERIFIED,hermes_jev/router.py; hermes_jev/nervous.py,60-test offline suite + compileall + release checks
380,20. Local adaptive router,Router suppresses redundant Jev calls.,T09,Adaptive local router and compact turn-state accumulator,Phase 4 — adaptive routing,T09-R0380,Primary ownership exactly once; verify through declared seam or explicit gated live receipt.,IMPLEMENTED_OFFLINE_VERIFIED,hermes_jev/router.py; hermes_jev/nervous.py,60-test offline suite + compileall + release checks
381,20. Local adaptive router,Router batches related events.,T09,Adaptive local router and compact turn-state accumulator,Phase 4 — adaptive routing,T09-R0381,Primary ownership exactly once; verify through declared seam or explicit gated live receipt.,IMPLEMENTED_OFFLINE_VERIFIED,hermes_jev/router.py; hermes_jev/nervous.py,60-test offline suite + compileall + release checks
382,20. Local adaptive router,Router consolidates repetitive observations.,T09,Adaptive local router and compact turn-state accumulator,Phase 4 — adaptive routing,T09-R0382,Primary ownership exactly once; verify through declared seam or explicit gated live receipt.,IMPLEMENTED_OFFLINE_VERIFIED,hermes_jev/router.py; hermes_jev/nervous.py,60-test offline suite + compileall + release checks
383,20. Local adaptive router,Router can remain local for hundreds of events.,T09,Adaptive local router and compact turn-state accumulator,Phase 4 — adaptive routing,T09-R0383,Primary ownership exactly once; verify through declared seam or explicit gated live receipt.,IMPLEMENTED_OFFLINE_VERIFIED,hermes_jev/router.py; hermes_jev/nervous.py,60-test offline suite + compileall + release checks
384,20. Local adaptive router,Router forwards one state transition instead of raw event history when appropriate.,T09,Adaptive local router and compact turn-state accumulator,Phase 4 — adaptive routing,T09-R0384,Primary ownership exactly once; verify through declared seam or explicit gated live receipt.,IMPLEMENTED_OFFLINE_VERIFIED,hermes_jev/router.py; hermes_jev/nervous.py,60-test offline suite + compileall + release checks
385,21. Router local state,Current goal.,T09,Adaptive local router and compact turn-state accumulator,Phase 4 — adaptive routing,T09-R0385,Primary ownership exactly once; verify through declared seam or explicit gated live receipt.,IMPLEMENTED_OFFLINE_VERIFIED,hermes_jev/router.py; hermes_jev/nervous.py,60-test offline suite + compileall + release checks
386,21. Router local state,Current objective.,T09,Adaptive local router and compact turn-state accumulator,Phase 4 — adaptive routing,T09-R0386,Primary ownership exactly once; verify through declared seam or explicit gated live receipt.,IMPLEMENTED_OFFLINE_VERIFIED,hermes_jev/router.py; hermes_jev/nervous.py,60-test offline suite + compileall + release checks
387,21. Router local state,Current strategy.,T09,Adaptive local router and compact turn-state accumulator,Phase 4 — adaptive routing,T09-R0387,Primary ownership exactly once; verify through declared seam or explicit gated live receipt.,IMPLEMENTED_OFFLINE_VERIFIED,hermes_jev/router.py; hermes_jev/nervous.py,60-test offline suite + compileall + release checks
388,21. Router local state,Active hypothesis.,T09,Adaptive local router and compact turn-state accumulator,Phase 4 — adaptive routing,T09-R0388,Primary ownership exactly once; verify through declared seam or explicit gated live receipt.,IMPLEMENTED_OFFLINE_VERIFIED,hermes_jev/router.py; hermes_jev/nervous.py,60-test offline suite + compileall + release checks
389,21. Router local state,Recent decisions.,T09,Adaptive local router and compact turn-state accumulator,Phase 4 — adaptive routing,T09-R0389,Primary ownership exactly once; verify through declared seam or explicit gated live receipt.,IMPLEMENTED_OFFLINE_VERIFIED,hermes_jev/router.py; hermes_jev/nervous.py,60-test offline suite + compileall + release checks
390,21. Router local state,Recent failures.,T09,Adaptive local router and compact turn-state accumulator,Phase 4 — adaptive routing,T09-R0390,Primary ownership exactly once; verify through declared seam or explicit gated live receipt.,IMPLEMENTED_OFFLINE_VERIFIED,hermes_jev/router.py; hermes_jev/nervous.py,60-test offline suite + compileall + release checks
391,21. Router local state,Recent retries.,T09,Adaptive local router and compact turn-state accumulator,Phase 4 — adaptive routing,T09-R0391,Primary ownership exactly once; verify through declared seam or explicit gated live receipt.,IMPLEMENTED_OFFLINE_VERIFIED,hermes_jev/router.py; hermes_jev/nervous.py,60-test offline suite + compileall + release checks
392,21. Router local state,Recent strategy changes.,T09,Adaptive local router and compact turn-state accumulator,Phase 4 — adaptive routing,T09-R0392,Primary ownership exactly once; verify through declared seam or explicit gated live receipt.,IMPLEMENTED_OFFLINE_VERIFIED,hermes_jev/router.py; hermes_jev/nervous.py,60-test offline suite + compileall + release checks
393,21. Router local state,Recent evidence.,T09,Adaptive local router and compact turn-state accumulator,Phase 4 — adaptive routing,T09-R0393,Primary ownership exactly once; verify through declared seam or explicit gated live receipt.,IMPLEMENTED_OFFLINE_VERIFIED,hermes_jev/router.py; hermes_jev/nervous.py,60-test offline suite + compileall + release checks
394,21. Router local state,Evidence novelty.,T09,Adaptive local router and compact turn-state accumulator,Phase 4 — adaptive routing,T09-R0394,Primary ownership exactly once; verify through declared seam or explicit gated live receipt.,IMPLEMENTED_OFFLINE_VERIFIED,hermes_jev/router.py; hermes_jev/nervous.py,60-test offline suite + compileall + release checks
395,21. Router local state,Confidence trend.,T09,Adaptive local router and compact turn-state accumulator,Phase 4 — adaptive routing,T09-R0395,Primary ownership exactly once; verify through declared seam or explicit gated live receipt.,IMPLEMENTED_OFFLINE_VERIFIED,hermes_jev/router.py; hermes_jev/nervous.py,60-test offline suite + compileall + release checks
396,21. Router local state,Tool/result novelty.,T09,Adaptive local router and compact turn-state accumulator,Phase 4 — adaptive routing,T09-R0396,Primary ownership exactly once; verify through declared seam or explicit gated live receipt.,IMPLEMENTED_OFFLINE_VERIFIED,hermes_jev/router.py; hermes_jev/nervous.py,60-test offline suite + compileall + release checks
397,21. Router local state,Contradictions.,T09,Adaptive local router and compact turn-state accumulator,Phase 4 — adaptive routing,T09-R0397,Primary ownership exactly once; verify through declared seam or explicit gated live receipt.,IMPLEMENTED_OFFLINE_VERIFIED,hermes_jev/router.py; hermes_jev/nervous.py,60-test offline suite + compileall + release checks
398,21. Router local state,Pending irreversible actions.,T09,Adaptive local router and compact turn-state accumulator,Phase 4 — adaptive routing,T09-R0398,Primary ownership exactly once; verify through declared seam or explicit gated live receipt.,IMPLEMENTED_OFFLINE_VERIFIED,hermes_jev/router.py; hermes_jev/nervous.py,60-test offline suite + compileall + release checks
399,21. Router local state,Pending consequential actions.,T09,Adaptive local router and compact turn-state accumulator,Phase 4 — adaptive routing,T09-R0399,Primary ownership exactly once; verify through declared seam or explicit gated live receipt.,IMPLEMENTED_OFFLINE_VERIFIED,hermes_jev/router.py; hermes_jev/nervous.py,60-test offline suite + compileall + release checks
400,21. Router local state,Completion evidence.,T09,Adaptive local router and compact turn-state accumulator,Phase 4 — adaptive routing,T09-R0400,Primary ownership exactly once; verify through declared seam or explicit gated live receipt.,IMPLEMENTED_OFFLINE_VERIFIED,hermes_jev/router.py; hermes_jev/nervous.py,60-test offline suite + compileall + release checks
401,21. Router local state,Current completion confidence/state.,T09,Adaptive local router and compact turn-state accumulator,Phase 4 — adaptive routing,T09-R0401,Primary ownership exactly once; verify through declared seam or explicit gated live receipt.,IMPLEMENTED_OFFLINE_VERIFIED,hermes_jev/router.py; hermes_jev/nervous.py,60-test offline suite + compileall + release checks
402,21. Router local state,Last Jev opinion.,T09,Adaptive local router and compact turn-state accumulator,Phase 4 — adaptive routing,T09-R0402,Primary ownership exactly once; verify through declared seam or explicit gated live receipt.,IMPLEMENTED_OFFLINE_VERIFIED,hermes_jev/router.py; hermes_jev/nervous.py,60-test offline suite + compileall + release checks
403,21. Router local state,Last Jev decision state.,T09,Adaptive local router and compact turn-state accumulator,Phase 4 — adaptive routing,T09-R0403,Primary ownership exactly once; verify through declared seam or explicit gated live receipt.,IMPLEMENTED_OFFLINE_VERIFIED,hermes_jev/router.py; hermes_jev/nervous.py,60-test offline suite + compileall + release checks
404,21. Router local state,Last Jev state version.,T09,Adaptive local router and compact turn-state accumulator,Phase 4 — adaptive routing,T09-R0404,Primary ownership exactly once; verify through declared seam or explicit gated live receipt.,IMPLEMENTED_OFFLINE_VERIFIED,hermes_jev/router.py; hermes_jev/nervous.py,60-test offline suite + compileall + release checks
405,21. Router local state,Last Jev trigger reason.,T09,Adaptive local router and compact turn-state accumulator,Phase 4 — adaptive routing,T09-R0405,Primary ownership exactly once; verify through declared seam or explicit gated live receipt.,IMPLEMENTED_OFFLINE_VERIFIED,hermes_jev/router.py; hermes_jev/nervous.py,60-test offline suite + compileall + release checks
406,21. Router local state,Last Jev challenge outcome.,T09,Adaptive local router and compact turn-state accumulator,Phase 4 — adaptive routing,T09-R0406,Primary ownership exactly once; verify through declared seam or explicit gated live receipt.,IMPLEMENTED_OFFLINE_VERIFIED,hermes_jev/router.py; hermes_jev/nervous.py,60-test offline suite + compileall + release checks
407,21. Router local state,Jev freshness.,T09,Adaptive local router and compact turn-state accumulator,Phase 4 — adaptive routing,T09-R0407,Primary ownership exactly once; verify through declared seam or explicit gated live receipt.,IMPLEMENTED_OFFLINE_VERIFIED,hermes_jev/router.py; hermes_jev/nervous.py,60-test offline suite + compileall + release checks
408,21. Router local state,Relevant event summary.,T09,Adaptive local router and compact turn-state accumulator,Phase 4 — adaptive routing,T09-R0408,Primary ownership exactly once; verify through declared seam or explicit gated live receipt.,IMPLEMENTED_OFFLINE_VERIFIED,hermes_jev/router.py; hermes_jev/nervous.py,60-test offline suite + compileall + release checks
409,21. Router local state,Event density.,T09,Adaptive local router and compact turn-state accumulator,Phase 4 — adaptive routing,T09-R0409,Primary ownership exactly once; verify through declared seam or explicit gated live receipt.,IMPLEMENTED_OFFLINE_VERIFIED,hermes_jev/router.py; hermes_jev/nervous.py,60-test offline suite + compileall + release checks
410,21. Router local state,Recent failure density.,T09,Adaptive local router and compact turn-state accumulator,Phase 4 — adaptive routing,T09-R0410,Primary ownership exactly once; verify through declared seam or explicit gated live receipt.,IMPLEMENTED_OFFLINE_VERIFIED,hermes_jev/router.py; hermes_jev/nervous.py,60-test offline suite + compileall + release checks
411,21. Router local state,Decision uncertainty.,T09,Adaptive local router and compact turn-state accumulator,Phase 4 — adaptive routing,T09-R0411,Primary ownership exactly once; verify through declared seam or explicit gated live receipt.,IMPLEMENTED_OFFLINE_VERIFIED,hermes_jev/router.py; hermes_jev/nervous.py,60-test offline suite + compileall + release checks
412,21. Router local state,Current reversibility.,T09,Adaptive local router and compact turn-state accumulator,Phase 4 — adaptive routing,T09-R0412,Primary ownership exactly once; verify through declared seam or explicit gated live receipt.,IMPLEMENTED_OFFLINE_VERIFIED,hermes_jev/router.py; hermes_jev/nervous.py,60-test offline suite + compileall + release checks
413,21. Router local state,Current materiality.,T09,Adaptive local router and compact turn-state accumulator,Phase 4 — adaptive routing,T09-R0413,Primary ownership exactly once; verify through declared seam or explicit gated live receipt.,IMPLEMENTED_OFFLINE_VERIFIED,hermes_jev/router.py; hermes_jev/nervous.py,60-test offline suite + compileall + release checks
414,21. Router local state,Current consequence level.,T09,Adaptive local router and compact turn-state accumulator,Phase 4 — adaptive routing,T09-R0414,Primary ownership exactly once; verify through declared seam or explicit gated live receipt.,IMPLEMENTED_OFFLINE_VERIFIED,hermes_jev/router.py; hermes_jev/nervous.py,60-test offline suite + compileall + release checks
415,22. Adaptive Jev trigger signals,decision_delta.,T10,"Novelty, decision, evidence, risk, and uncertainty delta detectors",Phase 4 — adaptive routing,T10-R0415,Primary ownership exactly once; verify through declared seam or explicit gated live receipt.,IMPLEMENTED_OFFLINE_VERIFIED,hermes_jev/router.py,60-test offline suite + compileall + release checks
416,22. Adaptive Jev trigger signals,evidence_delta.,T10,"Novelty, decision, evidence, risk, and uncertainty delta detectors",Phase 4 — adaptive routing,T10-R0416,Primary ownership exactly once; verify through declared seam or explicit gated live receipt.,IMPLEMENTED_OFFLINE_VERIFIED,hermes_jev/router.py,60-test offline suite + compileall + release checks
417,22. Adaptive Jev trigger signals,risk_delta.,T10,"Novelty, decision, evidence, risk, and uncertainty delta detectors",Phase 4 — adaptive routing,T10-R0417,Primary ownership exactly once; verify through declared seam or explicit gated live receipt.,IMPLEMENTED_OFFLINE_VERIFIED,hermes_jev/router.py,60-test offline suite + compileall + release checks
418,22. Adaptive Jev trigger signals,uncertainty_delta.,T10,"Novelty, decision, evidence, risk, and uncertainty delta detectors",Phase 4 — adaptive routing,T10-R0418,Primary ownership exactly once; verify through declared seam or explicit gated live receipt.,IMPLEMENTED_OFFLINE_VERIFIED,hermes_jev/router.py,60-test offline suite + compileall + release checks
419,22. Adaptive Jev trigger signals,completion_pressure.,T10,"Novelty, decision, evidence, risk, and uncertainty delta detectors",Phase 4 — adaptive routing,T10-R0419,Primary ownership exactly once; verify through declared seam or explicit gated live receipt.,IMPLEMENTED_OFFLINE_VERIFIED,hermes_jev/router.py,60-test offline suite + compileall + release checks
420,22. Adaptive Jev trigger signals,Strategy changes increase Jev pressure.,T10,"Novelty, decision, evidence, risk, and uncertainty delta detectors",Phase 4 — adaptive routing,T10-R0420,Primary ownership exactly once; verify through declared seam or explicit gated live receipt.,IMPLEMENTED_OFFLINE_VERIFIED,hermes_jev/router.py,60-test offline suite + compileall + release checks
421,22. Adaptive Jev trigger signals,Unexpected results increase Jev pressure.,T10,"Novelty, decision, evidence, risk, and uncertainty delta detectors",Phase 4 — adaptive routing,T10-R0421,Primary ownership exactly once; verify through declared seam or explicit gated live receipt.,IMPLEMENTED_OFFLINE_VERIFIED,hermes_jev/router.py,60-test offline suite + compileall + release checks
422,22. Adaptive Jev trigger signals,Hypothesis contradictions increase Jev pressure.,T10,"Novelty, decision, evidence, risk, and uncertainty delta detectors",Phase 4 — adaptive routing,T10-R0422,Primary ownership exactly once; verify through declared seam or explicit gated live receipt.,IMPLEMENTED_OFFLINE_VERIFIED,hermes_jev/router.py,60-test offline suite + compileall + release checks
423,22. Adaptive Jev trigger signals,Repeated failures increase Jev pressure.,T10,"Novelty, decision, evidence, risk, and uncertainty delta detectors",Phase 4 — adaptive routing,T10-R0423,Primary ownership exactly once; verify through declared seam or explicit gated live receipt.,IMPLEMENTED_OFFLINE_VERIFIED,hermes_jev/router.py,60-test offline suite + compileall + release checks
424,22. Adaptive Jev trigger signals,Falling Hermes confidence increases Jev pressure.,T10,"Novelty, decision, evidence, risk, and uncertainty delta detectors",Phase 4 — adaptive routing,T10-R0424,Primary ownership exactly once; verify through declared seam or explicit gated live receipt.,IMPLEMENTED_OFFLINE_VERIFIED,hermes_jev/router.py,60-test offline suite + compileall + release checks
425,22. Adaptive Jev trigger signals,Multiple viable paths increase Jev pressure.,T10,"Novelty, decision, evidence, risk, and uncertainty delta detectors",Phase 4 — adaptive routing,T10-R0425,Primary ownership exactly once; verify through declared seam or explicit gated live receipt.,IMPLEMENTED_OFFLINE_VERIFIED,hermes_jev/router.py,60-test offline suite + compileall + release checks
426,22. Adaptive Jev trigger signals,Approaching external mutation increases Jev pressure.,T10,"Novelty, decision, evidence, risk, and uncertainty delta detectors",Phase 4 — adaptive routing,T10-R0426,Primary ownership exactly once; verify through declared seam or explicit gated live receipt.,IMPLEMENTED_OFFLINE_VERIFIED,hermes_jev/router.py,60-test offline suite + compileall + release checks
427,22. Adaptive Jev trigger signals,Increasing cost increases Jev pressure.,T10,"Novelty, decision, evidence, risk, and uncertainty delta detectors",Phase 4 — adaptive routing,T10-R0427,Primary ownership exactly once; verify through declared seam or explicit gated live receipt.,IMPLEMENTED_OFFLINE_VERIFIED,hermes_jev/router.py,60-test offline suite + compileall + release checks
428,22. Adaptive Jev trigger signals,Increasing risk increases Jev pressure.,T10,"Novelty, decision, evidence, risk, and uncertainty delta detectors",Phase 4 — adaptive routing,T10-R0428,Primary ownership exactly once; verify through declared seam or explicit gated live receipt.,IMPLEMENTED_OFFLINE_VERIFIED,hermes_jev/router.py,60-test offline suite + compileall + release checks
429,22. Adaptive Jev trigger signals,Approaching task completion increases Jev pressure.,T10,"Novelty, decision, evidence, risk, and uncertainty delta detectors",Phase 4 — adaptive routing,T10-R0429,Primary ownership exactly once; verify through declared seam or explicit gated live receipt.,IMPLEMENTED_OFFLINE_VERIFIED,hermes_jev/router.py,60-test offline suite + compileall + release checks
430,22. Adaptive Jev trigger signals,Aging/stale Jev guidance increases Jev pressure.,T10,"Novelty, decision, evidence, risk, and uncertainty delta detectors",Phase 4 — adaptive routing,T10-R0430,Primary ownership exactly once; verify through declared seam or explicit gated live receipt.,IMPLEMENTED_OFFLINE_VERIFIED,hermes_jev/router.py,60-test offline suite + compileall + release checks
431,22. Adaptive Jev trigger signals,Repetitive work decreases Jev pressure.,T10,"Novelty, decision, evidence, risk, and uncertainty delta detectors",Phase 4 — adaptive routing,T10-R0431,Primary ownership exactly once; verify through declared seam or explicit gated live receipt.,IMPLEMENTED_OFFLINE_VERIFIED,hermes_jev/router.py,60-test offline suite + compileall + release checks
432,22. Adaptive Jev trigger signals,Stable state decreases Jev pressure.,T10,"Novelty, decision, evidence, risk, and uncertainty delta detectors",Phase 4 — adaptive routing,T10-R0432,Primary ownership exactly once; verify through declared seam or explicit gated live receipt.,IMPLEMENTED_OFFLINE_VERIFIED,hermes_jev/router.py,60-test offline suite + compileall + release checks
433,22. Adaptive Jev trigger signals,Evidence confirming the current strategy decreases Jev pressure.,T10,"Novelty, decision, evidence, risk, and uncertainty delta detectors",Phase 4 — adaptive routing,T10-R0433,Primary ownership exactly once; verify through declared seam or explicit gated live receipt.,IMPLEMENTED_OFFLINE_VERIFIED,hermes_jev/router.py,60-test offline suite + compileall + release checks
434,22. Adaptive Jev trigger signals,Redundant observations decrease Jev pressure.,T10,"Novelty, decision, evidence, risk, and uncertainty delta detectors",Phase 4 — adaptive routing,T10-R0434,Primary ownership exactly once; verify through declared seam or explicit gated live receipt.,IMPLEMENTED_OFFLINE_VERIFIED,hermes_jev/router.py,60-test offline suite + compileall + release checks
435,22. Adaptive Jev trigger signals,Easily reversible actions decrease Jev pressure.,T10,"Novelty, decision, evidence, risk, and uncertainty delta detectors",Phase 4 — adaptive routing,T10-R0435,Primary ownership exactly once; verify through declared seam or explicit gated live receipt.,IMPLEMENTED_OFFLINE_VERIFIED,hermes_jev/router.py,60-test offline suite + compileall + release checks
436,22. Adaptive Jev trigger signals,Recent Jev assessment of equivalent state decreases Jev pressure.,T10,"Novelty, decision, evidence, risk, and uncertainty delta detectors",Phase 4 — adaptive routing,T10-R0436,Primary ownership exactly once; verify through declared seam or explicit gated live receipt.,IMPLEMENTED_OFFLINE_VERIFIED,hermes_jev/router.py,60-test offline suite + compileall + release checks
437,22. Adaptive Jev trigger signals,Materially new information can immediately increase pressure.,T10,"Novelty, decision, evidence, risk, and uncertainty delta detectors",Phase 4 — adaptive routing,T10-R0437,Primary ownership exactly once; verify through declared seam or explicit gated live receipt.,IMPLEMENTED_OFFLINE_VERIFIED,hermes_jev/router.py,60-test offline suite + compileall + release checks
438,22. Adaptive Jev trigger signals,A single highly significant event can outweigh hundreds of mundane events.,T10,"Novelty, decision, evidence, risk, and uncertainty delta detectors",Phase 4 — adaptive routing,T10-R0438,Primary ownership exactly once; verify through declared seam or explicit gated live receipt.,IMPLEMENTED_OFFLINE_VERIFIED,hermes_jev/router.py,60-test offline suite + compileall + release checks
439,23. Decision-delta logic,Detect same strategy/same trajectory.,T10,"Novelty, decision, evidence, risk, and uncertainty delta detectors",Phase 4 — adaptive routing,T10-R0439,Primary ownership exactly once; verify through declared seam or explicit gated live receipt.,IMPLEMENTED_OFFLINE_VERIFIED,hermes_jev/router.py,60-test offline suite + compileall + release checks
440,23. Decision-delta logic,Detect meaningful strategy transition.,T10,"Novelty, decision, evidence, risk, and uncertainty delta detectors",Phase 4 — adaptive routing,T10-R0440,Primary ownership exactly once; verify through declared seam or explicit gated live receipt.,IMPLEMENTED_OFFLINE_VERIFIED,hermes_jev/router.py,60-test offline suite + compileall + release checks
441,23. Decision-delta logic,Detect implementation-path changes.,T10,"Novelty, decision, evidence, risk, and uncertainty delta detectors",Phase 4 — adaptive routing,T10-R0441,Primary ownership exactly once; verify through declared seam or explicit gated live receipt.,IMPLEMENTED_OFFLINE_VERIFIED,hermes_jev/router.py,60-test offline suite + compileall + release checks
442,23. Decision-delta logic,Detect hypothesis switching.,T10,"Novelty, decision, evidence, risk, and uncertainty delta detectors",Phase 4 — adaptive routing,T10-R0442,Primary ownership exactly once; verify through declared seam or explicit gated live receipt.,IMPLEMENTED_OFFLINE_VERIFIED,hermes_jev/router.py,60-test offline suite + compileall + release checks
443,23. Decision-delta logic,Detect abandonment of current approach.,T10,"Novelty, decision, evidence, risk, and uncertainty delta detectors",Phase 4 — adaptive routing,T10-R0443,Primary ownership exactly once; verify through declared seam or explicit gated live receipt.,IMPLEMENTED_OFFLINE_VERIFIED,hermes_jev/router.py,60-test offline suite + compileall + release checks
444,23. Decision-delta logic,Detect newly introduced alternatives.,T10,"Novelty, decision, evidence, risk, and uncertainty delta detectors",Phase 4 — adaptive routing,T10-R0444,Primary ownership exactly once; verify through declared seam or explicit gated live receipt.,IMPLEMENTED_OFFLINE_VERIFIED,hermes_jev/router.py,60-test offline suite + compileall + release checks
445,23. Decision-delta logic,Detect closing/eliminating alternatives.,T10,"Novelty, decision, evidence, risk, and uncertainty delta detectors",Phase 4 — adaptive routing,T10-R0445,Primary ownership exactly once; verify through declared seam or explicit gated live receipt.,IMPLEMENTED_OFFLINE_VERIFIED,hermes_jev/router.py,60-test offline suite + compileall + release checks
446,23. Decision-delta logic,Detect when Hermes is merely continuing an already-selected strategy.,T10,"Novelty, decision, evidence, risk, and uncertainty delta detectors",Phase 4 — adaptive routing,T10-R0446,Primary ownership exactly once; verify through declared seam or explicit gated live receipt.,IMPLEMENTED_OFFLINE_VERIFIED,hermes_jev/router.py,60-test offline suite + compileall + release checks
447,23. Decision-delta logic,Continuing a stable strategy does not automatically re-call Jev.,T10,"Novelty, decision, evidence, risk, and uncertainty delta detectors",Phase 4 — adaptive routing,T10-R0447,Primary ownership exactly once; verify through declared seam or explicit gated live receipt.,IMPLEMENTED_OFFLINE_VERIFIED,hermes_jev/router.py,60-test offline suite + compileall + release checks
448,23. Decision-delta logic,Major trajectory shift strongly triggers Jev consideration.,T10,"Novelty, decision, evidence, risk, and uncertainty delta detectors",Phase 4 — adaptive routing,T10-R0448,Primary ownership exactly once; verify through declared seam or explicit gated live receipt.,IMPLEMENTED_OFFLINE_VERIFIED,hermes_jev/router.py,60-test offline suite + compileall + release checks
449,24. Evidence-delta logic,Detect genuinely new information.,T10,"Novelty, decision, evidence, risk, and uncertainty delta detectors",Phase 4 — adaptive routing,T10-R0449,Primary ownership exactly once; verify through declared seam or explicit gated live receipt.,IMPLEMENTED_OFFLINE_VERIFIED,hermes_jev/router.py,60-test offline suite + compileall + release checks
450,24. Evidence-delta logic,Detect redundant evidence.,T10,"Novelty, decision, evidence, risk, and uncertainty delta detectors",Phase 4 — adaptive routing,T10-R0450,Primary ownership exactly once; verify through declared seam or explicit gated live receipt.,IMPLEMENTED_OFFLINE_VERIFIED,hermes_jev/router.py,60-test offline suite + compileall + release checks
451,24. Evidence-delta logic,Detect confirming evidence.,T10,"Novelty, decision, evidence, risk, and uncertainty delta detectors",Phase 4 — adaptive routing,T10-R0451,Primary ownership exactly once; verify through declared seam or explicit gated live receipt.,IMPLEMENTED_OFFLINE_VERIFIED,hermes_jev/router.py,60-test offline suite + compileall + release checks
452,24. Evidence-delta logic,Detect contradictory evidence.,T10,"Novelty, decision, evidence, risk, and uncertainty delta detectors",Phase 4 — adaptive routing,T10-R0452,Primary ownership exactly once; verify through declared seam or explicit gated live receipt.,IMPLEMENTED_OFFLINE_VERIFIED,hermes_jev/router.py,60-test offline suite + compileall + release checks
453,24. Evidence-delta logic,Detect evidence disproving active hypothesis.,T10,"Novelty, decision, evidence, risk, and uncertainty delta detectors",Phase 4 — adaptive routing,T10-R0453,Primary ownership exactly once; verify through declared seam or explicit gated live receipt.,IMPLEMENTED_OFFLINE_VERIFIED,hermes_jev/router.py,60-test offline suite + compileall + release checks
454,24. Evidence-delta logic,Detect evidence substantially changing likelihoods.,T10,"Novelty, decision, evidence, risk, and uncertainty delta detectors",Phase 4 — adaptive routing,T10-R0454,Primary ownership exactly once; verify through declared seam or explicit gated live receipt.,IMPLEMENTED_OFFLINE_VERIFIED,hermes_jev/router.py,60-test offline suite + compileall + release checks
455,24. Evidence-delta logic,Detect evidence sufficient to move from investigation to remediation.,T10,"Novelty, decision, evidence, risk, and uncertainty delta detectors",Phase 4 — adaptive routing,T10-R0455,Primary ownership exactly once; verify through declared seam or explicit gated live receipt.,IMPLEMENTED_OFFLINE_VERIFIED,hermes_jev/router.py,60-test offline suite + compileall + release checks
456,24. Evidence-delta logic,Detect evidence sufficient to move from remediation to verification.,T10,"Novelty, decision, evidence, risk, and uncertainty delta detectors",Phase 4 — adaptive routing,T10-R0456,Primary ownership exactly once; verify through declared seam or explicit gated live receipt.,IMPLEMENTED_OFFLINE_VERIFIED,hermes_jev/router.py,60-test offline suite + compileall + release checks
457,24. Evidence-delta logic,Detect evidence sufficient to consider completion.,T10,"Novelty, decision, evidence, risk, and uncertainty delta detectors",Phase 4 — adaptive routing,T10-R0457,Primary ownership exactly once; verify through declared seam or explicit gated live receipt.,IMPLEMENTED_OFFLINE_VERIFIED,hermes_jev/router.py,60-test offline suite + compileall + release checks
458,24. Evidence-delta logic,Condense multiple evidence events before Jev.,T10,"Novelty, decision, evidence, risk, and uncertainty delta detectors",Phase 4 — adaptive routing,T10-R0458,Primary ownership exactly once; verify through declared seam or explicit gated live receipt.,IMPLEMENTED_OFFLINE_VERIFIED,hermes_jev/router.py,60-test offline suite + compileall + release checks
459,24. Evidence-delta logic,Prefer state transition summaries over raw logs.,T10,"Novelty, decision, evidence, risk, and uncertainty delta detectors",Phase 4 — adaptive routing,T10-R0459,Primary ownership exactly once; verify through declared seam or explicit gated live receipt.,IMPLEMENTED_OFFLINE_VERIFIED,hermes_jev/router.py,60-test offline suite + compileall + release checks
460,25. Risk-delta logic,Read-only introspection low risk.,T10,"Novelty, decision, evidence, risk, and uncertainty delta detectors",Phase 4 — adaptive routing,T10-R0460,Primary ownership exactly once; verify through declared seam or explicit gated live receipt.,IMPLEMENTED_OFFLINE_VERIFIED,hermes_jev/router.py,60-test offline suite + compileall + release checks
461,25. Risk-delta logic,Local reversible edits moderate risk.,T10,"Novelty, decision, evidence, risk, and uncertainty delta detectors",Phase 4 — adaptive routing,T10-R0461,Primary ownership exactly once; verify through declared seam or explicit gated live receipt.,IMPLEMENTED_OFFLINE_VERIFIED,hermes_jev/router.py,60-test offline suite + compileall + release checks
462,25. Risk-delta logic,Service restarts elevated risk.,T10,"Novelty, decision, evidence, risk, and uncertainty delta detectors",Phase 4 — adaptive routing,T10-R0462,Primary ownership exactly once; verify through declared seam or explicit gated live receipt.,IMPLEMENTED_OFFLINE_VERIFIED,hermes_jev/router.py,60-test offline suite + compileall + release checks
463,25. Risk-delta logic,Git push elevated risk.,T10,"Novelty, decision, evidence, risk, and uncertainty delta detectors",Phase 4 — adaptive routing,T10-R0463,Primary ownership exactly once; verify through declared seam or explicit gated live receipt.,IMPLEMENTED_OFFLINE_VERIFIED,hermes_jev/router.py,60-test offline suite + compileall + release checks
464,25. Risk-delta logic,Deployment elevated risk.,T10,"Novelty, decision, evidence, risk, and uncertainty delta detectors",Phase 4 — adaptive routing,T10-R0464,Primary ownership exactly once; verify through declared seam or explicit gated live receipt.,IMPLEMENTED_OFFLINE_VERIFIED,hermes_jev/router.py,60-test offline suite + compileall + release checks
465,25. Risk-delta logic,Message/send actions elevated risk.,T10,"Novelty, decision, evidence, risk, and uncertainty delta detectors",Phase 4 — adaptive routing,T10-R0465,Primary ownership exactly once; verify through declared seam or explicit gated live receipt.,IMPLEMENTED_OFFLINE_VERIFIED,hermes_jev/router.py,60-test offline suite + compileall + release checks
466,25. Risk-delta logic,Deletes elevated risk.,T10,"Novelty, decision, evidence, risk, and uncertainty delta detectors",Phase 4 — adaptive routing,T10-R0466,Primary ownership exactly once; verify through declared seam or explicit gated live receipt.,IMPLEMENTED_OFFLINE_VERIFIED,hermes_jev/router.py,60-test offline suite + compileall + release checks
467,25. Risk-delta logic,Purchases or irreversible external state elevated risk.,T10,"Novelty, decision, evidence, risk, and uncertainty delta detectors",Phase 4 — adaptive routing,T10-R0467,Primary ownership exactly once; verify through declared seam or explicit gated live receipt.,IMPLEMENTED_OFFLINE_VERIFIED,hermes_jev/router.py,60-test offline suite + compileall + release checks
468,25. Risk-delta logic,Risk trajectory used in Jev call-worthiness calculation.,T10,"Novelty, decision, evidence, risk, and uncertainty delta detectors",Phase 4 — adaptive routing,T10-R0468,Primary ownership exactly once; verify through declared seam or explicit gated live receipt.,IMPLEMENTED_OFFLINE_VERIFIED,hermes_jev/router.py,60-test offline suite + compileall + release checks
469,25. Risk-delta logic,Risk escalation can bypass ordinary batching.,T10,"Novelty, decision, evidence, risk, and uncertainty delta detectors",Phase 4 — adaptive routing,T10-R0469,Primary ownership exactly once; verify through declared seam or explicit gated live receipt.,IMPLEMENTED_OFFLINE_VERIFIED,hermes_jev/router.py,60-test offline suite + compileall + release checks
470,26. Uncertainty-delta logic,Detect one obvious continuation path.,T10,"Novelty, decision, evidence, risk, and uncertainty delta detectors",Phase 4 — adaptive routing,T10-R0470,Primary ownership exactly once; verify through declared seam or explicit gated live receipt.,IMPLEMENTED_OFFLINE_VERIFIED,hermes_jev/router.py,60-test offline suite + compileall + release checks
471,26. Uncertainty-delta logic,Detect multiple plausible paths.,T10,"Novelty, decision, evidence, risk, and uncertainty delta detectors",Phase 4 — adaptive routing,T10-R0471,Primary ownership exactly once; verify through declared seam or explicit gated live receipt.,IMPLEMENTED_OFFLINE_VERIFIED,hermes_jev/router.py,60-test offline suite + compileall + release checks
472,26. Uncertainty-delta logic,Detect unresolved competing hypotheses.,T10,"Novelty, decision, evidence, risk, and uncertainty delta detectors",Phase 4 — adaptive routing,T10-R0472,Primary ownership exactly once; verify through declared seam or explicit gated live receipt.,IMPLEMENTED_OFFLINE_VERIFIED,hermes_jev/router.py,60-test offline suite + compileall + release checks
473,26. Uncertainty-delta logic,Detect low-confidence Hermes decision.,T10,"Novelty, decision, evidence, risk, and uncertainty delta detectors",Phase 4 — adaptive routing,T10-R0473,Primary ownership exactly once; verify through declared seam or explicit gated live receipt.,IMPLEMENTED_OFFLINE_VERIFIED,hermes_jev/router.py,60-test offline suite + compileall + release checks
474,26. Uncertainty-delta logic,Detect ambiguity requiring evidence.,T10,"Novelty, decision, evidence, risk, and uncertainty delta detectors",Phase 4 — adaptive routing,T10-R0474,Primary ownership exactly once; verify through declared seam or explicit gated live receipt.,IMPLEMENTED_OFFLINE_VERIFIED,hermes_jev/router.py,60-test offline suite + compileall + release checks
475,26. Uncertainty-delta logic,Detect ambiguity requiring human input.,T10,"Novelty, decision, evidence, risk, and uncertainty delta detectors",Phase 4 — adaptive routing,T10-R0475,Primary ownership exactly once; verify through declared seam or explicit gated live receipt.,IMPLEMENTED_OFFLINE_VERIFIED,hermes_jev/router.py,60-test offline suite + compileall + release checks
476,26. Uncertainty-delta logic,Increased uncertainty increases Jev call value.,T10,"Novelty, decision, evidence, risk, and uncertainty delta detectors",Phase 4 — adaptive routing,T10-R0476,Primary ownership exactly once; verify through declared seam or explicit gated live receipt.,IMPLEMENTED_OFFLINE_VERIFIED,hermes_jev/router.py,60-test offline suite + compileall + release checks
477,26. Uncertainty-delta logic,Reduced uncertainty suppresses unnecessary Jev calls.,T10,"Novelty, decision, evidence, risk, and uncertainty delta detectors",Phase 4 — adaptive routing,T10-R0477,Primary ownership exactly once; verify through declared seam or explicit gated live receipt.,IMPLEMENTED_OFFLINE_VERIFIED,hermes_jev/router.py,60-test offline suite + compileall + release checks
478,27. Completion pressure,Detect transition from active work toward I think this is done.,T11,"Completion pressure, decision leases, and hysteresis",Phase 4 — adaptive routing,T11-R0478,Primary ownership exactly once; verify through declared seam or explicit gated live receipt.,IMPLEMENTED_OFFLINE_VERIFIED,hermes_jev/router.py; hermes_jev/nervous.py,60-test offline suite + compileall + release checks
479,27. Completion pressure,Detect COMPLETION_CANDIDATE.,T11,"Completion pressure, decision leases, and hysteresis",Phase 4 — adaptive routing,T11-R0479,Primary ownership exactly once; verify through declared seam or explicit gated live receipt.,IMPLEMENTED_OFFLINE_VERIFIED,hermes_jev/router.py; hermes_jev/nervous.py,60-test offline suite + compileall + release checks
480,27. Completion pressure,Completion events receive high Jev priority.,T11,"Completion pressure, decision leases, and hysteresis",Phase 4 — adaptive routing,T11-R0480,Primary ownership exactly once; verify through declared seam or explicit gated live receipt.,IMPLEMENTED_OFFLINE_VERIFIED,hermes_jev/router.py; hermes_jev/nervous.py,60-test offline suite + compileall + release checks
481,27. Completion pressure,Completion review can bypass sparse polling.,T11,"Completion pressure, decision leases, and hysteresis",Phase 4 — adaptive routing,T11-R0481,Primary ownership exactly once; verify through declared seam or explicit gated live receipt.,IMPLEMENTED_OFFLINE_VERIFIED,hermes_jev/router.py; hermes_jev/nervous.py,60-test offline suite + compileall + release checks
482,27. Completion pressure,Jev checks whether observed evidence satisfies done criteria.,T11,"Completion pressure, decision leases, and hysteresis",Phase 4 — adaptive routing,T11-R0482,Primary ownership exactly once; verify through declared seam or explicit gated live receipt.,IMPLEMENTED_OFFLINE_VERIFIED,hermes_jev/router.py; hermes_jev/nervous.py,60-test offline suite + compileall + release checks
483,27. Completion pressure,Jev can return DONE.,T11,"Completion pressure, decision leases, and hysteresis",Phase 4 — adaptive routing,T11-R0483,Primary ownership exactly once; verify through declared seam or explicit gated live receipt.,IMPLEMENTED_OFFLINE_VERIFIED,hermes_jev/router.py; hermes_jev/nervous.py,60-test offline suite + compileall + release checks
484,27. Completion pressure,Jev can return NOT_DONE.,T11,"Completion pressure, decision leases, and hysteresis",Phase 4 — adaptive routing,T11-R0484,Primary ownership exactly once; verify through declared seam or explicit gated live receipt.,IMPLEMENTED_OFFLINE_VERIFIED,hermes_jev/router.py; hermes_jev/nervous.py,60-test offline suite + compileall + release checks
485,27. Completion pressure,Jev can return NEEDS_VERIFICATION.,T11,"Completion pressure, decision leases, and hysteresis",Phase 4 — adaptive routing,T11-R0485,Primary ownership exactly once; verify through declared seam or explicit gated live receipt.,IMPLEMENTED_OFFLINE_VERIFIED,hermes_jev/router.py; hermes_jev/nervous.py,60-test offline suite + compileall + release checks
486,27. Completion pressure,Completion assessment can map to PASS/RETRY/REPLAN/ESCALATE.,T11,"Completion pressure, decision leases, and hysteresis",Phase 4 — adaptive routing,T11-R0486,Primary ownership exactly once; verify through declared seam or explicit gated live receipt.,IMPLEMENTED_OFFLINE_VERIFIED,hermes_jev/router.py; hermes_jev/nervous.py,60-test offline suite + compileall + release checks
487,27. Completion pressure,Premature completion detection.,T11,"Completion pressure, decision leases, and hysteresis",Phase 4 — adaptive routing,T11-R0487,Primary ownership exactly once; verify through declared seam or explicit gated live receipt.,IMPLEMENTED_OFFLINE_VERIFIED,hermes_jev/router.py; hermes_jev/nervous.py,60-test offline suite + compileall + release checks
488,27. Completion pressure,False PASS treated as a critical metric.,T11,"Completion pressure, decision leases, and hysteresis",Phase 4 — adaptive routing,T11-R0488,Primary ownership exactly once; verify through declared seam or explicit gated live receipt.,IMPLEMENTED_OFFLINE_VERIFIED,hermes_jev/router.py; hermes_jev/nervous.py,60-test offline suite + compileall + release checks
489,27. Completion pressure,Completion decisions tied to explicit objective done criteria.,T11,"Completion pressure, decision leases, and hysteresis",Phase 4 — adaptive routing,T11-R0489,Primary ownership exactly once; verify through declared seam or explicit gated live receipt.,IMPLEMENTED_OFFLINE_VERIFIED,hermes_jev/router.py; hermes_jev/nervous.py,60-test offline suite + compileall + release checks
490,28. Decision leases / Jev freshness,Jev decisions can remain valid across multiple Hermes actions.,T11,"Completion pressure, decision leases, and hysteresis",Phase 4 — adaptive routing,T11-R0490,Primary ownership exactly once; verify through declared seam or explicit gated live receipt.,IMPLEMENTED_OFFLINE_VERIFIED,hermes_jev/router.py; hermes_jev/nervous.py,60-test offline suite + compileall + release checks
491,28. Decision leases / Jev freshness,Decision lease concept.,T11,"Completion pressure, decision leases, and hysteresis",Phase 4 — adaptive routing,T11-R0491,Primary ownership exactly once; verify through declared seam or explicit gated live receipt.,IMPLEMENTED_OFFLINE_VERIFIED,hermes_jev/router.py; hermes_jev/nervous.py,60-test offline suite + compileall + release checks
492,28. Decision leases / Jev freshness,Lease allows Hermes to act autonomously under an already-selected strategy.,T11,"Completion pressure, decision leases, and hysteresis",Phase 4 — adaptive routing,T11-R0492,Primary ownership exactly once; verify through declared seam or explicit gated live receipt.,IMPLEMENTED_OFFLINE_VERIFIED,hermes_jev/router.py; hermes_jev/nervous.py,60-test offline suite + compileall + release checks
493,28. Decision leases / Jev freshness,Lease remains valid while decision state stays materially equivalent.,T11,"Completion pressure, decision leases, and hysteresis",Phase 4 — adaptive routing,T11-R0493,Primary ownership exactly once; verify through declared seam or explicit gated live receipt.,IMPLEMENTED_OFFLINE_VERIFIED,hermes_jev/router.py; hermes_jev/nervous.py,60-test offline suite + compileall + release checks
494,28. Decision leases / Jev freshness,Lease invalidated when active hypothesis is disproven.,T11,"Completion pressure, decision leases, and hysteresis",Phase 4 — adaptive routing,T11-R0494,Primary ownership exactly once; verify through declared seam or explicit gated live receipt.,IMPLEMENTED_OFFLINE_VERIFIED,hermes_jev/router.py; hermes_jev/nervous.py,60-test offline suite + compileall + release checks
495,28. Decision leases / Jev freshness,Lease invalidated by material failure.,T11,"Completion pressure, decision leases, and hysteresis",Phase 4 — adaptive routing,T11-R0495,Primary ownership exactly once; verify through declared seam or explicit gated live receipt.,IMPLEMENTED_OFFLINE_VERIFIED,hermes_jev/router.py; hermes_jev/nervous.py,60-test offline suite + compileall + release checks
496,28. Decision leases / Jev freshness,Lease invalidated by major strategy change.,T11,"Completion pressure, decision leases, and hysteresis",Phase 4 — adaptive routing,T11-R0496,Primary ownership exactly once; verify through declared seam or explicit gated live receipt.,IMPLEMENTED_OFFLINE_VERIFIED,hermes_jev/router.py; hermes_jev/nervous.py,60-test offline suite + compileall + release checks
497,28. Decision leases / Jev freshness,Lease invalidated when destructive/consequential action boundary appears.,T11,"Completion pressure, decision leases, and hysteresis",Phase 4 — adaptive routing,T11-R0497,Primary ownership exactly once; verify through declared seam or explicit gated live receipt.,IMPLEMENTED_OFFLINE_VERIFIED,hermes_jev/router.py; hermes_jev/nervous.py,60-test offline suite + compileall + release checks
498,28. Decision leases / Jev freshness,Lease invalidated when enough evidence exists to advance state.,T11,"Completion pressure, decision leases, and hysteresis",Phase 4 — adaptive routing,T11-R0498,Primary ownership exactly once; verify through declared seam or explicit gated live receipt.,IMPLEMENTED_OFFLINE_VERIFIED,hermes_jev/router.py; hermes_jev/nervous.py,60-test offline suite + compileall + release checks
499,28. Decision leases / Jev freshness,Lease invalidated when relevant state version changes materially.,T11,"Completion pressure, decision leases, and hysteresis",Phase 4 — adaptive routing,T11-R0499,Primary ownership exactly once; verify through declared seam or explicit gated live receipt.,IMPLEMENTED_OFFLINE_VERIFIED,hermes_jev/router.py; hermes_jev/nervous.py,60-test offline suite + compileall + release checks
500,28. Decision leases / Jev freshness,Lease reduces repeated Jev calls.,T11,"Completion pressure, decision leases, and hysteresis",Phase 4 — adaptive routing,T11-R0500,Primary ownership exactly once; verify through declared seam or explicit gated live receipt.,IMPLEMENTED_OFFLINE_VERIFIED,hermes_jev/router.py; hermes_jev/nervous.py,60-test offline suite + compileall + release checks
501,28. Decision leases / Jev freshness,Router checks Jev freshness before calling again.,T11,"Completion pressure, decision leases, and hysteresis",Phase 4 — adaptive routing,T11-R0501,Primary ownership exactly once; verify through declared seam or explicit gated live receipt.,IMPLEMENTED_OFFLINE_VERIFIED,hermes_jev/router.py; hermes_jev/nervous.py,60-test offline suite + compileall + release checks
502,28. Decision leases / Jev freshness,Hysteresis based on meaningful state change rather than time alone.,T11,"Completion pressure, decision leases, and hysteresis",Phase 4 — adaptive routing,T11-R0502,Primary ownership exactly once; verify through declared seam or explicit gated live receipt.,IMPLEMENTED_OFFLINE_VERIFIED,hermes_jev/router.py; hermes_jev/nervous.py,60-test offline suite + compileall + release checks
503,29. Hysteresis,Post-Jev-call hysteresis.,T11,"Completion pressure, decision leases, and hysteresis",Phase 4 — adaptive routing,T11-R0503,Primary ownership exactly once; verify through declared seam or explicit gated live receipt.,IMPLEMENTED_OFFLINE_VERIFIED,hermes_jev/router.py; hermes_jev/nervous.py,60-test offline suite + compileall + release checks
504,29. Hysteresis,Repeated equivalent observations do not immediately trigger another call.,T11,"Completion pressure, decision leases, and hysteresis",Phase 4 — adaptive routing,T11-R0504,Primary ownership exactly once; verify through declared seam or explicit gated live receipt.,IMPLEMENTED_OFFLINE_VERIFIED,hermes_jev/router.py; hermes_jev/nervous.py,60-test offline suite + compileall + release checks
505,29. Hysteresis,Confirming evidence alone normally does not trigger.,T11,"Completion pressure, decision leases, and hysteresis",Phase 4 — adaptive routing,T11-R0505,Primary ownership exactly once; verify through declared seam or explicit gated live receipt.,IMPLEMENTED_OFFLINE_VERIFIED,hermes_jev/router.py; hermes_jev/nervous.py,60-test offline suite + compileall + release checks
506,29. Hysteresis,Same-hypothesis file reads normally do not trigger.,T11,"Completion pressure, decision leases, and hysteresis",Phase 4 — adaptive routing,T11-R0506,Primary ownership exactly once; verify through declared seam or explicit gated live receipt.,IMPLEMENTED_OFFLINE_VERIFIED,hermes_jev/router.py; hermes_jev/nervous.py,60-test offline suite + compileall + release checks
507,29. Hysteresis,Unexpected failure can break hysteresis.,T11,"Completion pressure, decision leases, and hysteresis",Phase 4 — adaptive routing,T11-R0507,Primary ownership exactly once; verify through declared seam or explicit gated live receipt.,IMPLEMENTED_OFFLINE_VERIFIED,hermes_jev/router.py; hermes_jev/nervous.py,60-test offline suite + compileall + release checks
508,29. Hysteresis,Contradictory evidence can break hysteresis.,T11,"Completion pressure, decision leases, and hysteresis",Phase 4 — adaptive routing,T11-R0508,Primary ownership exactly once; verify through declared seam or explicit gated live receipt.,IMPLEMENTED_OFFLINE_VERIFIED,hermes_jev/router.py; hermes_jev/nervous.py,60-test offline suite + compileall + release checks
509,29. Hysteresis,Strategy transition can break hysteresis.,T11,"Completion pressure, decision leases, and hysteresis",Phase 4 — adaptive routing,T11-R0509,Primary ownership exactly once; verify through declared seam or explicit gated live receipt.,IMPLEMENTED_OFFLINE_VERIFIED,hermes_jev/router.py; hermes_jev/nervous.py,60-test offline suite + compileall + release checks
510,29. Hysteresis,Completion candidate can break hysteresis.,T11,"Completion pressure, decision leases, and hysteresis",Phase 4 — adaptive routing,T11-R0510,Primary ownership exactly once; verify through declared seam or explicit gated live receipt.,IMPLEMENTED_OFFLINE_VERIFIED,hermes_jev/router.py; hermes_jev/nervous.py,60-test offline suite + compileall + release checks
511,29. Hysteresis,High-risk boundary can break hysteresis.,T11,"Completion pressure, decision leases, and hysteresis",Phase 4 — adaptive routing,T11-R0511,Primary ownership exactly once; verify through declared seam or explicit gated live receipt.,IMPLEMENTED_OFFLINE_VERIFIED,hermes_jev/router.py; hermes_jev/nervous.py,60-test offline suite + compileall + release checks
512,29. Hysteresis,Hysteresis prevents Jev call storms.,T11,"Completion pressure, decision leases, and hysteresis",Phase 4 — adaptive routing,T11-R0512,Primary ownership exactly once; verify through declared seam or explicit gated live receipt.,IMPLEMENTED_OFFLINE_VERIFIED,hermes_jev/router.py; hermes_jev/nervous.py,60-test offline suite + compileall + release checks
513,30. Event batching,Event batching under high-volume execution.,T12,Adaptive batching and supervision intensity,Phase 4 — adaptive routing,T12-R0513,Primary ownership exactly once; verify through declared seam or explicit gated live receipt.,IMPLEMENTED_OFFLINE_VERIFIED,hermes_jev/nervous.py,60-test offline suite + compileall + release checks
514,30. Event batching,Repeated observations grouped.,T12,Adaptive batching and supervision intensity,Phase 4 — adaptive routing,T12-R0514,Primary ownership exactly once; verify through declared seam or explicit gated live receipt.,IMPLEMENTED_OFFLINE_VERIFIED,hermes_jev/nervous.py,60-test offline suite + compileall + release checks
515,30. Event batching,Repeated tool results summarized.,T12,Adaptive batching and supervision intensity,Phase 4 — adaptive routing,T12-R0515,Primary ownership exactly once; verify through declared seam or explicit gated live receipt.,IMPLEMENTED_OFFLINE_VERIFIED,hermes_jev/nervous.py,60-test offline suite + compileall + release checks
516,30. Event batching,Repeated failures summarized.,T12,Adaptive batching and supervision intensity,Phase 4 — adaptive routing,T12-R0516,Primary ownership exactly once; verify through declared seam or explicit gated live receipt.,IMPLEMENTED_OFFLINE_VERIFIED,hermes_jev/nervous.py,60-test offline suite + compileall + release checks
517,30. Event batching,Intermediate hypothesis evolution summarized.,T12,Adaptive batching and supervision intensity,Phase 4 — adaptive routing,T12-R0517,Primary ownership exactly once; verify through declared seam or explicit gated live receipt.,IMPLEMENTED_OFFLINE_VERIFIED,hermes_jev/nervous.py,60-test offline suite + compileall + release checks
518,30. Event batching,State transition summary sent instead of dozens of raw events.,T12,Adaptive batching and supervision intensity,Phase 4 — adaptive routing,T12-R0518,Primary ownership exactly once; verify through declared seam or explicit gated live receipt.,IMPLEMENTED_OFFLINE_VERIFIED,hermes_jev/nervous.py,60-test offline suite + compileall + release checks
519,30. Event batching,Batch may contain event count.,T12,Adaptive batching and supervision intensity,Phase 4 — adaptive routing,T12-R0519,Primary ownership exactly once; verify through declared seam or explicit gated live receipt.,IMPLEMENTED_OFFLINE_VERIFIED,hermes_jev/nervous.py,60-test offline suite + compileall + release checks
520,30. Event batching,Batch may contain tool-call count.,T12,Adaptive batching and supervision intensity,Phase 4 — adaptive routing,T12-R0520,Primary ownership exactly once; verify through declared seam or explicit gated live receipt.,IMPLEMENTED_OFFLINE_VERIFIED,hermes_jev/nervous.py,60-test offline suite + compileall + release checks
521,30. Event batching,Batch may contain failure count.,T12,Adaptive batching and supervision intensity,Phase 4 — adaptive routing,T12-R0521,Primary ownership exactly once; verify through declared seam or explicit gated live receipt.,IMPLEMENTED_OFFLINE_VERIFIED,hermes_jev/nervous.py,60-test offline suite + compileall + release checks
522,30. Event batching,Batch may contain new-hypothesis count.,T12,Adaptive batching and supervision intensity,Phase 4 — adaptive routing,T12-R0522,Primary ownership exactly once; verify through declared seam or explicit gated live receipt.,IMPLEMENTED_OFFLINE_VERIFIED,hermes_jev/nervous.py,60-test offline suite + compileall + release checks
523,30. Event batching,Batch may contain strategy-change count.,T12,Adaptive batching and supervision intensity,Phase 4 — adaptive routing,T12-R0523,Primary ownership exactly once; verify through declared seam or explicit gated live receipt.,IMPLEMENTED_OFFLINE_VERIFIED,hermes_jev/nervous.py,60-test offline suite + compileall + release checks
524,30. Event batching,Batch may contain current decision.,T12,Adaptive batching and supervision intensity,Phase 4 — adaptive routing,T12-R0524,Primary ownership exactly once; verify through declared seam or explicit gated live receipt.,IMPLEMENTED_OFFLINE_VERIFIED,hermes_jev/nervous.py,60-test offline suite + compileall + release checks
525,30. Event batching,Batch may contain current evidence delta.,T12,Adaptive batching and supervision intensity,Phase 4 — adaptive routing,T12-R0525,Primary ownership exactly once; verify through declared seam or explicit gated live receipt.,IMPLEMENTED_OFFLINE_VERIFIED,hermes_jev/nervous.py,60-test offline suite + compileall + release checks
526,30. Event batching,Batch may contain router trigger reasons.,T12,Adaptive batching and supervision intensity,Phase 4 — adaptive routing,T12-R0526,Primary ownership exactly once; verify through declared seam or explicit gated live receipt.,IMPLEMENTED_OFFLINE_VERIFIED,hermes_jev/nervous.py,60-test offline suite + compileall + release checks
527,30. Event batching,Batch may contain accumulated relevant state.,T12,Adaptive batching and supervision intensity,Phase 4 — adaptive routing,T12-R0527,Primary ownership exactly once; verify through declared seam or explicit gated live receipt.,IMPLEMENTED_OFFLINE_VERIFIED,hermes_jev/nervous.py,60-test offline suite + compileall + release checks
528,30. Event batching,Batch maintains provenance back to underlying events.,T12,Adaptive batching and supervision intensity,Phase 4 — adaptive routing,T12-R0528,Primary ownership exactly once; verify through declared seam or explicit gated live receipt.,IMPLEMENTED_OFFLINE_VERIFIED,hermes_jev/nervous.py,60-test offline suite + compileall + release checks
529,31. Adaptive polling/sparse mode,Polling/batching mode retained as a concept.,T12,Adaptive batching and supervision intensity,Phase 4 — adaptive routing,T12-R0529,Primary ownership exactly once; verify through declared seam or explicit gated live receipt.,IMPLEMENTED_OFFLINE_VERIFIED,hermes_jev/nervous.py,60-test offline suite + compileall + release checks
530,31. Adaptive polling/sparse mode,Polling is not based primarily on fixed every N events.,T12,Adaptive batching and supervision intensity,Phase 4 — adaptive routing,T12-R0530,Primary ownership exactly once; verify through declared seam or explicit gated live receipt.,IMPLEMENTED_OFFLINE_VERIFIED,hermes_jev/nervous.py,60-test offline suite + compileall + release checks
531,31. Adaptive polling/sparse mode,Polling triggered by workload/state characteristics.,T12,Adaptive batching and supervision intensity,Phase 4 — adaptive routing,T12-R0531,Primary ownership exactly once; verify through declared seam or explicit gated live receipt.,IMPLEMENTED_OFFLINE_VERIFIED,hermes_jev/nervous.py,60-test offline suite + compileall + release checks
532,31. Adaptive polling/sparse mode,Adaptive sparse mode.,T12,Adaptive batching and supervision intensity,Phase 4 — adaptive routing,T12-R0532,Primary ownership exactly once; verify through declared seam or explicit gated live receipt.,IMPLEMENTED_OFFLINE_VERIFIED,hermes_jev/nervous.py,60-test offline suite + compileall + release checks
533,31. Adaptive polling/sparse mode,Adaptive intensive mode.,T12,Adaptive batching and supervision intensity,Phase 4 — adaptive routing,T12-R0533,Primary ownership exactly once; verify through declared seam or explicit gated live receipt.,IMPLEMENTED_OFFLINE_VERIFIED,hermes_jev/nervous.py,60-test offline suite + compileall + release checks
534,31. Adaptive polling/sparse mode,Event pressure can change Jev granularity.,T12,Adaptive batching and supervision intensity,Phase 4 — adaptive routing,T12-R0534,Primary ownership exactly once; verify through declared seam or explicit gated live receipt.,IMPLEMENTED_OFFLINE_VERIFIED,hermes_jev/nervous.py,60-test offline suite + compileall + release checks
535,31. Adaptive polling/sparse mode,Decision materiality independently changes Jev priority.,T12,Adaptive batching and supervision intensity,Phase 4 — adaptive routing,T12-R0535,Primary ownership exactly once; verify through declared seam or explicit gated live receipt.,IMPLEMENTED_OFFLINE_VERIFIED,hermes_jev/nervous.py,60-test offline suite + compileall + release checks
536,31. Adaptive polling/sparse mode,High event density can decrease ordinary Jev frequency.,T12,Adaptive batching and supervision intensity,Phase 4 — adaptive routing,T12-R0536,Primary ownership exactly once; verify through declared seam or explicit gated live receipt.,IMPLEMENTED_OFFLINE_VERIFIED,hermes_jev/nervous.py,60-test offline suite + compileall + release checks
537,31. Adaptive polling/sparse mode,High decision consequence can increase Jev priority even under high density.,T12,Adaptive batching and supervision intensity,Phase 4 — adaptive routing,T12-R0537,Primary ownership exactly once; verify through declared seam or explicit gated live receipt.,IMPLEMENTED_OFFLINE_VERIFIED,hermes_jev/nervous.py,60-test offline suite + compileall + release checks
538,31. Adaptive polling/sparse mode,Ordinary low-value events can be accumulated locally.,T12,Adaptive batching and supervision intensity,Phase 4 — adaptive routing,T12-R0538,Primary ownership exactly once; verify through declared seam or explicit gated live receipt.,IMPLEMENTED_OFFLINE_VERIFIED,hermes_jev/nervous.py,60-test offline suite + compileall + release checks
539,31. Adaptive polling/sparse mode,Important decisions bypass polling.,T12,Adaptive batching and supervision intensity,Phase 4 — adaptive routing,T12-R0539,Primary ownership exactly once; verify through declared seam or explicit gated live receipt.,IMPLEMENTED_OFFLINE_VERIFIED,hermes_jev/nervous.py,60-test offline suite + compileall + release checks
540,31. Adaptive polling/sparse mode,Completion candidates bypass polling.,T12,Adaptive batching and supervision intensity,Phase 4 — adaptive routing,T12-R0540,Primary ownership exactly once; verify through declared seam or explicit gated live receipt.,IMPLEMENTED_OFFLINE_VERIFIED,hermes_jev/nervous.py,60-test offline suite + compileall + release checks
541,31. Adaptive polling/sparse mode,Consequential actions bypass polling.,T12,Adaptive batching and supervision intensity,Phase 4 — adaptive routing,T12-R0541,Primary ownership exactly once; verify through declared seam or explicit gated live receipt.,IMPLEMENTED_OFFLINE_VERIFIED,hermes_jev/nervous.py,60-test offline suite + compileall + release checks
542,31. Adaptive polling/sparse mode,Strategy changes bypass polling when sufficiently material.,T12,Adaptive batching and supervision intensity,Phase 4 — adaptive routing,T12-R0542,Primary ownership exactly once; verify through declared seam or explicit gated live receipt.,IMPLEMENTED_OFFLINE_VERIFIED,hermes_jev/nervous.py,60-test offline suite + compileall + release checks
543,31. Adaptive polling/sparse mode,Repeated failures bypass polling.,T12,Adaptive batching and supervision intensity,Phase 4 — adaptive routing,T12-R0543,Primary ownership exactly once; verify through declared seam or explicit gated live receipt.,IMPLEMENTED_OFFLINE_VERIFIED,hermes_jev/nervous.py,60-test offline suite + compileall + release checks
544,31. Adaptive polling/sparse mode,Human escalation decisions bypass polling.,T12,Adaptive batching and supervision intensity,Phase 4 — adaptive routing,T12-R0544,Primary ownership exactly once; verify through declared seam or explicit gated live receipt.,IMPLEMENTED_OFFLINE_VERIFIED,hermes_jev/nervous.py,60-test offline suite + compileall + release checks
545,31. Adaptive polling/sparse mode,Irreversible actions bypass polling.,T12,Adaptive batching and supervision intensity,Phase 4 — adaptive routing,T12-R0545,Primary ownership exactly once; verify through declared seam or explicit gated live receipt.,IMPLEMENTED_OFFLINE_VERIFIED,hermes_jev/nervous.py,60-test offline suite + compileall + release checks
546,31. Adaptive polling/sparse mode,High-materiality decisions bypass polling.,T12,Adaptive batching and supervision intensity,Phase 4 — adaptive routing,T12-R0546,Primary ownership exactly once; verify through declared seam or explicit gated live receipt.,IMPLEMENTED_OFFLINE_VERIFIED,hermes_jev/nervous.py,60-test offline suite + compileall + release checks
547,32. Jev-controlled supervision intensity,Jev may recommend its own future supervision intensity.,T12,Adaptive batching and supervision intensity,Phase 4 — adaptive routing,T12-R0547,Primary ownership exactly once; verify through declared seam or explicit gated live receipt.,IMPLEMENTED_OFFLINE_VERIFIED,hermes_jev/nervous.py,60-test offline suite + compileall + release checks
548,32. Jev-controlled supervision intensity,Jev may return supervision mode.,T12,Adaptive batching and supervision intensity,Phase 4 — adaptive routing,T12-R0548,Primary ownership exactly once; verify through declared seam or explicit gated live receipt.,IMPLEMENTED_OFFLINE_VERIFIED,hermes_jev/nervous.py,60-test offline suite + compileall + release checks
549,32. Jev-controlled supervision intensity,Example SPARSE supervision mode.,T12,Adaptive batching and supervision intensity,Phase 4 — adaptive routing,T12-R0549,Primary ownership exactly once; verify through declared seam or explicit gated live receipt.,IMPLEMENTED_OFFLINE_VERIFIED,hermes_jev/nervous.py,60-test offline suite + compileall + release checks
550,32. Jev-controlled supervision intensity,Example INTENSIVE supervision mode.,T12,Adaptive batching and supervision intensity,Phase 4 — adaptive routing,T12-R0550,Primary ownership exactly once; verify through declared seam or explicit gated live receipt.,IMPLEMENTED_OFFLINE_VERIFIED,hermes_jev/nervous.py,60-test offline suite + compileall + release checks
551,32. Jev-controlled supervision intensity,Jev may recommend which event classes to watch.,T12,Adaptive batching and supervision intensity,Phase 4 — adaptive routing,T12-R0551,Primary ownership exactly once; verify through declared seam or explicit gated live receipt.,IMPLEMENTED_OFFLINE_VERIFIED,hermes_jev/nervous.py,60-test offline suite + compileall + release checks
552,32. Jev-controlled supervision intensity,Jev may recommend looser observation when trajectory is stable.,T12,Adaptive batching and supervision intensity,Phase 4 — adaptive routing,T12-R0552,Primary ownership exactly once; verify through declared seam or explicit gated live receipt.,IMPLEMENTED_OFFLINE_VERIFIED,hermes_jev/nervous.py,60-test offline suite + compileall + release checks
553,32. Jev-controlled supervision intensity,Jev may recommend tighter observation when trajectory is unstable.,T12,Adaptive batching and supervision intensity,Phase 4 — adaptive routing,T12-R0553,Primary ownership exactly once; verify through declared seam or explicit gated live receipt.,IMPLEMENTED_OFFLINE_VERIFIED,hermes_jev/nervous.py,60-test offline suite + compileall + release checks
554,32. Jev-controlled supervision intensity,Jev may recommend a future polling cadence as a hint.,T12,Adaptive batching and supervision intensity,Phase 4 — adaptive routing,T12-R0554,Primary ownership exactly once; verify through declared seam or explicit gated live receipt.,IMPLEMENTED_OFFLINE_VERIFIED,hermes_jev/nervous.py,60-test offline suite + compileall + release checks
555,32. Jev-controlled supervision intensity,Poll cadence remains subordinate to local critical-event overrides.,T12,Adaptive batching and supervision intensity,Phase 4 — adaptive routing,T12-R0555,Primary ownership exactly once; verify through declared seam or explicit gated live receipt.,IMPLEMENTED_OFFLINE_VERIFIED,hermes_jev/nervous.py,60-test offline suite + compileall + release checks
556,32. Jev-controlled supervision intensity,Jev does not get called solely to decide whether each individual event warrants Jev.,T12,Adaptive batching and supervision intensity,Phase 4 — adaptive routing,T12-R0556,Primary ownership exactly once; verify through declared seam or explicit gated live receipt.,IMPLEMENTED_OFFLINE_VERIFIED,hermes_jev/nervous.py,60-test offline suite + compileall + release checks
557,33. Expected-value routing,Explicit concept of expected value of a Jev call.,T13,"Expected-value routing, materiality, and safety budgets",Phase 4 — adaptive routing,T13-R0557,Primary ownership exactly once; verify through declared seam or explicit gated live receipt.,IMPLEMENTED_OFFLINE_VERIFIED,hermes_jev/router.py; hermes_jev/nervous.py,60-test offline suite + compileall + release checks
558,33. Expected-value routing,Estimate probability Jev will produce a useful disagreement.,T13,"Expected-value routing, materiality, and safety budgets",Phase 4 — adaptive routing,T13-R0558,Primary ownership exactly once; verify through declared seam or explicit gated live receipt.,IMPLEMENTED_OFFLINE_VERIFIED,hermes_jev/router.py; hermes_jev/nervous.py,60-test offline suite + compileall + release checks
559,33. Expected-value routing,Weight by consequence of current decision.,T13,"Expected-value routing, materiality, and safety budgets",Phase 4 — adaptive routing,T13-R0559,Primary ownership exactly once; verify through declared seam or explicit gated live receipt.,IMPLEMENTED_OFFLINE_VERIFIED,hermes_jev/router.py; hermes_jev/nervous.py,60-test offline suite + compileall + release checks
560,33. Expected-value routing,Weight by uncertainty.,T13,"Expected-value routing, materiality, and safety budgets",Phase 4 — adaptive routing,T13-R0560,Primary ownership exactly once; verify through declared seam or explicit gated live receipt.,IMPLEMENTED_OFFLINE_VERIFIED,hermes_jev/router.py; hermes_jev/nervous.py,60-test offline suite + compileall + release checks
561,33. Expected-value routing,Weight by novelty.,T13,"Expected-value routing, materiality, and safety budgets",Phase 4 — adaptive routing,T13-R0561,Primary ownership exactly once; verify through declared seam or explicit gated live receipt.,IMPLEMENTED_OFFLINE_VERIFIED,hermes_jev/router.py; hermes_jev/nervous.py,60-test offline suite + compileall + release checks
562,33. Expected-value routing,Weight by materiality.,T13,"Expected-value routing, materiality, and safety budgets",Phase 4 — adaptive routing,T13-R0562,Primary ownership exactly once; verify through declared seam or explicit gated live receipt.,IMPLEMENTED_OFFLINE_VERIFIED,hermes_jev/router.py; hermes_jev/nervous.py,60-test offline suite + compileall + release checks
563,33. Expected-value routing,Weight by risk.,T13,"Expected-value routing, materiality, and safety budgets",Phase 4 — adaptive routing,T13-R0563,Primary ownership exactly once; verify through declared seam or explicit gated live receipt.,IMPLEMENTED_OFFLINE_VERIFIED,hermes_jev/router.py; hermes_jev/nervous.py,60-test offline suite + compileall + release checks
564,33. Expected-value routing,Weight by Jev freshness.,T13,"Expected-value routing, materiality, and safety budgets",Phase 4 — adaptive routing,T13-R0564,Primary ownership exactly once; verify through declared seam or explicit gated live receipt.,IMPLEMENTED_OFFLINE_VERIFIED,hermes_jev/router.py; hermes_jev/nervous.py,60-test offline suite + compileall + release checks
565,33. Expected-value routing,Subtract provider cost.,T13,"Expected-value routing, materiality, and safety budgets",Phase 4 — adaptive routing,T13-R0565,Primary ownership exactly once; verify through declared seam or explicit gated live receipt.,IMPLEMENTED_OFFLINE_VERIFIED,hermes_jev/router.py; hermes_jev/nervous.py,60-test offline suite + compileall + release checks
566,33. Expected-value routing,Subtract latency cost.,T13,"Expected-value routing, materiality, and safety budgets",Phase 4 — adaptive routing,T13-R0566,Primary ownership exactly once; verify through declared seam or explicit gated live receipt.,IMPLEMENTED_OFFLINE_VERIFIED,hermes_jev/router.py; hermes_jev/nervous.py,60-test offline suite + compileall + release checks
567,33. Expected-value routing,Subtract stale-answer risk.,T13,"Expected-value routing, materiality, and safety budgets",Phase 4 — adaptive routing,T13-R0567,Primary ownership exactly once; verify through declared seam or explicit gated live receipt.,IMPLEMENTED_OFFLINE_VERIFIED,hermes_jev/router.py; hermes_jev/nervous.py,60-test offline suite + compileall + release checks
568,33. Expected-value routing,Subtract redundant-call penalty.,T13,"Expected-value routing, materiality, and safety budgets",Phase 4 — adaptive routing,T13-R0568,Primary ownership exactly once; verify through declared seam or explicit gated live receipt.,IMPLEMENTED_OFFLINE_VERIFIED,hermes_jev/router.py; hermes_jev/nervous.py,60-test offline suite + compileall + release checks
569,33. Expected-value routing,Invoke Jev when expected benefit is sufficiently positive.,T13,"Expected-value routing, materiality, and safety budgets",Phase 4 — adaptive routing,T13-R0569,Primary ownership exactly once; verify through declared seam or explicit gated live receipt.,IMPLEMENTED_OFFLINE_VERIFIED,hermes_jev/router.py; hermes_jev/nervous.py,60-test offline suite + compileall + release checks
570,33. Expected-value routing,No requirement that expected-value logic literally use a single hand-coded equation.,T13,"Expected-value routing, materiality, and safety budgets",Phase 4 — adaptive routing,T13-R0570,Primary ownership exactly once; verify through declared seam or explicit gated live receipt.,IMPLEMENTED_OFFLINE_VERIFIED,hermes_jev/router.py; hermes_jev/nervous.py,60-test offline suite + compileall + release checks
571,33. Expected-value routing,Design philosophy centered on could another Jev opinion materially matter now?,T13,"Expected-value routing, materiality, and safety budgets",Phase 4 — adaptive routing,T13-R0571,Primary ownership exactly once; verify through declared seam or explicit gated live receipt.,IMPLEMENTED_OFFLINE_VERIFIED,hermes_jev/router.py; hermes_jev/nervous.py,60-test offline suite + compileall + release checks
572,34. No hard-coded event-count dependence,No primary call Jev every 10 events behavior.,T13,"Expected-value routing, materiality, and safety budgets",Phase 4 — adaptive routing,T13-R0572,Primary ownership exactly once; verify through declared seam or explicit gated live receipt.,IMPLEMENTED_OFFLINE_VERIFIED,hermes_jev/router.py; hermes_jev/nervous.py,60-test offline suite + compileall + release checks
573,34. No hard-coded event-count dependence,No primary call Jev after 25 events behavior.,T13,"Expected-value routing, materiality, and safety budgets",Phase 4 — adaptive routing,T13-R0573,Primary ownership exactly once; verify through declared seam or explicit gated live receipt.,IMPLEMENTED_OFFLINE_VERIFIED,hermes_jev/router.py; hermes_jev/nervous.py,60-test offline suite + compileall + release checks
574,34. No hard-coded event-count dependence,No primary call Jev after 100 tool calls behavior.,T13,"Expected-value routing, materiality, and safety budgets",Phase 4 — adaptive routing,T13-R0574,Primary ownership exactly once; verify through declared seam or explicit gated live receipt.,IMPLEMENTED_OFFLINE_VERIFIED,hermes_jev/router.py; hermes_jev/nervous.py,60-test offline suite + compileall + release checks
575,34. No hard-coded event-count dependence,Event counts may remain as contextual signals.,T13,"Expected-value routing, materiality, and safety budgets",Phase 4 — adaptive routing,T13-R0575,Primary ownership exactly once; verify through declared seam or explicit gated live receipt.,IMPLEMENTED_OFFLINE_VERIFIED,hermes_jev/router.py; hermes_jev/nervous.py,60-test offline suite + compileall + release checks
576,34. No hard-coded event-count dependence,Event counts may remain as diagnostics.,T13,"Expected-value routing, materiality, and safety budgets",Phase 4 — adaptive routing,T13-R0576,Primary ownership exactly once; verify through declared seam or explicit gated live receipt.,IMPLEMENTED_OFFLINE_VERIFIED,hermes_jev/router.py; hermes_jev/nervous.py,60-test offline suite + compileall + release checks
577,34. No hard-coded event-count dependence,Event counts may remain as emergency ceilings.,T13,"Expected-value routing, materiality, and safety budgets",Phase 4 — adaptive routing,T13-R0577,Primary ownership exactly once; verify through declared seam or explicit gated live receipt.,IMPLEMENTED_OFFLINE_VERIFIED,hermes_jev/router.py; hermes_jev/nervous.py,60-test offline suite + compileall + release checks
578,34. No hard-coded event-count dependence,Hard maximum/provider budget only as a safety valve.,T13,"Expected-value routing, materiality, and safety budgets",Phase 4 — adaptive routing,T13-R0578,Primary ownership exactly once; verify through declared seam or explicit gated live receipt.,IMPLEMENTED_OFFLINE_VERIFIED,hermes_jev/router.py; hermes_jev/nervous.py,60-test offline suite + compileall + release checks
579,34. No hard-coded event-count dependence,Adaptive state relevance remains primary call trigger.,T13,"Expected-value routing, materiality, and safety budgets",Phase 4 — adaptive routing,T13-R0579,Primary ownership exactly once; verify through declared seam or explicit gated live receipt.,IMPLEMENTED_OFFLINE_VERIFIED,hermes_jev/router.py; hermes_jev/nervous.py,60-test offline suite + compileall + release checks
580,35. Router materiality model,Continuous materiality signal.,T13,"Expected-value routing, materiality, and safety budgets",Phase 4 — adaptive routing,T13-R0580,Primary ownership exactly once; verify through declared seam or explicit gated live receipt.,IMPLEMENTED_OFFLINE_VERIFIED,hermes_jev/router.py; hermes_jev/nervous.py,60-test offline suite + compileall + release checks
581,35. Router materiality model,Earlier 0–5 materiality idea retained as a conceptual feature if useful.,T13,"Expected-value routing, materiality, and safety budgets",Phase 4 — adaptive routing,T13-R0581,Primary ownership exactly once; verify through declared seam or explicit gated live receipt.,IMPLEMENTED_OFFLINE_VERIFIED,hermes_jev/router.py; hermes_jev/nervous.py,60-test offline suite + compileall + release checks
582,35. Router materiality model,Materiality not used as a single permanent hard-coded threshold.,T13,"Expected-value routing, materiality, and safety budgets",Phase 4 — adaptive routing,T13-R0582,Primary ownership exactly once; verify through declared seam or explicit gated live receipt.,IMPLEMENTED_OFFLINE_VERIFIED,hermes_jev/router.py; hermes_jev/nervous.py,60-test offline suite + compileall + release checks
583,35. Router materiality model,Trivial operational details very low materiality.,T13,"Expected-value routing, materiality, and safety budgets",Phase 4 — adaptive routing,T13-R0583,Primary ownership exactly once; verify through declared seam or explicit gated live receipt.,IMPLEMENTED_OFFLINE_VERIFIED,hermes_jev/router.py; hermes_jev/nervous.py,60-test offline suite + compileall + release checks
584,35. Router materiality model,Meaningful but reversible details low/moderate materiality.,T13,"Expected-value routing, materiality, and safety budgets",Phase 4 — adaptive routing,T13-R0584,Primary ownership exactly once; verify through declared seam or explicit gated live receipt.,IMPLEMENTED_OFFLINE_VERIFIED,hermes_jev/router.py; hermes_jev/nervous.py,60-test offline suite + compileall + release checks
585,35. Router materiality model,Strategy-changing choices high materiality.,T13,"Expected-value routing, materiality, and safety budgets",Phase 4 — adaptive routing,T13-R0585,Primary ownership exactly once; verify through declared seam or explicit gated live receipt.,IMPLEMENTED_OFFLINE_VERIFIED,hermes_jev/router.py; hermes_jev/nervous.py,60-test offline suite + compileall + release checks
586,35. Router materiality model,External/irreversible choices high materiality.,T13,"Expected-value routing, materiality, and safety budgets",Phase 4 — adaptive routing,T13-R0586,Primary ownership exactly once; verify through declared seam or explicit gated live receipt.,IMPLEMENTED_OFFLINE_VERIFIED,hermes_jev/router.py; hermes_jev/nervous.py,60-test offline suite + compileall + release checks
587,35. Router materiality model,Completion high materiality.,T13,"Expected-value routing, materiality, and safety budgets",Phase 4 — adaptive routing,T13-R0587,Primary ownership exactly once; verify through declared seam or explicit gated live receipt.,IMPLEMENTED_OFFLINE_VERIFIED,hermes_jev/router.py; hermes_jev/nervous.py,60-test offline suite + compileall + release checks
588,35. Router materiality model,Materiality combined with uncertainty and consequence.,T13,"Expected-value routing, materiality, and safety budgets",Phase 4 — adaptive routing,T13-R0588,Primary ownership exactly once; verify through declared seam or explicit gated live receipt.,IMPLEMENTED_OFFLINE_VERIFIED,hermes_jev/router.py; hermes_jev/nervous.py,60-test offline suite + compileall + release checks
589,35. Router materiality model,Materiality included in telemetry.,T13,"Expected-value routing, materiality, and safety budgets",Phase 4 — adaptive routing,T13-R0589,Primary ownership exactly once; verify through declared seam or explicit gated live receipt.,IMPLEMENTED_OFFLINE_VERIFIED,hermes_jev/router.py; hermes_jev/nervous.py,60-test offline suite + compileall + release checks
590,36. Critical Jev control states,CONTINUE.,T14,"Control states, recovery, and ambiguity handling",Phase 5 — decision contracts,T14-R0590,Primary ownership exactly once; verify through declared seam or explicit gated live receipt.,IMPLEMENTED_OFFLINE_VERIFIED,hermes_jev/nervous.py; hermes_jev/engine.py,60-test offline suite + compileall + release checks
591,36. Critical Jev control states,RETRY.,T14,"Control states, recovery, and ambiguity handling",Phase 5 — decision contracts,T14-R0591,Primary ownership exactly once; verify through declared seam or explicit gated live receipt.,IMPLEMENTED_OFFLINE_VERIFIED,hermes_jev/nervous.py; hermes_jev/engine.py,60-test offline suite + compileall + release checks
592,36. Critical Jev control states,REPLAN.,T14,"Control states, recovery, and ambiguity handling",Phase 5 — decision contracts,T14-R0592,Primary ownership exactly once; verify through declared seam or explicit gated live receipt.,IMPLEMENTED_OFFLINE_VERIFIED,hermes_jev/nervous.py; hermes_jev/engine.py,60-test offline suite + compileall + release checks
593,36. Critical Jev control states,ESCALATE.,T14,"Control states, recovery, and ambiguity handling",Phase 5 — decision contracts,T14-R0593,Primary ownership exactly once; verify through declared seam or explicit gated live receipt.,IMPLEMENTED_OFFLINE_VERIFIED,hermes_jev/nervous.py; hermes_jev/engine.py,60-test offline suite + compileall + release checks
594,36. Critical Jev control states,DONE.,T14,"Control states, recovery, and ambiguity handling",Phase 5 — decision contracts,T14-R0594,Primary ownership exactly once; verify through declared seam or explicit gated live receipt.,IMPLEMENTED_OFFLINE_VERIFIED,hermes_jev/nervous.py; hermes_jev/engine.py,60-test offline suite + compileall + release checks
595,36. Critical Jev control states,GATHER_EVIDENCE.,T14,"Control states, recovery, and ambiguity handling",Phase 5 — decision contracts,T14-R0595,Primary ownership exactly once; verify through declared seam or explicit gated live receipt.,IMPLEMENTED_OFFLINE_VERIFIED,hermes_jev/nervous.py; hermes_jev/engine.py,60-test offline suite + compileall + release checks
596,36. Critical Jev control states,ASK_HUMAN.,T14,"Control states, recovery, and ambiguity handling",Phase 5 — decision contracts,T14-R0596,Primary ownership exactly once; verify through declared seam or explicit gated live receipt.,IMPLEMENTED_OFFLINE_VERIFIED,hermes_jev/nervous.py; hermes_jev/engine.py,60-test offline suite + compileall + release checks
597,36. Critical Jev control states,Potential ROLLBACK.,T14,"Control states, recovery, and ambiguity handling",Phase 5 — decision contracts,T14-R0597,Primary ownership exactly once; verify through declared seam or explicit gated live receipt.,IMPLEMENTED_OFFLINE_VERIFIED,hermes_jev/nervous.py; hermes_jev/engine.py,60-test offline suite + compileall + release checks
598,36. Critical Jev control states,Potential INSPECT.,T14,"Control states, recovery, and ambiguity handling",Phase 5 — decision contracts,T14-R0598,Primary ownership exactly once; verify through declared seam or explicit gated live receipt.,IMPLEMENTED_OFFLINE_VERIFIED,hermes_jev/nervous.py; hermes_jev/engine.py,60-test offline suite + compileall + release checks
599,36. Critical Jev control states,Potential strategy-specific bounded labels.,T14,"Control states, recovery, and ambiguity handling",Phase 5 — decision contracts,T14-R0599,Primary ownership exactly once; verify through declared seam or explicit gated live receipt.,IMPLEMENTED_OFFLINE_VERIFIED,hermes_jev/nervous.py; hermes_jev/engine.py,60-test offline suite + compileall + release checks
600,36. Critical Jev control states,PASS.,T14,"Control states, recovery, and ambiguity handling",Phase 5 — decision contracts,T14-R0600,Primary ownership exactly once; verify through declared seam or explicit gated live receipt.,IMPLEMENTED_OFFLINE_VERIFIED,hermes_jev/nervous.py; hermes_jev/engine.py,60-test offline suite + compileall + release checks
601,36. Critical Jev control states,FAIL.,T14,"Control states, recovery, and ambiguity handling",Phase 5 — decision contracts,T14-R0601,Primary ownership exactly once; verify through declared seam or explicit gated live receipt.,IMPLEMENTED_OFFLINE_VERIFIED,hermes_jev/nervous.py; hermes_jev/engine.py,60-test offline suite + compileall + release checks
602,36. Critical Jev control states,PARTIAL.,T14,"Control states, recovery, and ambiguity handling",Phase 5 — decision contracts,T14-R0602,Primary ownership exactly once; verify through declared seam or explicit gated live receipt.,IMPLEMENTED_OFFLINE_VERIFIED,hermes_jev/nervous.py; hermes_jev/engine.py,60-test offline suite + compileall + release checks
603,36. Critical Jev control states,UNKNOWN.,T14,"Control states, recovery, and ambiguity handling",Phase 5 — decision contracts,T14-R0603,Primary ownership exactly once; verify through declared seam or explicit gated live receipt.,IMPLEMENTED_OFFLINE_VERIFIED,hermes_jev/nervous.py; hermes_jev/engine.py,60-test offline suite + compileall + release checks
604,36. Critical Jev control states,NOT_DONE.,T14,"Control states, recovery, and ambiguity handling",Phase 5 — decision contracts,T14-R0604,Primary ownership exactly once; verify through declared seam or explicit gated live receipt.,IMPLEMENTED_OFFLINE_VERIFIED,hermes_jev/nervous.py; hermes_jev/engine.py,60-test offline suite + compileall + release checks
605,36. Critical Jev control states,NEEDS_VERIFICATION.,T14,"Control states, recovery, and ambiguity handling",Phase 5 — decision contracts,T14-R0605,Primary ownership exactly once; verify through declared seam or explicit gated live receipt.,IMPLEMENTED_OFFLINE_VERIFIED,hermes_jev/nervous.py; hermes_jev/engine.py,60-test offline suite + compileall + release checks
606,37. Recovery control,Recovery decision events.,T14,"Control states, recovery, and ambiguity handling",Phase 5 — decision contracts,T14-R0606,Primary ownership exactly once; verify through declared seam or explicit gated live receipt.,IMPLEMENTED_OFFLINE_VERIFIED,hermes_jev/nervous.py; hermes_jev/engine.py,60-test offline suite + compileall + release checks
607,37. Recovery control,Retry vs replan.,T14,"Control states, recovery, and ambiguity handling",Phase 5 — decision contracts,T14-R0607,Primary ownership exactly once; verify through declared seam or explicit gated live receipt.,IMPLEMENTED_OFFLINE_VERIFIED,hermes_jev/nervous.py; hermes_jev/engine.py,60-test offline suite + compileall + release checks
608,37. Recovery control,Retry vs gather evidence.,T14,"Control states, recovery, and ambiguity handling",Phase 5 — decision contracts,T14-R0608,Primary ownership exactly once; verify through declared seam or explicit gated live receipt.,IMPLEMENTED_OFFLINE_VERIFIED,hermes_jev/nervous.py; hermes_jev/engine.py,60-test offline suite + compileall + release checks
609,37. Recovery control,Retry vs rollback.,T14,"Control states, recovery, and ambiguity handling",Phase 5 — decision contracts,T14-R0609,Primary ownership exactly once; verify through declared seam or explicit gated live receipt.,IMPLEMENTED_OFFLINE_VERIFIED,hermes_jev/nervous.py; hermes_jev/engine.py,60-test offline suite + compileall + release checks
610,37. Recovery control,Retry vs human escalation.,T14,"Control states, recovery, and ambiguity handling",Phase 5 — decision contracts,T14-R0610,Primary ownership exactly once; verify through declared seam or explicit gated live receipt.,IMPLEMENTED_OFFLINE_VERIFIED,hermes_jev/nervous.py; hermes_jev/engine.py,60-test offline suite + compileall + release checks
611,37. Recovery control,Replan vs escalation.,T14,"Control states, recovery, and ambiguity handling",Phase 5 — decision contracts,T14-R0611,Primary ownership exactly once; verify through declared seam or explicit gated live receipt.,IMPLEMENTED_OFFLINE_VERIFIED,hermes_jev/nervous.py; hermes_jev/engine.py,60-test offline suite + compileall + release checks
612,37. Recovery control,Repeated retry detection.,T14,"Control states, recovery, and ambiguity handling",Phase 5 — decision contracts,T14-R0612,Primary ownership exactly once; verify through declared seam or explicit gated live receipt.,IMPLEMENTED_OFFLINE_VERIFIED,hermes_jev/nervous.py; hermes_jev/engine.py,60-test offline suite + compileall + release checks
613,37. Recovery control,Repeated failure detection.,T14,"Control states, recovery, and ambiguity handling",Phase 5 — decision contracts,T14-R0613,Primary ownership exactly once; verify through declared seam or explicit gated live receipt.,IMPLEMENTED_OFFLINE_VERIFIED,hermes_jev/nervous.py; hermes_jev/engine.py,60-test offline suite + compileall + release checks
614,37. Recovery control,Jev intervention on looping behavior.,T14,"Control states, recovery, and ambiguity handling",Phase 5 — decision contracts,T14-R0614,Primary ownership exactly once; verify through declared seam or explicit gated live receipt.,IMPLEMENTED_OFFLINE_VERIFIED,hermes_jev/nervous.py; hermes_jev/engine.py,60-test offline suite + compileall + release checks
615,37. Recovery control,Failure events high-value compared with ordinary successful tool calls.,T14,"Control states, recovery, and ambiguity handling",Phase 5 — decision contracts,T14-R0615,Primary ownership exactly once; verify through declared seam or explicit gated live receipt.,IMPLEMENTED_OFFLINE_VERIFIED,hermes_jev/nervous.py; hermes_jev/engine.py,60-test offline suite + compileall + release checks
616,37. Recovery control,Recovery outcomes logged.,T14,"Control states, recovery, and ambiguity handling",Phase 5 — decision contracts,T14-R0616,Primary ownership exactly once; verify through declared seam or explicit gated live receipt.,IMPLEMENTED_OFFLINE_VERIFIED,hermes_jev/nervous.py; hermes_jev/engine.py,60-test offline suite + compileall + release checks
617,38. Ambiguity handling,Explicit enough information? judgment.,T14,"Control states, recovery, and ambiguity handling",Phase 5 — decision contracts,T14-R0617,Primary ownership exactly once; verify through declared seam or explicit gated live receipt.,IMPLEMENTED_OFFLINE_VERIFIED,hermes_jev/nervous.py; hermes_jev/engine.py,60-test offline suite + compileall + release checks
618,38. Ambiguity handling,Evidence sufficiency assessment.,T14,"Control states, recovery, and ambiguity handling",Phase 5 — decision contracts,T14-R0618,Primary ownership exactly once; verify through declared seam or explicit gated live receipt.,IMPLEMENTED_OFFLINE_VERIFIED,hermes_jev/nervous.py; hermes_jev/engine.py,60-test offline suite + compileall + release checks
619,38. Ambiguity handling,Human escalation when genuinely required.,T14,"Control states, recovery, and ambiguity handling",Phase 5 — decision contracts,T14-R0619,Primary ownership exactly once; verify through declared seam or explicit gated live receipt.,IMPLEMENTED_OFFLINE_VERIFIED,hermes_jev/nervous.py; hermes_jev/engine.py,60-test offline suite + compileall + release checks
620,38. Ambiguity handling,Avoid automatic human escalation for ordinary uncertainty.,T14,"Control states, recovery, and ambiguity handling",Phase 5 — decision contracts,T14-R0620,Primary ownership exactly once; verify through declared seam or explicit gated live receipt.,IMPLEMENTED_OFFLINE_VERIFIED,hermes_jev/nervous.py; hermes_jev/engine.py,60-test offline suite + compileall + release checks
621,38. Ambiguity handling,Bounded ASK_HUMAN option.,T14,"Control states, recovery, and ambiguity handling",Phase 5 — decision contracts,T14-R0621,Primary ownership exactly once; verify through declared seam or explicit gated live receipt.,IMPLEMENTED_OFFLINE_VERIFIED,hermes_jev/nervous.py; hermes_jev/engine.py,60-test offline suite + compileall + release checks
622,38. Ambiguity handling,Bounded GATHER_EVIDENCE option.,T14,"Control states, recovery, and ambiguity handling",Phase 5 — decision contracts,T14-R0622,Primary ownership exactly once; verify through declared seam or explicit gated live receipt.,IMPLEMENTED_OFFLINE_VERIFIED,hermes_jev/nervous.py; hermes_jev/engine.py,60-test offline suite + compileall + release checks
623,38. Ambiguity handling,Jev can detect when Hermes is choosing prematurely.,T14,"Control states, recovery, and ambiguity handling",Phase 5 — decision contracts,T14-R0623,Primary ownership exactly once; verify through declared seam or explicit gated live receipt.,IMPLEMENTED_OFFLINE_VERIFIED,hermes_jev/nervous.py; hermes_jev/engine.py,60-test offline suite + compileall + release checks
624,38. Ambiguity handling,Jev can detect when a decision should wait for more evidence.,T14,"Control states, recovery, and ambiguity handling",Phase 5 — decision contracts,T14-R0624,Primary ownership exactly once; verify through declared seam or explicit gated live receipt.,IMPLEMENTED_OFFLINE_VERIFIED,hermes_jev/nervous.py; hermes_jev/engine.py,60-test offline suite + compileall + release checks
625,39. Resource/routing decisions,Worker selection.,T15,Resource routing and multi-question control assessment,Phase 5 — decision contracts,T15-R0625,Primary ownership exactly once; verify through declared seam or explicit gated live receipt.,IMPLEMENTED_OFFLINE_VERIFIED,hermes_jev/engine.py; hermes_jev/nervous.py,60-test offline suite + compileall + release checks
626,39. Resource/routing decisions,Tool selection.,T15,Resource routing and multi-question control assessment,Phase 5 — decision contracts,T15-R0626,Primary ownership exactly once; verify through declared seam or explicit gated live receipt.,IMPLEMENTED_OFFLINE_VERIFIED,hermes_jev/engine.py; hermes_jev/nervous.py,60-test offline suite + compileall + release checks
627,39. Resource/routing decisions,Tool-family selection.,T15,Resource routing and multi-question control assessment,Phase 5 — decision contracts,T15-R0627,Primary ownership exactly once; verify through declared seam or explicit gated live receipt.,IMPLEMENTED_OFFLINE_VERIFIED,hermes_jev/engine.py; hermes_jev/nervous.py,60-test offline suite + compileall + release checks
628,39. Resource/routing decisions,Environment selection.,T15,Resource routing and multi-question control assessment,Phase 5 — decision contracts,T15-R0628,Primary ownership exactly once; verify through declared seam or explicit gated live receipt.,IMPLEMENTED_OFFLINE_VERIFIED,hermes_jev/engine.py; hermes_jev/nervous.py,60-test offline suite + compileall + release checks
629,39. Resource/routing decisions,Local versus remote compute.,T15,Resource routing and multi-question control assessment,Phase 5 — decision contracts,T15-R0629,Primary ownership exactly once; verify through declared seam or explicit gated live receipt.,IMPLEMENTED_OFFLINE_VERIFIED,hermes_jev/engine.py; hermes_jev/nervous.py,60-test offline suite + compileall + release checks
630,39. Resource/routing decisions,CPU versus GPU where material.,T15,Resource routing and multi-question control assessment,Phase 5 — decision contracts,T15-R0630,Primary ownership exactly once; verify through declared seam or explicit gated live receipt.,IMPLEMENTED_OFFLINE_VERIFIED,hermes_jev/engine.py; hermes_jev/nervous.py,60-test offline suite + compileall + release checks
631,39. Resource/routing decisions,j2 versus win4060 style routing.,T15,Resource routing and multi-question control assessment,Phase 5 — decision contracts,T15-R0631,Primary ownership exactly once; verify through declared seam or explicit gated live receipt.,IMPLEMENTED_OFFLINE_VERIFIED,hermes_jev/engine.py; hermes_jev/nervous.py,60-test offline suite + compileall + release checks
632,39. Resource/routing decisions,Cheap versus expensive path selection.,T15,Resource routing and multi-question control assessment,Phase 5 — decision contracts,T15-R0632,Primary ownership exactly once; verify through declared seam or explicit gated live receipt.,IMPLEMENTED_OFFLINE_VERIFIED,hermes_jev/engine.py; hermes_jev/nervous.py,60-test offline suite + compileall + release checks
633,39. Resource/routing decisions,Candidate prioritization.,T15,Resource routing and multi-question control assessment,Phase 5 — decision contracts,T15-R0633,Primary ownership exactly once; verify through declared seam or explicit gated live receipt.,IMPLEMENTED_OFFLINE_VERIFIED,hermes_jev/engine.py; hermes_jev/nervous.py,60-test offline suite + compileall + release checks
634,39. Resource/routing decisions,Hypothesis prioritization.,T15,Resource routing and multi-question control assessment,Phase 5 — decision contracts,T15-R0634,Primary ownership exactly once; verify through declared seam or explicit gated live receipt.,IMPLEMENTED_OFFLINE_VERIFIED,hermes_jev/engine.py; hermes_jev/nervous.py,60-test offline suite + compileall + release checks
635,39. Resource/routing decisions,File/remediation candidate ranking.,T15,Resource routing and multi-question control assessment,Phase 5 — decision contracts,T15-R0635,Primary ownership exactly once; verify through declared seam or explicit gated live receipt.,IMPLEMENTED_OFFLINE_VERIFIED,hermes_jev/engine.py; hermes_jev/nervous.py,60-test offline suite + compileall + release checks
636,39. Resource/routing decisions,Queue/work-item prioritization.,T15,Resource routing and multi-question control assessment,Phase 5 — decision contracts,T15-R0636,Primary ownership exactly once; verify through declared seam or explicit gated live receipt.,IMPLEMENTED_OFFLINE_VERIFIED,hermes_jev/engine.py; hermes_jev/nervous.py,60-test offline suite + compileall + release checks
637,39. Resource/routing decisions,Jev ranking used only where bounded candidate sets exist.,T15,Resource routing and multi-question control assessment,Phase 5 — decision contracts,T15-R0637,Primary ownership exactly once; verify through declared seam or explicit gated live receipt.,IMPLEMENTED_OFFLINE_VERIFIED,hermes_jev/engine.py; hermes_jev/nervous.py,60-test offline suite + compileall + release checks
638,40. Structured multi-question assessment,Batch related control questions into one Jev call.,T15,Resource routing and multi-question control assessment,Phase 5 — decision contracts,T15-R0638,Primary ownership exactly once; verify through declared seam or explicit gated live receipt.,IMPLEMENTED_OFFLINE_VERIFIED,hermes_jev/engine.py; hermes_jev/nervous.py,60-test offline suite + compileall + release checks
639,40. Structured multi-question assessment,Previous-step success assessment.,T15,Resource routing and multi-question control assessment,Phase 5 — decision contracts,T15-R0639,Primary ownership exactly once; verify through declared seam or explicit gated live receipt.,IMPLEMENTED_OFFLINE_VERIFIED,hermes_jev/engine.py; hermes_jev/nervous.py,60-test offline suite + compileall + release checks
640,40. Structured multi-question assessment,Next-action selection.,T15,Resource routing and multi-question control assessment,Phase 5 — decision contracts,T15-R0640,Primary ownership exactly once; verify through declared seam or explicit gated live receipt.,IMPLEMENTED_OFFLINE_VERIFIED,hermes_jev/engine.py; hermes_jev/nervous.py,60-test offline suite + compileall + release checks
641,40. Structured multi-question assessment,Evidence-sufficiency assessment.,T15,Resource routing and multi-question control assessment,Phase 5 — decision contracts,T15-R0641,Primary ownership exactly once; verify through declared seam or explicit gated live receipt.,IMPLEMENTED_OFFLINE_VERIFIED,hermes_jev/engine.py; hermes_jev/nervous.py,60-test offline suite + compileall + release checks
642,40. Structured multi-question assessment,Completion assessment.,T15,Resource routing and multi-question control assessment,Phase 5 — decision contracts,T15-R0642,Primary ownership exactly once; verify through declared seam or explicit gated live receipt.,IMPLEMENTED_OFFLINE_VERIFIED,hermes_jev/engine.py; hermes_jev/nervous.py,60-test offline suite + compileall + release checks
643,40. Structured multi-question assessment,Confidence assessment.,T15,Resource routing and multi-question control assessment,Phase 5 — decision contracts,T15-R0643,Primary ownership exactly once; verify through declared seam or explicit gated live receipt.,IMPLEMENTED_OFFLINE_VERIFIED,hermes_jev/engine.py; hermes_jev/nervous.py,60-test offline suite + compileall + release checks
644,40. Structured multi-question assessment,Potential supervision-intensity recommendation.,T15,Resource routing and multi-question control assessment,Phase 5 — decision contracts,T15-R0644,Primary ownership exactly once; verify through declared seam or explicit gated live receipt.,IMPLEMENTED_OFFLINE_VERIFIED,hermes_jev/engine.py; hermes_jev/nervous.py,60-test offline suite + compileall + release checks
645,40. Structured multi-question assessment,Potential watch-category recommendation.,T15,Resource routing and multi-question control assessment,Phase 5 — decision contracts,T15-R0645,Primary ownership exactly once; verify through declared seam or explicit gated live receipt.,IMPLEMENTED_OFFLINE_VERIFIED,hermes_jev/engine.py; hermes_jev/nervous.py,60-test offline suite + compileall + release checks
646,40. Structured multi-question assessment,Avoid separate network round trips for each sub-question.,T15,Resource routing and multi-question control assessment,Phase 5 — decision contracts,T15-R0646,Primary ownership exactly once; verify through declared seam or explicit gated live receipt.,IMPLEMENTED_OFFLINE_VERIFIED,hermes_jev/engine.py; hermes_jev/nervous.py,60-test offline suite + compileall + release checks
647,41. Useful-work filtering,Known read-only introspection not automatically Jev-assessed.,T16,Useful-work filter and legacy gate demotion,Phase 5 — decision contracts,T16-R0647,Primary ownership exactly once; verify through declared seam or explicit gated live receipt.,IMPLEMENTED_OFFLINE_VERIFIED,hermes_jev/router.py; hermes_jev/gate.py,60-test offline suite + compileall + release checks
648,41. Useful-work filtering,File reading generally local.,T16,Useful-work filter and legacy gate demotion,Phase 5 — decision contracts,T16-R0648,Primary ownership exactly once; verify through declared seam or explicit gated live receipt.,IMPLEMENTED_OFFLINE_VERIFIED,hermes_jev/router.py; hermes_jev/gate.py,60-test offline suite + compileall + release checks
649,41. Useful-work filtering,Grep/search generally local.,T16,Useful-work filter and legacy gate demotion,Phase 5 — decision contracts,T16-R0649,Primary ownership exactly once; verify through declared seam or explicit gated live receipt.,IMPLEMENTED_OFFLINE_VERIFIED,hermes_jev/router.py; hermes_jev/gate.py,60-test offline suite + compileall + release checks
650,41. Useful-work filtering,Git status generally local.,T16,Useful-work filter and legacy gate demotion,Phase 5 — decision contracts,T16-R0650,Primary ownership exactly once; verify through declared seam or explicit gated live receipt.,IMPLEMENTED_OFFLINE_VERIFIED,hermes_jev/router.py; hermes_jev/gate.py,60-test offline suite + compileall + release checks
651,41. Useful-work filtering,Status inspection generally local.,T16,Useful-work filter and legacy gate demotion,Phase 5 — decision contracts,T16-R0651,Primary ownership exactly once; verify through declared seam or explicit gated live receipt.,IMPLEMENTED_OFFLINE_VERIFIED,hermes_jev/router.py; hermes_jev/gate.py,60-test offline suite + compileall + release checks
652,41. Useful-work filtering,Test execution generally local unless the test result creates a decision fork.,T16,Useful-work filter and legacy gate demotion,Phase 5 — decision contracts,T16-R0652,Primary ownership exactly once; verify through declared seam or explicit gated live receipt.,IMPLEMENTED_OFFLINE_VERIFIED,hermes_jev/router.py; hermes_jev/gate.py,60-test offline suite + compileall + release checks
653,41. Useful-work filtering,Routine evidence gathering generally local.,T16,Useful-work filter and legacy gate demotion,Phase 5 — decision contracts,T16-R0653,Primary ownership exactly once; verify through declared seam or explicit gated live receipt.,IMPLEMENTED_OFFLINE_VERIFIED,hermes_jev/router.py; hermes_jev/gate.py,60-test offline suite + compileall + release checks
654,41. Useful-work filtering,Repetitive same-hypothesis diagnostics generally local.,T16,Useful-work filter and legacy gate demotion,Phase 5 — decision contracts,T16-R0654,Primary ownership exactly once; verify through declared seam or explicit gated live receipt.,IMPLEMENTED_OFFLINE_VERIFIED,hermes_jev/router.py; hermes_jev/gate.py,60-test offline suite + compileall + release checks
655,41. Useful-work filtering,"Jev invoked on the decision produced by evidence, not the mere act of collecting evidence.",T16,Useful-work filter and legacy gate demotion,Phase 5 — decision contracts,T16-R0655,Primary ownership exactly once; verify through declared seam or explicit gated live receipt.,IMPLEMENTED_OFFLINE_VERIFIED,hermes_jev/router.py; hermes_jev/gate.py,60-test offline suite + compileall + release checks
656,41. Useful-work filtering,"Tool calls treated as signals, not definitions of work.",T16,Useful-work filter and legacy gate demotion,Phase 5 — decision contracts,T16-R0656,Primary ownership exactly once; verify through declared seam or explicit gated live receipt.,IMPLEMENTED_OFFLINE_VERIFIED,hermes_jev/router.py; hermes_jev/gate.py,60-test offline suite + compileall + release checks
657,41. Useful-work filtering,Mutating tool calls treated as stronger signals.,T16,Useful-work filter and legacy gate demotion,Phase 5 — decision contracts,T16-R0657,Primary ownership exactly once; verify through declared seam or explicit gated live receipt.,IMPLEMENTED_OFFLINE_VERIFIED,hermes_jev/router.py; hermes_jev/gate.py,60-test offline suite + compileall + release checks
658,41. Useful-work filtering,External mutations treated as stronger signals.,T16,Useful-work filter and legacy gate demotion,Phase 5 — decision contracts,T16-R0658,Primary ownership exactly once; verify through declared seam or explicit gated live receipt.,IMPLEMENTED_OFFLINE_VERIFIED,hermes_jev/router.py; hermes_jev/gate.py,60-test offline suite + compileall + release checks
659,41. Useful-work filtering,Decision plane determines ultimate eligibility.,T16,Useful-work filter and legacy gate demotion,Phase 5 — decision contracts,T16-R0659,Primary ownership exactly once; verify through declared seam or explicit gated live receipt.,IMPLEMENTED_OFFLINE_VERIFIED,hermes_jev/router.py; hermes_jev/gate.py,60-test offline suite + compileall + release checks
660,42. Existing selective gate retained but demoted,Existing selective pre_tool_call gating can remain.,T16,Useful-work filter and legacy gate demotion,Phase 5 — decision contracts,T16-R0660,Primary ownership exactly once; verify through declared seam or explicit gated live receipt.,IMPLEMENTED_OFFLINE_VERIFIED,hermes_jev/router.py; hermes_jev/gate.py,60-test offline suite + compileall + release checks
661,42. Existing selective gate retained but demoted,Existing gate_scope=selective behavior retained.,T16,Useful-work filter and legacy gate demotion,Phase 5 — decision contracts,T16-R0661,Primary ownership exactly once; verify through declared seam or explicit gated live receipt.,IMPLEMENTED_OFFLINE_VERIFIED,hermes_jev/router.py; hermes_jev/gate.py,60-test offline suite + compileall + release checks
662,42. Existing selective gate retained but demoted,Known read-only bypass retained.,T16,Useful-work filter and legacy gate demotion,Phase 5 — decision contracts,T16-R0662,Primary ownership exactly once; verify through declared seam or explicit gated live receipt.,IMPLEMENTED_OFFLINE_VERIFIED,hermes_jev/router.py; hermes_jev/gate.py,60-test offline suite + compileall + release checks
663,42. Existing selective gate retained but demoted,Existing gate no longer treated as primary Jev architecture.,T16,Useful-work filter and legacy gate demotion,Phase 5 — decision contracts,T16-R0663,Primary ownership exactly once; verify through declared seam or explicit gated live receipt.,IMPLEMENTED_OFFLINE_VERIFIED,hermes_jev/router.py; hermes_jev/gate.py,60-test offline suite + compileall + release checks
664,42. Existing selective gate retained but demoted,Automatic gating remains off by default.,T16,Useful-work filter and legacy gate demotion,Phase 5 — decision contracts,T16-R0664,Primary ownership exactly once; verify through declared seam or explicit gated live receipt.,IMPLEMENTED_OFFLINE_VERIFIED,hermes_jev/router.py; hermes_jev/gate.py,60-test offline suite + compileall + release checks
665,42. Existing selective gate retained but demoted,Synchronous gating reserved for narrow precommit/high-consequence use.,T16,Useful-work filter and legacy gate demotion,Phase 5 — decision contracts,T16-R0665,Primary ownership exactly once; verify through declared seam or explicit gated live receipt.,IMPLEMENTED_OFFLINE_VERIFIED,hermes_jev/router.py; hermes_jev/gate.py,60-test offline suite + compileall + release checks
666,42. Existing selective gate retained but demoted,gate_scope=all remains compatibility/explicit mode rather than recommended operation.,T16,Useful-work filter and legacy gate demotion,Phase 5 — decision contracts,T16-R0666,Primary ownership exactly once; verify through declared seam or explicit gated live receipt.,IMPLEMENTED_OFFLINE_VERIFIED,hermes_jev/router.py; hermes_jev/gate.py,60-test offline suite + compileall + release checks
667,42. Existing selective gate retained but demoted,Legacy gate telemetry retained.,T16,Useful-work filter and legacy gate demotion,Phase 5 — decision contracts,T16-R0667,Primary ownership exactly once; verify through declared seam or explicit gated live receipt.,IMPLEMENTED_OFFLINE_VERIFIED,hermes_jev/router.py; hermes_jev/gate.py,60-test offline suite + compileall + release checks
668,43. Existing tools retained,jev_decide.,T17,"Compatibility layer for existing tools, hooks, and context engine",Phase 6 — compatibility,T17-R0668,Primary ownership exactly once; verify through declared seam or explicit gated live receipt.,IMPLEMENTED_OFFLINE_VERIFIED,__init__.py; hermes_jev/tools.py; hermes_jev/context_engine.py,60-test offline suite + compileall + release checks
669,43. Existing tools retained,jev_rank.,T17,"Compatibility layer for existing tools, hooks, and context engine",Phase 6 — compatibility,T17-R0669,Primary ownership exactly once; verify through declared seam or explicit gated live receipt.,IMPLEMENTED_OFFLINE_VERIFIED,__init__.py; hermes_jev/tools.py; hermes_jev/context_engine.py,60-test offline suite + compileall + release checks
670,43. Existing tools retained,jev_verify.,T17,"Compatibility layer for existing tools, hooks, and context engine",Phase 6 — compatibility,T17-R0670,Primary ownership exactly once; verify through declared seam or explicit gated live receipt.,IMPLEMENTED_OFFLINE_VERIFIED,__init__.py; hermes_jev/tools.py; hermes_jev/context_engine.py,60-test offline suite + compileall + release checks
671,43. Existing tools retained,jev_assess.,T17,"Compatibility layer for existing tools, hooks, and context engine",Phase 6 — compatibility,T17-R0671,Primary ownership exactly once; verify through declared seam or explicit gated live receipt.,IMPLEMENTED_OFFLINE_VERIFIED,__init__.py; hermes_jev/tools.py; hermes_jev/context_engine.py,60-test offline suite + compileall + release checks
672,43. Existing tools retained,jev_context_curate.,T17,"Compatibility layer for existing tools, hooks, and context engine",Phase 6 — compatibility,T17-R0672,Primary ownership exactly once; verify through declared seam or explicit gated live receipt.,IMPLEMENTED_OFFLINE_VERIFIED,__init__.py; hermes_jev/tools.py; hermes_jev/context_engine.py,60-test offline suite + compileall + release checks
673,43. Existing tools retained,jev_context_rehydrate.,T17,"Compatibility layer for existing tools, hooks, and context engine",Phase 6 — compatibility,T17-R0673,Primary ownership exactly once; verify through declared seam or explicit gated live receipt.,IMPLEMENTED_OFFLINE_VERIFIED,__init__.py; hermes_jev/tools.py; hermes_jev/context_engine.py,60-test offline suite + compileall + release checks
674,43. Existing tools retained,jev_stats.,T17,"Compatibility layer for existing tools, hooks, and context engine",Phase 6 — compatibility,T17-R0674,Primary ownership exactly once; verify through declared seam or explicit gated live receipt.,IMPLEMENTED_OFFLINE_VERIFIED,__init__.py; hermes_jev/tools.py; hermes_jev/context_engine.py,60-test offline suite + compileall + release checks
675,43. Existing tools retained,Existing tools remain available manually.,T17,"Compatibility layer for existing tools, hooks, and context engine",Phase 6 — compatibility,T17-R0675,Primary ownership exactly once; verify through declared seam or explicit gated live receipt.,IMPLEMENTED_OFFLINE_VERIFIED,__init__.py; hermes_jev/tools.py; hermes_jev/context_engine.py,60-test offline suite + compileall + release checks
676,43. Existing tools retained,New nervous-system architecture sits above these primitives.,T17,"Compatibility layer for existing tools, hooks, and context engine",Phase 6 — compatibility,T17-R0676,Primary ownership exactly once; verify through declared seam or explicit gated live receipt.,IMPLEMENTED_OFFLINE_VERIFIED,__init__.py; hermes_jev/tools.py; hermes_jev/context_engine.py,60-test offline suite + compileall + release checks
677,43. Existing tools retained,Existing direct tool APIs remain useful for explicit debugging/testing.,T17,"Compatibility layer for existing tools, hooks, and context engine",Phase 6 — compatibility,T17-R0677,Primary ownership exactly once; verify through declared seam or explicit gated live receipt.,IMPLEMENTED_OFFLINE_VERIFIED,__init__.py; hermes_jev/tools.py; hermes_jev/context_engine.py,60-test offline suite + compileall + release checks
678,44. Existing hooks/context surfaces retained,pre_tool_call hook.,T17,"Compatibility layer for existing tools, hooks, and context engine",Phase 6 — compatibility,T17-R0678,Primary ownership exactly once; verify through declared seam or explicit gated live receipt.,IMPLEMENTED_OFFLINE_VERIFIED,__init__.py; hermes_jev/tools.py; hermes_jev/context_engine.py,60-test offline suite + compileall + release checks
679,44. Existing hooks/context surfaces retained,post_tool_call hook.,T17,"Compatibility layer for existing tools, hooks, and context engine",Phase 6 — compatibility,T17-R0679,Primary ownership exactly once; verify through declared seam or explicit gated live receipt.,IMPLEMENTED_OFFLINE_VERIFIED,__init__.py; hermes_jev/tools.py; hermes_jev/context_engine.py,60-test offline suite + compileall + release checks
680,44. Existing hooks/context surfaces retained,Optional Jev ContextEngine.,T17,"Compatibility layer for existing tools, hooks, and context engine",Phase 6 — compatibility,T17-R0680,Primary ownership exactly once; verify through declared seam or explicit gated live receipt.,IMPLEMENTED_OFFLINE_VERIFIED,__init__.py; hermes_jev/tools.py; hermes_jev/context_engine.py,60-test offline suite + compileall + release checks
681,44. Existing hooks/context surfaces retained,Context engine not automatically selected.,T17,"Compatibility layer for existing tools, hooks, and context engine",Phase 6 — compatibility,T17-R0681,Primary ownership exactly once; verify through declared seam or explicit gated live receipt.,IMPLEMENTED_OFFLINE_VERIFIED,__init__.py; hermes_jev/tools.py; hermes_jev/context_engine.py,60-test offline suite + compileall + release checks
682,44. Existing hooks/context surfaces retained,Existing built-in Hermes compressor fallback retained.,T17,"Compatibility layer for existing tools, hooks, and context engine",Phase 6 — compatibility,T17-R0682,Primary ownership exactly once; verify through declared seam or explicit gated live receipt.,IMPLEMENTED_OFFLINE_VERIFIED,__init__.py; hermes_jev/tools.py; hermes_jev/context_engine.py,60-test offline suite + compileall + release checks
683,44. Existing hooks/context surfaces retained,Context system remains shadow-first until proven.,T17,"Compatibility layer for existing tools, hooks, and context engine",Phase 6 — compatibility,T17-R0683,Primary ownership exactly once; verify through declared seam or explicit gated live receipt.,IMPLEMENTED_OFFLINE_VERIFIED,__init__.py; hermes_jev/tools.py; hermes_jev/context_engine.py,60-test offline suite + compileall + release checks
684,45. Context features discussed for eventual integration,"Context should become subordinate to decision usefulness, not maximum compression.",T17,"Compatibility layer for existing tools, hooks, and context engine",Phase 6 — compatibility,T17-R0684,Primary ownership exactly once; verify through declared seam or explicit gated live receipt.,IMPLEMENTED_OFFLINE_VERIFIED,__init__.py; hermes_jev/tools.py; hermes_jev/context_engine.py,60-test offline suite + compileall + release checks
685,45. Context features discussed for eventual integration,Decision-state context accumulator.,T17,"Compatibility layer for existing tools, hooks, and context engine",Phase 6 — compatibility,T17-R0685,Primary ownership exactly once; verify through declared seam or explicit gated live receipt.,IMPLEMENTED_OFFLINE_VERIFIED,__init__.py; hermes_jev/tools.py; hermes_jev/context_engine.py,60-test offline suite + compileall + release checks
686,45. Context features discussed for eventual integration,Current goal retention.,T17,"Compatibility layer for existing tools, hooks, and context engine",Phase 6 — compatibility,T17-R0686,Primary ownership exactly once; verify through declared seam or explicit gated live receipt.,IMPLEMENTED_OFFLINE_VERIFIED,__init__.py; hermes_jev/tools.py; hermes_jev/context_engine.py,60-test offline suite + compileall + release checks
687,45. Context features discussed for eventual integration,Current strategy retention.,T17,"Compatibility layer for existing tools, hooks, and context engine",Phase 6 — compatibility,T17-R0687,Primary ownership exactly once; verify through declared seam or explicit gated live receipt.,IMPLEMENTED_OFFLINE_VERIFIED,__init__.py; hermes_jev/tools.py; hermes_jev/context_engine.py,60-test offline suite + compileall + release checks
688,45. Context features discussed for eventual integration,Active hypothesis retention.,T17,"Compatibility layer for existing tools, hooks, and context engine",Phase 6 — compatibility,T17-R0688,Primary ownership exactly once; verify through declared seam or explicit gated live receipt.,IMPLEMENTED_OFFLINE_VERIFIED,__init__.py; hermes_jev/tools.py; hermes_jev/context_engine.py,60-test offline suite + compileall + release checks
689,45. Context features discussed for eventual integration,Important failure retention.,T17,"Compatibility layer for existing tools, hooks, and context engine",Phase 6 — compatibility,T17-R0689,Primary ownership exactly once; verify through declared seam or explicit gated live receipt.,IMPLEMENTED_OFFLINE_VERIFIED,__init__.py; hermes_jev/tools.py; hermes_jev/context_engine.py,60-test offline suite + compileall + release checks
690,45. Context features discussed for eventual integration,Contradiction retention.,T17,"Compatibility layer for existing tools, hooks, and context engine",Phase 6 — compatibility,T17-R0690,Primary ownership exactly once; verify through declared seam or explicit gated live receipt.,IMPLEMENTED_OFFLINE_VERIFIED,__init__.py; hermes_jev/tools.py; hermes_jev/context_engine.py,60-test offline suite + compileall + release checks
691,45. Context features discussed for eventual integration,Relevant completion evidence retention.,T17,"Compatibility layer for existing tools, hooks, and context engine",Phase 6 — compatibility,T17-R0691,Primary ownership exactly once; verify through declared seam or explicit gated live receipt.,IMPLEMENTED_OFFLINE_VERIFIED,__init__.py; hermes_jev/tools.py; hermes_jev/context_engine.py,60-test offline suite + compileall + release checks
692,45. Context features discussed for eventual integration,Last Jev opinion retention.,T17,"Compatibility layer for existing tools, hooks, and context engine",Phase 6 — compatibility,T17-R0692,Primary ownership exactly once; verify through declared seam or explicit gated live receipt.,IMPLEMENTED_OFFLINE_VERIFIED,__init__.py; hermes_jev/tools.py; hermes_jev/context_engine.py,60-test offline suite + compileall + release checks
693,45. Context features discussed for eventual integration,Event-state compression before remote Jev call.,T17,"Compatibility layer for existing tools, hooks, and context engine",Phase 6 — compatibility,T17-R0693,Primary ownership exactly once; verify through declared seam or explicit gated live receipt.,IMPLEMENTED_OFFLINE_VERIFIED,__init__.py; hermes_jev/tools.py; hermes_jev/context_engine.py,60-test offline suite + compileall + release checks
694,45. Context features discussed for eventual integration,Existing anchoring capability retained.,T17,"Compatibility layer for existing tools, hooks, and context engine",Phase 6 — compatibility,T17-R0694,Primary ownership exactly once; verify through declared seam or explicit gated live receipt.,IMPLEMENTED_OFFLINE_VERIFIED,__init__.py; hermes_jev/tools.py; hermes_jev/context_engine.py,60-test offline suite + compileall + release checks
695,45. Context features discussed for eventual integration,Existing local rehydration capability retained.,T17,"Compatibility layer for existing tools, hooks, and context engine",Phase 6 — compatibility,T17-R0695,Primary ownership exactly once; verify through declared seam or explicit gated live receipt.,IMPLEMENTED_OFFLINE_VERIFIED,__init__.py; hermes_jev/tools.py; hermes_jev/context_engine.py,60-test offline suite + compileall + release checks
696,45. Context features discussed for eventual integration,Sanitized evidence rehydration retained.,T17,"Compatibility layer for existing tools, hooks, and context engine",Phase 6 — compatibility,T17-R0696,Primary ownership exactly once; verify through declared seam or explicit gated live receipt.,IMPLEMENTED_OFFLINE_VERIFIED,__init__.py; hermes_jev/tools.py; hermes_jev/context_engine.py,60-test offline suite + compileall + release checks
697,45. Context features discussed for eventual integration,Context pressure experimentation remains future validation target.,T17,"Compatibility layer for existing tools, hooks, and context engine",Phase 6 — compatibility,T17-R0697,Primary ownership exactly once; verify through declared seam or explicit gated live receipt.,IMPLEMENTED_OFFLINE_VERIFIED,__init__.py; hermes_jev/tools.py; hermes_jev/context_engine.py,60-test offline suite + compileall + release checks
698,45. Context features discussed for eventual integration,Actual shadow-plan pressure testing still needed.,T17,"Compatibility layer for existing tools, hooks, and context engine",Phase 6 — compatibility,T17-R0698,Primary ownership exactly once; verify through declared seam or explicit gated live receipt.,IMPLEMENTED_OFFLINE_VERIFIED,__init__.py; hermes_jev/tools.py; hermes_jev/context_engine.py,60-test offline suite + compileall + release checks
699,45. Context features discussed for eventual integration,End-to-end ANCHOR → rehydrate → successful continuation remains a valuable validation scenario.,T17,"Compatibility layer for existing tools, hooks, and context engine",Phase 6 — compatibility,T17-R0699,Primary ownership exactly once; verify through declared seam or explicit gated live receipt.,IMPLEMENTED_OFFLINE_VERIFIED,__init__.py; hermes_jev/tools.py; hermes_jev/context_engine.py,60-test offline suite + compileall + release checks
700,45. Context features discussed for eventual integration,Context optimization explicitly not the first priority of the decision-engine redesign.,T17,"Compatibility layer for existing tools, hooks, and context engine",Phase 6 — compatibility,T17-R0700,Primary ownership exactly once; verify through declared seam or explicit gated live receipt.,IMPLEMENTED_OFFLINE_VERIFIED,__init__.py; hermes_jev/tools.py; hermes_jev/context_engine.py,60-test offline suite + compileall + release checks
701,46. Local classifier evolution,Begin with local deterministic/state-delta logic.,T18,Outcome learning dataset and future local classifier seam,Phase 7 — observability and learning,T18-R0701,Primary ownership exactly once; verify through declared seam or explicit gated live receipt.,IMPLEMENTED_OBSERVABILITY_READY,hermes_jev/outcomes.py; hermes_jev/nervous.py,OutcomeLearningTests; real labels accumulate during use
702,46. Local classifier evolution,Do not put another full remote LLM in front of Jev.,T18,Outcome learning dataset and future local classifier seam,Phase 7 — observability and learning,T18-R0702,Primary ownership exactly once; verify through declared seam or explicit gated live receipt.,IMPLEMENTED_OBSERVABILITY_READY,hermes_jev/outcomes.py; hermes_jev/nervous.py,OutcomeLearningTests; real labels accumulate during use
703,46. Local classifier evolution,Optional future tiny local classifier.,T18,Outcome learning dataset and future local classifier seam,Phase 7 — observability and learning,T18-R0703,Primary ownership exactly once; verify through declared seam or explicit gated live receipt.,IMPLEMENTED_OBSERVABILITY_READY,hermes_jev/outcomes.py; hermes_jev/nervous.py,OutcomeLearningTests; real labels accumulate during use
704,46. Local classifier evolution,Classifier estimates P(useful Jev disagreement | state delta).,T18,Outcome learning dataset and future local classifier seam,Phase 7 — observability and learning,T18-R0704,Primary ownership exactly once; verify through declared seam or explicit gated live receipt.,IMPLEMENTED_OBSERVABILITY_READY,hermes_jev/outcomes.py; hermes_jev/nervous.py,OutcomeLearningTests; real labels accumulate during use
705,46. Local classifier evolution,Classifier should execute locally.,T18,Outcome learning dataset and future local classifier seam,Phase 7 — observability and learning,T18-R0705,Primary ownership exactly once; verify through declared seam or explicit gated live receipt.,IMPLEMENTED_OBSERVABILITY_READY,hermes_jev/outcomes.py; hermes_jev/nervous.py,OutcomeLearningTests; real labels accumulate during use
706,46. Local classifier evolution,Classifier should be low latency.,T18,Outcome learning dataset and future local classifier seam,Phase 7 — observability and learning,T18-R0706,Primary ownership exactly once; verify through declared seam or explicit gated live receipt.,IMPLEMENTED_OBSERVABILITY_READY,hermes_jev/outcomes.py; hermes_jev/nervous.py,OutcomeLearningTests; real labels accumulate during use
707,46. Local classifier evolution,Classifier should be cheap.,T18,Outcome learning dataset and future local classifier seam,Phase 7 — observability and learning,T18-R0707,Primary ownership exactly once; verify through declared seam or explicit gated live receipt.,IMPLEMENTED_OBSERVABILITY_READY,hermes_jev/outcomes.py; hermes_jev/nervous.py,OutcomeLearningTests; real labels accumulate during use
708,46. Local classifier evolution,Classifier should use accumulated historical telemetry.,T18,Outcome learning dataset and future local classifier seam,Phase 7 — observability and learning,T18-R0708,Primary ownership exactly once; verify through declared seam or explicit gated live receipt.,IMPLEMENTED_OBSERVABILITY_READY,hermes_jev/outcomes.py; hermes_jev/nervous.py,OutcomeLearningTests; real labels accumulate during use
709,46. Local classifier evolution,Classifier should learn which event patterns merit Jev.,T18,Outcome learning dataset and future local classifier seam,Phase 7 — observability and learning,T18-R0709,Primary ownership exactly once; verify through declared seam or explicit gated live receipt.,IMPLEMENTED_OBSERVABILITY_READY,hermes_jev/outcomes.py; hermes_jev/nervous.py,OutcomeLearningTests; real labels accumulate during use
710,46. Local classifier evolution,Rules + state delta + tiny classifier hybrid architecture.,T18,Outcome learning dataset and future local classifier seam,Phase 7 — observability and learning,T18-R0710,Primary ownership exactly once; verify through declared seam or explicit gated live receipt.,IMPLEMENTED_OBSERVABILITY_READY,hermes_jev/outcomes.py; hermes_jev/nervous.py,OutcomeLearningTests; real labels accumulate during use
711,46. Local classifier evolution,Classifier does not replace turn-level Jev admission unless proven useful.,T18,Outcome learning dataset and future local classifier seam,Phase 7 — observability and learning,T18-R0711,Primary ownership exactly once; verify through declared seam or explicit gated live receipt.,IMPLEMENTED_OBSERVABILITY_READY,hermes_jev/outcomes.py; hermes_jev/nervous.py,OutcomeLearningTests; real labels accumulate during use
712,47. Adaptive learning from outcomes,Router learns from Jev agreement/disagreement history.,T18,Outcome learning dataset and future local classifier seam,Phase 7 — observability and learning,T18-R0712,Primary ownership exactly once; verify through declared seam or explicit gated live receipt.,IMPLEMENTED_OBSERVABILITY_READY,hermes_jev/outcomes.py; hermes_jev/nervous.py,OutcomeLearningTests; real labels accumulate during use
713,47. Adaptive learning from outcomes,Router learns from challenge usefulness.,T18,Outcome learning dataset and future local classifier seam,Phase 7 — observability and learning,T18-R0713,Primary ownership exactly once; verify through declared seam or explicit gated live receipt.,IMPLEMENTED_OBSERVABILITY_READY,hermes_jev/outcomes.py; hermes_jev/nervous.py,OutcomeLearningTests; real labels accumulate during use
714,47. Adaptive learning from outcomes,Router learns from accepted Jev corrections.,T18,Outcome learning dataset and future local classifier seam,Phase 7 — observability and learning,T18-R0714,Primary ownership exactly once; verify through declared seam or explicit gated live receipt.,IMPLEMENTED_OBSERVABILITY_READY,hermes_jev/outcomes.py; hermes_jev/nervous.py,OutcomeLearningTests; real labels accumulate during use
715,47. Adaptive learning from outcomes,Router learns from rejected Jev corrections.,T18,Outcome learning dataset and future local classifier seam,Phase 7 — observability and learning,T18-R0715,Primary ownership exactly once; verify through declared seam or explicit gated live receipt.,IMPLEMENTED_OBSERVABILITY_READY,hermes_jev/outcomes.py; hermes_jev/nervous.py,OutcomeLearningTests; real labels accumulate during use
716,47. Adaptive learning from outcomes,Router learns from final task outcome.,T18,Outcome learning dataset and future local classifier seam,Phase 7 — observability and learning,T18-R0716,Primary ownership exactly once; verify through declared seam or explicit gated live receipt.,IMPLEMENTED_OBSERVABILITY_READY,hermes_jev/outcomes.py; hermes_jev/nervous.py,OutcomeLearningTests; real labels accumulate during use
717,47. Adaptive learning from outcomes,Router learns event classes with low Jev value.,T18,Outcome learning dataset and future local classifier seam,Phase 7 — observability and learning,T18-R0717,Primary ownership exactly once; verify through declared seam or explicit gated live receipt.,IMPLEMENTED_OBSERVABILITY_READY,hermes_jev/outcomes.py; hermes_jev/nervous.py,OutcomeLearningTests; real labels accumulate during use
718,47. Adaptive learning from outcomes,Router learns event classes with high Jev value.,T18,Outcome learning dataset and future local classifier seam,Phase 7 — observability and learning,T18-R0718,Primary ownership exactly once; verify through declared seam or explicit gated live receipt.,IMPLEMENTED_OBSERVABILITY_READY,hermes_jev/outcomes.py; hermes_jev/nervous.py,OutcomeLearningTests; real labels accumulate during use
719,47. Adaptive learning from outcomes,Router reduces calls for consistently low-value patterns.,T18,Outcome learning dataset and future local classifier seam,Phase 7 — observability and learning,T18-R0719,Primary ownership exactly once; verify through declared seam or explicit gated live receipt.,IMPLEMENTED_OBSERVABILITY_READY,hermes_jev/outcomes.py; hermes_jev/nervous.py,OutcomeLearningTests; real labels accumulate during use
720,47. Adaptive learning from outcomes,Router increases sensitivity for high-value patterns.,T18,Outcome learning dataset and future local classifier seam,Phase 7 — observability and learning,T18-R0720,Primary ownership exactly once; verify through declared seam or explicit gated live receipt.,IMPLEMENTED_OBSERVABILITY_READY,hermes_jev/outcomes.py; hermes_jev/nervous.py,OutcomeLearningTests; real labels accumulate during use
721,47. Adaptive learning from outcomes,Completion supervision can become aggressive if it frequently catches errors.,T18,Outcome learning dataset and future local classifier seam,Phase 7 — observability and learning,T18-R0721,Primary ownership exactly once; verify through declared seam or explicit gated live receipt.,IMPLEMENTED_OBSERVABILITY_READY,hermes_jev/outcomes.py; hermes_jev/nervous.py,OutcomeLearningTests; real labels accumulate during use
722,47. Adaptive learning from outcomes,Recovery supervision can become aggressive if it frequently catches bad retries.,T18,Outcome learning dataset and future local classifier seam,Phase 7 — observability and learning,T18-R0722,Primary ownership exactly once; verify through declared seam or explicit gated live receipt.,IMPLEMENTED_OBSERVABILITY_READY,hermes_jev/outcomes.py; hermes_jev/nervous.py,OutcomeLearningTests; real labels accumulate during use
723,47. Adaptive learning from outcomes,Calibration by event type.,T18,Outcome learning dataset and future local classifier seam,Phase 7 — observability and learning,T18-R0723,Primary ownership exactly once; verify through declared seam or explicit gated live receipt.,IMPLEMENTED_OBSERVABILITY_READY,hermes_jev/outcomes.py; hermes_jev/nervous.py,OutcomeLearningTests; real labels accumulate during use
724,47. Adaptive learning from outcomes,Calibration by objective type.,T18,Outcome learning dataset and future local classifier seam,Phase 7 — observability and learning,T18-R0724,Primary ownership exactly once; verify through declared seam or explicit gated live receipt.,IMPLEMENTED_OBSERVABILITY_READY,hermes_jev/outcomes.py; hermes_jev/nervous.py,OutcomeLearningTests; real labels accumulate during use
725,47. Adaptive learning from outcomes,Calibration by consequence class.,T18,Outcome learning dataset and future local classifier seam,Phase 7 — observability and learning,T18-R0725,Primary ownership exactly once; verify through declared seam or explicit gated live receipt.,IMPLEMENTED_OBSERVABILITY_READY,hermes_jev/outcomes.py; hermes_jev/nervous.py,OutcomeLearningTests; real labels accumulate during use
726,47. Adaptive learning from outcomes,Calibration by Hermes model.,T18,Outcome learning dataset and future local classifier seam,Phase 7 — observability and learning,T18-R0726,Primary ownership exactly once; verify through declared seam or explicit gated live receipt.,IMPLEMENTED_OBSERVABILITY_READY,hermes_jev/outcomes.py; hermes_jev/nervous.py,OutcomeLearningTests; real labels accumulate during use
727,47. Adaptive learning from outcomes,Calibration by Jev model/provider if relevant.,T18,Outcome learning dataset and future local classifier seam,Phase 7 — observability and learning,T18-R0727,Primary ownership exactly once; verify through declared seam or explicit gated live receipt.,IMPLEMENTED_OBSERVABILITY_READY,hermes_jev/outcomes.py; hermes_jev/nervous.py,OutcomeLearningTests; real labels accumulate during use
728,47. Adaptive learning from outcomes,Calibration by confidence bucket.,T18,Outcome learning dataset and future local classifier seam,Phase 7 — observability and learning,T18-R0728,Primary ownership exactly once; verify through declared seam or explicit gated live receipt.,IMPLEMENTED_OBSERVABILITY_READY,hermes_jev/outcomes.py; hermes_jev/nervous.py,OutcomeLearningTests; real labels accumulate during use
729,48. Decision outcome dataset,Store Hermes decision.,T18,Outcome learning dataset and future local classifier seam,Phase 7 — observability and learning,T18-R0729,Primary ownership exactly once; verify through declared seam or explicit gated live receipt.,IMPLEMENTED_OBSERVABILITY_READY,hermes_jev/outcomes.py; hermes_jev/nervous.py,OutcomeLearningTests; real labels accumulate during use
730,48. Decision outcome dataset,Store Jev decision.,T18,Outcome learning dataset and future local classifier seam,Phase 7 — observability and learning,T18-R0730,Primary ownership exactly once; verify through declared seam or explicit gated live receipt.,IMPLEMENTED_OBSERVABILITY_READY,hermes_jev/outcomes.py; hermes_jev/nervous.py,OutcomeLearningTests; real labels accumulate during use
731,48. Decision outcome dataset,Store agreement boolean.,T18,Outcome learning dataset and future local classifier seam,Phase 7 — observability and learning,T18-R0731,Primary ownership exactly once; verify through declared seam or explicit gated live receipt.,IMPLEMENTED_OBSERVABILITY_READY,hermes_jev/outcomes.py; hermes_jev/nervous.py,OutcomeLearningTests; real labels accumulate during use
732,48. Decision outcome dataset,Store Jev confidence.,T18,Outcome learning dataset and future local classifier seam,Phase 7 — observability and learning,T18-R0732,Primary ownership exactly once; verify through declared seam or explicit gated live receipt.,IMPLEMENTED_OBSERVABILITY_READY,hermes_jev/outcomes.py; hermes_jev/nervous.py,OutcomeLearningTests; real labels accumulate during use
733,48. Decision outcome dataset,Store Jev probability distribution.,T18,Outcome learning dataset and future local classifier seam,Phase 7 — observability and learning,T18-R0733,Primary ownership exactly once; verify through declared seam or explicit gated live receipt.,IMPLEMENTED_OBSERVABILITY_READY,hermes_jev/outcomes.py; hermes_jev/nervous.py,OutcomeLearningTests; real labels accumulate during use
734,48. Decision outcome dataset,Store final action.,T18,Outcome learning dataset and future local classifier seam,Phase 7 — observability and learning,T18-R0734,Primary ownership exactly once; verify through declared seam or explicit gated live receipt.,IMPLEMENTED_OBSERVABILITY_READY,hermes_jev/outcomes.py; hermes_jev/nervous.py,OutcomeLearningTests; real labels accumulate during use
735,48. Decision outcome dataset,Store whether Jev changed the action.,T18,Outcome learning dataset and future local classifier seam,Phase 7 — observability and learning,T18-R0735,Primary ownership exactly once; verify through declared seam or explicit gated live receipt.,IMPLEMENTED_OBSERVABILITY_READY,hermes_jev/outcomes.py; hermes_jev/nervous.py,OutcomeLearningTests; real labels accumulate during use
736,48. Decision outcome dataset,Store observed outcome.,T18,Outcome learning dataset and future local classifier seam,Phase 7 — observability and learning,T18-R0736,Primary ownership exactly once; verify through declared seam or explicit gated live receipt.,IMPLEMENTED_OBSERVABILITY_READY,hermes_jev/outcomes.py; hermes_jev/nervous.py,OutcomeLearningTests; real labels accumulate during use
737,48. Decision outcome dataset,Store whether outcome was successful.,T18,Outcome learning dataset and future local classifier seam,Phase 7 — observability and learning,T18-R0737,Primary ownership exactly once; verify through declared seam or explicit gated live receipt.,IMPLEMENTED_OBSERVABILITY_READY,hermes_jev/outcomes.py; hermes_jev/nervous.py,OutcomeLearningTests; real labels accumulate during use
738,48. Decision outcome dataset,Store whether Hermes override was correct.,T18,Outcome learning dataset and future local classifier seam,Phase 7 — observability and learning,T18-R0738,Primary ownership exactly once; verify through declared seam or explicit gated live receipt.,IMPLEMENTED_OBSERVABILITY_READY,hermes_jev/outcomes.py; hermes_jev/nervous.py,OutcomeLearningTests; real labels accumulate during use
739,48. Decision outcome dataset,Store whether Jev correction was correct.,T18,Outcome learning dataset and future local classifier seam,Phase 7 — observability and learning,T18-R0739,Primary ownership exactly once; verify through declared seam or explicit gated live receipt.,IMPLEMENTED_OBSERVABILITY_READY,hermes_jev/outcomes.py; hermes_jev/nervous.py,OutcomeLearningTests; real labels accumulate during use
740,48. Decision outcome dataset,Store state delta.,T18,Outcome learning dataset and future local classifier seam,Phase 7 — observability and learning,T18-R0740,Primary ownership exactly once; verify through declared seam or explicit gated live receipt.,IMPLEMENTED_OBSERVABILITY_READY,hermes_jev/outcomes.py; hermes_jev/nervous.py,OutcomeLearningTests; real labels accumulate during use
741,48. Decision outcome dataset,Store router trigger reason.,T18,Outcome learning dataset and future local classifier seam,Phase 7 — observability and learning,T18-R0741,Primary ownership exactly once; verify through declared seam or explicit gated live receipt.,IMPLEMENTED_OBSERVABILITY_READY,hermes_jev/outcomes.py; hermes_jev/nervous.py,OutcomeLearningTests; real labels accumulate during use
742,48. Decision outcome dataset,Store objective type.,T18,Outcome learning dataset and future local classifier seam,Phase 7 — observability and learning,T18-R0742,Primary ownership exactly once; verify through declared seam or explicit gated live receipt.,IMPLEMENTED_OBSERVABILITY_READY,hermes_jev/outcomes.py; hermes_jev/nervous.py,OutcomeLearningTests; real labels accumulate during use
743,48. Decision outcome dataset,Store decision type.,T18,Outcome learning dataset and future local classifier seam,Phase 7 — observability and learning,T18-R0743,Primary ownership exactly once; verify through declared seam or explicit gated live receipt.,IMPLEMENTED_OBSERVABILITY_READY,hermes_jev/outcomes.py; hermes_jev/nervous.py,OutcomeLearningTests; real labels accumulate during use
744,48. Decision outcome dataset,Store materiality.,T18,Outcome learning dataset and future local classifier seam,Phase 7 — observability and learning,T18-R0744,Primary ownership exactly once; verify through declared seam or explicit gated live receipt.,IMPLEMENTED_OBSERVABILITY_READY,hermes_jev/outcomes.py; hermes_jev/nervous.py,OutcomeLearningTests; real labels accumulate during use
745,48. Decision outcome dataset,Store reversibility.,T18,Outcome learning dataset and future local classifier seam,Phase 7 — observability and learning,T18-R0745,Primary ownership exactly once; verify through declared seam or explicit gated live receipt.,IMPLEMENTED_OBSERVABILITY_READY,hermes_jev/outcomes.py; hermes_jev/nervous.py,OutcomeLearningTests; real labels accumulate during use
746,48. Decision outcome dataset,Store consequence.,T18,Outcome learning dataset and future local classifier seam,Phase 7 — observability and learning,T18-R0746,Primary ownership exactly once; verify through declared seam or explicit gated live receipt.,IMPLEMENTED_OBSERVABILITY_READY,hermes_jev/outcomes.py; hermes_jev/nervous.py,OutcomeLearningTests; real labels accumulate during use
747,48. Decision outcome dataset,Store latency.,T18,Outcome learning dataset and future local classifier seam,Phase 7 — observability and learning,T18-R0747,Primary ownership exactly once; verify through declared seam or explicit gated live receipt.,IMPLEMENTED_OBSERVABILITY_READY,hermes_jev/outcomes.py; hermes_jev/nervous.py,OutcomeLearningTests; real labels accumulate during use
748,48. Decision outcome dataset,Store provider cost.,T18,Outcome learning dataset and future local classifier seam,Phase 7 — observability and learning,T18-R0748,Primary ownership exactly once; verify through declared seam or explicit gated live receipt.,IMPLEMENTED_OBSERVABILITY_READY,hermes_jev/outcomes.py; hermes_jev/nervous.py,OutcomeLearningTests; real labels accumulate during use
749,48. Decision outcome dataset,Store stale/not-stale classification.,T18,Outcome learning dataset and future local classifier seam,Phase 7 — observability and learning,T18-R0749,Primary ownership exactly once; verify through declared seam or explicit gated live receipt.,IMPLEMENTED_OBSERVABILITY_READY,hermes_jev/outcomes.py; hermes_jev/nervous.py,OutcomeLearningTests; real labels accumulate during use
750,48. Decision outcome dataset,Store challenge disposition.,T18,Outcome learning dataset and future local classifier seam,Phase 7 — observability and learning,T18-R0750,Primary ownership exactly once; verify through declared seam or explicit gated live receipt.,IMPLEMENTED_OBSERVABILITY_READY,hermes_jev/outcomes.py; hermes_jev/nervous.py,OutcomeLearningTests; real labels accumulate during use
751,49. Telemetry metrics,Total turns.,T19,Telemetry and decision-quality metrics,Phase 7 — observability and learning,T19-R0751,Primary ownership exactly once; verify through declared seam or explicit gated live receipt.,IMPLEMENTED_OBSERVABILITY_READY,hermes_jev/outcomes.py; hermes_jev/nervous.py,quality_metrics/report schema + OutcomeLearningTests
752,49. Telemetry metrics,OFF turns.,T19,Telemetry and decision-quality metrics,Phase 7 — observability and learning,T19-R0752,Primary ownership exactly once; verify through declared seam or explicit gated live receipt.,IMPLEMENTED_OBSERVABILITY_READY,hermes_jev/outcomes.py; hermes_jev/nervous.py,quality_metrics/report schema + OutcomeLearningTests
753,49. Telemetry metrics,WATCH turns.,T19,Telemetry and decision-quality metrics,Phase 7 — observability and learning,T19-R0753,Primary ownership exactly once; verify through declared seam or explicit gated live receipt.,IMPLEMENTED_OBSERVABILITY_READY,hermes_jev/outcomes.py; hermes_jev/nervous.py,quality_metrics/report schema + OutcomeLearningTests
754,49. Telemetry metrics,ON turns.,T19,Telemetry and decision-quality metrics,Phase 7 — observability and learning,T19-R0754,Primary ownership exactly once; verify through declared seam or explicit gated live receipt.,IMPLEMENTED_OBSERVABILITY_READY,hermes_jev/outcomes.py; hermes_jev/nervous.py,quality_metrics/report schema + OutcomeLearningTests
755,49. Telemetry metrics,WATCH→ON promotions.,T19,Telemetry and decision-quality metrics,Phase 7 — observability and learning,T19-R0755,Primary ownership exactly once; verify through declared seam or explicit gated live receipt.,IMPLEMENTED_OBSERVABILITY_READY,hermes_jev/outcomes.py; hermes_jev/nervous.py,quality_metrics/report schema + OutcomeLearningTests
756,49. Telemetry metrics,Total raw events.,T19,Telemetry and decision-quality metrics,Phase 7 — observability and learning,T19-R0756,Primary ownership exactly once; verify through declared seam or explicit gated live receipt.,IMPLEMENTED_OBSERVABILITY_READY,hermes_jev/outcomes.py; hermes_jev/nervous.py,quality_metrics/report schema + OutcomeLearningTests
757,49. Telemetry metrics,Events consumed locally.,T19,Telemetry and decision-quality metrics,Phase 7 — observability and learning,T19-R0757,Primary ownership exactly once; verify through declared seam or explicit gated live receipt.,IMPLEMENTED_OBSERVABILITY_READY,hermes_jev/outcomes.py; hermes_jev/nervous.py,quality_metrics/report schema + OutcomeLearningTests
758,49. Telemetry metrics,Events suppressed.,T19,Telemetry and decision-quality metrics,Phase 7 — observability and learning,T19-R0758,Primary ownership exactly once; verify through declared seam or explicit gated live receipt.,IMPLEMENTED_OBSERVABILITY_READY,hermes_jev/outcomes.py; hermes_jev/nervous.py,quality_metrics/report schema + OutcomeLearningTests
759,49. Telemetry metrics,Events batched.,T19,Telemetry and decision-quality metrics,Phase 7 — observability and learning,T19-R0759,Primary ownership exactly once; verify through declared seam or explicit gated live receipt.,IMPLEMENTED_OBSERVABILITY_READY,hermes_jev/outcomes.py; hermes_jev/nervous.py,quality_metrics/report schema + OutcomeLearningTests
760,49. Telemetry metrics,Events forwarded to Jev.,T19,Telemetry and decision-quality metrics,Phase 7 — observability and learning,T19-R0760,Primary ownership exactly once; verify through declared seam or explicit gated live receipt.,IMPLEMENTED_OBSERVABILITY_READY,hermes_jev/outcomes.py; hermes_jev/nervous.py,quality_metrics/report schema + OutcomeLearningTests
761,49. Telemetry metrics,Provider-call avoidance count.,T19,Telemetry and decision-quality metrics,Phase 7 — observability and learning,T19-R0761,Primary ownership exactly once; verify through declared seam or explicit gated live receipt.,IMPLEMENTED_OBSERVABILITY_READY,hermes_jev/outcomes.py; hermes_jev/nervous.py,quality_metrics/report schema + OutcomeLearningTests
762,49. Telemetry metrics,Jev calls per turn.,T19,Telemetry and decision-quality metrics,Phase 7 — observability and learning,T19-R0762,Primary ownership exactly once; verify through declared seam or explicit gated live receipt.,IMPLEMENTED_OBSERVABILITY_READY,hermes_jev/outcomes.py; hermes_jev/nervous.py,quality_metrics/report schema + OutcomeLearningTests
763,49. Telemetry metrics,Jev calls per 100 Hermes events.,T19,Telemetry and decision-quality metrics,Phase 7 — observability and learning,T19-R0763,Primary ownership exactly once; verify through declared seam or explicit gated live receipt.,IMPLEMENTED_OBSERVABILITY_READY,hermes_jev/outcomes.py; hermes_jev/nervous.py,quality_metrics/report schema + OutcomeLearningTests
764,49. Telemetry metrics,Jev calls per meaningful decision.,T19,Telemetry and decision-quality metrics,Phase 7 — observability and learning,T19-R0764,Primary ownership exactly once; verify through declared seam or explicit gated live receipt.,IMPLEMENTED_OBSERVABILITY_READY,hermes_jev/outcomes.py; hermes_jev/nervous.py,quality_metrics/report schema + OutcomeLearningTests
765,49. Telemetry metrics,Meaningful decision count.,T19,Telemetry and decision-quality metrics,Phase 7 — observability and learning,T19-R0765,Primary ownership exactly once; verify through declared seam or explicit gated live receipt.,IMPLEMENTED_OBSERVABILITY_READY,hermes_jev/outcomes.py; hermes_jev/nervous.py,quality_metrics/report schema + OutcomeLearningTests
766,49. Telemetry metrics,Jev decisions followed.,T19,Telemetry and decision-quality metrics,Phase 7 — observability and learning,T19-R0766,Primary ownership exactly once; verify through declared seam or explicit gated live receipt.,IMPLEMENTED_OBSERVABILITY_READY,hermes_jev/outcomes.py; hermes_jev/nervous.py,quality_metrics/report schema + OutcomeLearningTests
767,49. Telemetry metrics,Jev decisions overridden.,T19,Telemetry and decision-quality metrics,Phase 7 — observability and learning,T19-R0767,Primary ownership exactly once; verify through declared seam or explicit gated live receipt.,IMPLEMENTED_OBSERVABILITY_READY,hermes_jev/outcomes.py; hermes_jev/nervous.py,quality_metrics/report schema + OutcomeLearningTests
768,49. Telemetry metrics,Agreements.,T19,Telemetry and decision-quality metrics,Phase 7 — observability and learning,T19-R0768,Primary ownership exactly once; verify through declared seam or explicit gated live receipt.,IMPLEMENTED_OBSERVABILITY_READY,hermes_jev/outcomes.py; hermes_jev/nervous.py,quality_metrics/report schema + OutcomeLearningTests
769,49. Telemetry metrics,Disagreements.,T19,Telemetry and decision-quality metrics,Phase 7 — observability and learning,T19-R0769,Primary ownership exactly once; verify through declared seam or explicit gated live receipt.,IMPLEMENTED_OBSERVABILITY_READY,hermes_jev/outcomes.py; hermes_jev/nervous.py,quality_metrics/report schema + OutcomeLearningTests
770,49. Telemetry metrics,High-confidence disagreements.,T19,Telemetry and decision-quality metrics,Phase 7 — observability and learning,T19-R0770,Primary ownership exactly once; verify through declared seam or explicit gated live receipt.,IMPLEMENTED_OBSERVABILITY_READY,hermes_jev/outcomes.py; hermes_jev/nervous.py,quality_metrics/report schema + OutcomeLearningTests
771,49. Telemetry metrics,Challenges issued.,T19,Telemetry and decision-quality metrics,Phase 7 — observability and learning,T19-R0771,Primary ownership exactly once; verify through declared seam or explicit gated live receipt.,IMPLEMENTED_OBSERVABILITY_READY,hermes_jev/outcomes.py; hermes_jev/nervous.py,quality_metrics/report schema + OutcomeLearningTests
772,49. Telemetry metrics,Challenges accepted.,T19,Telemetry and decision-quality metrics,Phase 7 — observability and learning,T19-R0772,Primary ownership exactly once; verify through declared seam or explicit gated live receipt.,IMPLEMENTED_OBSERVABILITY_READY,hermes_jev/outcomes.py; hermes_jev/nervous.py,quality_metrics/report schema + OutcomeLearningTests
773,49. Telemetry metrics,Challenges rejected.,T19,Telemetry and decision-quality metrics,Phase 7 — observability and learning,T19-R0773,Primary ownership exactly once; verify through declared seam or explicit gated live receipt.,IMPLEMENTED_OBSERVABILITY_READY,hermes_jev/outcomes.py; hermes_jev/nervous.py,quality_metrics/report schema + OutcomeLearningTests
774,49. Telemetry metrics,Stale challenges.,T19,Telemetry and decision-quality metrics,Phase 7 — observability and learning,T19-R0774,Primary ownership exactly once; verify through declared seam or explicit gated live receipt.,IMPLEMENTED_OBSERVABILITY_READY,hermes_jev/outcomes.py; hermes_jev/nervous.py,quality_metrics/report schema + OutcomeLearningTests
775,49. Telemetry metrics,Useful disagreements.,T19,Telemetry and decision-quality metrics,Phase 7 — observability and learning,T19-R0775,Primary ownership exactly once; verify through declared seam or explicit gated live receipt.,IMPLEMENTED_OBSERVABILITY_READY,hermes_jev/outcomes.py; hermes_jev/nervous.py,quality_metrics/report schema + OutcomeLearningTests
776,49. Telemetry metrics,Useless disagreements.,T19,Telemetry and decision-quality metrics,Phase 7 — observability and learning,T19-R0776,Primary ownership exactly once; verify through declared seam or explicit gated live receipt.,IMPLEMENTED_OBSERVABILITY_READY,hermes_jev/outcomes.py; hermes_jev/nervous.py,quality_metrics/report schema + OutcomeLearningTests
777,49. Telemetry metrics,False-positive challenges.,T19,Telemetry and decision-quality metrics,Phase 7 — observability and learning,T19-R0777,Primary ownership exactly once; verify through declared seam or explicit gated live receipt.,IMPLEMENTED_OBSERVABILITY_READY,hermes_jev/outcomes.py; hermes_jev/nervous.py,quality_metrics/report schema + OutcomeLearningTests
778,49. Telemetry metrics,False-negative supervision events where measurable.,T19,Telemetry and decision-quality metrics,Phase 7 — observability and learning,T19-R0778,Primary ownership exactly once; verify through declared seam or explicit gated live receipt.,IMPLEMENTED_OBSERVABILITY_READY,hermes_jev/outcomes.py; hermes_jev/nervous.py,quality_metrics/report schema + OutcomeLearningTests
779,49. Telemetry metrics,Retry count.,T19,Telemetry and decision-quality metrics,Phase 7 — observability and learning,T19-R0779,Primary ownership exactly once; verify through declared seam or explicit gated live receipt.,IMPLEMENTED_OBSERVABILITY_READY,hermes_jev/outcomes.py; hermes_jev/nervous.py,quality_metrics/report schema + OutcomeLearningTests
780,49. Telemetry metrics,Replan count.,T19,Telemetry and decision-quality metrics,Phase 7 — observability and learning,T19-R0780,Primary ownership exactly once; verify through declared seam or explicit gated live receipt.,IMPLEMENTED_OBSERVABILITY_READY,hermes_jev/outcomes.py; hermes_jev/nervous.py,quality_metrics/report schema + OutcomeLearningTests
781,49. Telemetry metrics,Escalate count.,T19,Telemetry and decision-quality metrics,Phase 7 — observability and learning,T19-R0781,Primary ownership exactly once; verify through declared seam or explicit gated live receipt.,IMPLEMENTED_OBSERVABILITY_READY,hermes_jev/outcomes.py; hermes_jev/nervous.py,quality_metrics/report schema + OutcomeLearningTests
782,49. Telemetry metrics,Gather-evidence count.,T19,Telemetry and decision-quality metrics,Phase 7 — observability and learning,T19-R0782,Primary ownership exactly once; verify through declared seam or explicit gated live receipt.,IMPLEMENTED_OBSERVABILITY_READY,hermes_jev/outcomes.py; hermes_jev/nervous.py,quality_metrics/report schema + OutcomeLearningTests
783,49. Telemetry metrics,Completion assessments.,T19,Telemetry and decision-quality metrics,Phase 7 — observability and learning,T19-R0783,Primary ownership exactly once; verify through declared seam or explicit gated live receipt.,IMPLEMENTED_OBSERVABILITY_READY,hermes_jev/outcomes.py; hermes_jev/nervous.py,quality_metrics/report schema + OutcomeLearningTests
784,49. Telemetry metrics,False PASS.,T19,Telemetry and decision-quality metrics,Phase 7 — observability and learning,T19-R0784,Primary ownership exactly once; verify through declared seam or explicit gated live receipt.,IMPLEMENTED_OBSERVABILITY_READY,hermes_jev/outcomes.py; hermes_jev/nervous.py,quality_metrics/report schema + OutcomeLearningTests
785,49. Telemetry metrics,False REPLAN.,T19,Telemetry and decision-quality metrics,Phase 7 — observability and learning,T19-R0785,Primary ownership exactly once; verify through declared seam or explicit gated live receipt.,IMPLEMENTED_OBSERVABILITY_READY,hermes_jev/outcomes.py; hermes_jev/nervous.py,quality_metrics/report schema + OutcomeLearningTests
786,49. Telemetry metrics,Premature-DONE catches.,T19,Telemetry and decision-quality metrics,Phase 7 — observability and learning,T19-R0786,Primary ownership exactly once; verify through declared seam or explicit gated live receipt.,IMPLEMENTED_OBSERVABILITY_READY,hermes_jev/outcomes.py; hermes_jev/nervous.py,quality_metrics/report schema + OutcomeLearningTests
787,49. Telemetry metrics,Rehydrations.,T19,Telemetry and decision-quality metrics,Phase 7 — observability and learning,T19-R0787,Primary ownership exactly once; verify through declared seam or explicit gated live receipt.,IMPLEMENTED_OBSERVABILITY_READY,hermes_jev/outcomes.py; hermes_jev/nervous.py,quality_metrics/report schema + OutcomeLearningTests
788,49. Telemetry metrics,Decision-lease reuse.,T19,Telemetry and decision-quality metrics,Phase 7 — observability and learning,T19-R0788,Primary ownership exactly once; verify through declared seam or explicit gated live receipt.,IMPLEMENTED_OBSERVABILITY_READY,hermes_jev/outcomes.py; hermes_jev/nervous.py,quality_metrics/report schema + OutcomeLearningTests
789,49. Telemetry metrics,Decision-lease invalidations.,T19,Telemetry and decision-quality metrics,Phase 7 — observability and learning,T19-R0789,Primary ownership exactly once; verify through declared seam or explicit gated live receipt.,IMPLEMENTED_OBSERVABILITY_READY,hermes_jev/outcomes.py; hermes_jev/nervous.py,quality_metrics/report schema + OutcomeLearningTests
790,49. Telemetry metrics,Average Jev latency.,T19,Telemetry and decision-quality metrics,Phase 7 — observability and learning,T19-R0790,Primary ownership exactly once; verify through declared seam or explicit gated live receipt.,IMPLEMENTED_OBSERVABILITY_READY,hermes_jev/outcomes.py; hermes_jev/nervous.py,quality_metrics/report schema + OutcomeLearningTests
791,49. Telemetry metrics,P50 Jev latency.,T19,Telemetry and decision-quality metrics,Phase 7 — observability and learning,T19-R0791,Primary ownership exactly once; verify through declared seam or explicit gated live receipt.,IMPLEMENTED_OBSERVABILITY_READY,hermes_jev/outcomes.py; hermes_jev/nervous.py,quality_metrics/report schema + OutcomeLearningTests
792,49. Telemetry metrics,P95 Jev latency.,T19,Telemetry and decision-quality metrics,Phase 7 — observability and learning,T19-R0792,Primary ownership exactly once; verify through declared seam or explicit gated live receipt.,IMPLEMENTED_OBSERVABILITY_READY,hermes_jev/outcomes.py; hermes_jev/nervous.py,quality_metrics/report schema + OutcomeLearningTests
793,49. Telemetry metrics,Jev token usage.,T19,Telemetry and decision-quality metrics,Phase 7 — observability and learning,T19-R0793,Primary ownership exactly once; verify through declared seam or explicit gated live receipt.,IMPLEMENTED_OBSERVABILITY_READY,hermes_jev/outcomes.py; hermes_jev/nervous.py,quality_metrics/report schema + OutcomeLearningTests
794,49. Telemetry metrics,Jev provider cost.,T19,Telemetry and decision-quality metrics,Phase 7 — observability and learning,T19-R0794,Primary ownership exactly once; verify through declared seam or explicit gated live receipt.,IMPLEMENTED_OBSERVABILITY_READY,hermes_jev/outcomes.py; hermes_jev/nervous.py,quality_metrics/report schema + OutcomeLearningTests
795,49. Telemetry metrics,Estimated avoided Jev calls.,T19,Telemetry and decision-quality metrics,Phase 7 — observability and learning,T19-R0795,Primary ownership exactly once; verify through declared seam or explicit gated live receipt.,IMPLEMENTED_OBSERVABILITY_READY,hermes_jev/outcomes.py; hermes_jev/nervous.py,quality_metrics/report schema + OutcomeLearningTests
796,49. Telemetry metrics,Estimated avoided provider cost.,T19,Telemetry and decision-quality metrics,Phase 7 — observability and learning,T19-R0796,Primary ownership exactly once; verify through declared seam or explicit gated live receipt.,IMPLEMENTED_OBSERVABILITY_READY,hermes_jev/outcomes.py; hermes_jev/nervous.py,quality_metrics/report schema + OutcomeLearningTests
797,49. Telemetry metrics,Avoided synchronous wait time.,T19,Telemetry and decision-quality metrics,Phase 7 — observability and learning,T19-R0797,Primary ownership exactly once; verify through declared seam or explicit gated live receipt.,IMPLEMENTED_OBSERVABILITY_READY,hermes_jev/outcomes.py; hermes_jev/nervous.py,quality_metrics/report schema + OutcomeLearningTests
798,49. Telemetry metrics,Final task success.,T19,Telemetry and decision-quality metrics,Phase 7 — observability and learning,T19-R0798,Primary ownership exactly once; verify through declared seam or explicit gated live receipt.,IMPLEMENTED_OBSERVABILITY_READY,hermes_jev/outcomes.py; hermes_jev/nervous.py,quality_metrics/report schema + OutcomeLearningTests
799,49. Telemetry metrics,Decision correction success.,T19,Telemetry and decision-quality metrics,Phase 7 — observability and learning,T19-R0799,Primary ownership exactly once; verify through declared seam or explicit gated live receipt.,IMPLEMENTED_OBSERVABILITY_READY,hermes_jev/outcomes.py; hermes_jev/nervous.py,quality_metrics/report schema + OutcomeLearningTests
800,49. Telemetry metrics,Router precision.,T19,Telemetry and decision-quality metrics,Phase 7 — observability and learning,T19-R0800,Primary ownership exactly once; verify through declared seam or explicit gated live receipt.,IMPLEMENTED_OBSERVABILITY_READY,hermes_jev/outcomes.py; hermes_jev/nervous.py,quality_metrics/report schema + OutcomeLearningTests
801,49. Telemetry metrics,Router recall where ground truth can be approximated.,T19,Telemetry and decision-quality metrics,Phase 7 — observability and learning,T19-R0801,Primary ownership exactly once; verify through declared seam or explicit gated live receipt.,IMPLEMENTED_OBSERVABILITY_READY,hermes_jev/outcomes.py; hermes_jev/nervous.py,quality_metrics/report schema + OutcomeLearningTests
802,49. Telemetry metrics,Challenge precision.,T19,Telemetry and decision-quality metrics,Phase 7 — observability and learning,T19-R0802,Primary ownership exactly once; verify through declared seam or explicit gated live receipt.,IMPLEMENTED_OBSERVABILITY_READY,hermes_jev/outcomes.py; hermes_jev/nervous.py,quality_metrics/report schema + OutcomeLearningTests
803,49. Telemetry metrics,Confidence calibration.,T19,Telemetry and decision-quality metrics,Phase 7 — observability and learning,T19-R0803,Primary ownership exactly once; verify through declared seam or explicit gated live receipt.,IMPLEMENTED_OBSERVABILITY_READY,hermes_jev/outcomes.py; hermes_jev/nervous.py,quality_metrics/report schema + OutcomeLearningTests
804,50. Metrics explicitly prioritized in the thread,False PASS as a critical metric.,T19,Telemetry and decision-quality metrics,Phase 7 — observability and learning,T19-R0804,Primary ownership exactly once; verify through declared seam or explicit gated live receipt.,IMPLEMENTED_OBSERVABILITY_READY,hermes_jev/outcomes.py; hermes_jev/nervous.py,quality_metrics/report schema + OutcomeLearningTests
805,50. Metrics explicitly prioritized in the thread,Final task success as ultimate metric.,T19,Telemetry and decision-quality metrics,Phase 7 — observability and learning,T19-R0805,Primary ownership exactly once; verify through declared seam or explicit gated live receipt.,IMPLEMENTED_OBSERVABILITY_READY,hermes_jev/outcomes.py; hermes_jev/nervous.py,quality_metrics/report schema + OutcomeLearningTests
806,50. Metrics explicitly prioritized in the thread,Useful decision disagreement over raw Jev call count.,T19,Telemetry and decision-quality metrics,Phase 7 — observability and learning,T19-R0806,Primary ownership exactly once; verify through declared seam or explicit gated live receipt.,IMPLEMENTED_OBSERVABILITY_READY,hermes_jev/outcomes.py; hermes_jev/nervous.py,quality_metrics/report schema + OutcomeLearningTests
807,50. Metrics explicitly prioritized in the thread,Avoid number of Jev calls as the primary success measure.,T19,Telemetry and decision-quality metrics,Phase 7 — observability and learning,T19-R0807,Primary ownership exactly once; verify through declared seam or explicit gated live receipt.,IMPLEMENTED_OBSERVABILITY_READY,hermes_jev/outcomes.py; hermes_jev/nervous.py,quality_metrics/report schema + OutcomeLearningTests
808,50. Metrics explicitly prioritized in the thread,Measure whether Jev actually changed the trajectory usefully.,T19,Telemetry and decision-quality metrics,Phase 7 — observability and learning,T19-R0808,Primary ownership exactly once; verify through declared seam or explicit gated live receipt.,IMPLEMENTED_OBSERVABILITY_READY,hermes_jev/outcomes.py; hermes_jev/nervous.py,quality_metrics/report schema + OutcomeLearningTests
809,50. Metrics explicitly prioritized in the thread,Measure whether Jev catches premature completion.,T19,Telemetry and decision-quality metrics,Phase 7 — observability and learning,T19-R0809,Primary ownership exactly once; verify through declared seam or explicit gated live receipt.,IMPLEMENTED_OBSERVABILITY_READY,hermes_jev/outcomes.py; hermes_jev/nervous.py,quality_metrics/report schema + OutcomeLearningTests
810,50. Metrics explicitly prioritized in the thread,Measure whether Jev catches pointless retry loops.,T19,Telemetry and decision-quality metrics,Phase 7 — observability and learning,T19-R0810,Primary ownership exactly once; verify through declared seam or explicit gated live receipt.,IMPLEMENTED_OBSERVABILITY_READY,hermes_jev/outcomes.py; hermes_jev/nervous.py,quality_metrics/report schema + OutcomeLearningTests
811,50. Metrics explicitly prioritized in the thread,Measure whether Jev improves routing.,T19,Telemetry and decision-quality metrics,Phase 7 — observability and learning,T19-R0811,Primary ownership exactly once; verify through declared seam or explicit gated live receipt.,IMPLEMENTED_OBSERVABILITY_READY,hermes_jev/outcomes.py; hermes_jev/nervous.py,quality_metrics/report schema + OutcomeLearningTests
812,50. Metrics explicitly prioritized in the thread,Measure how often Hermes correctly overrides Jev.,T19,Telemetry and decision-quality metrics,Phase 7 — observability and learning,T19-R0812,Primary ownership exactly once; verify through declared seam or explicit gated live receipt.,IMPLEMENTED_OBSERVABILITY_READY,hermes_jev/outcomes.py; hermes_jev/nervous.py,quality_metrics/report schema + OutcomeLearningTests
813,50. Metrics explicitly prioritized in the thread,Measure how often Jev correctly overrides Hermes.,T19,Telemetry and decision-quality metrics,Phase 7 — observability and learning,T19-R0813,Primary ownership exactly once; verify through declared seam or explicit gated live receipt.,IMPLEMENTED_OBSERVABILITY_READY,hermes_jev/outcomes.py; hermes_jev/nervous.py,quality_metrics/report schema + OutcomeLearningTests
814,50. Metrics explicitly prioritized in the thread,Measure decision-added latency.,T19,Telemetry and decision-quality metrics,Phase 7 — observability and learning,T19-R0814,Primary ownership exactly once; verify through declared seam or explicit gated live receipt.,IMPLEMENTED_OBSERVABILITY_READY,hermes_jev/outcomes.py; hermes_jev/nervous.py,quality_metrics/report schema + OutcomeLearningTests
815,50. Metrics explicitly prioritized in the thread,Measure avoided tool/model calls.,T19,Telemetry and decision-quality metrics,Phase 7 — observability and learning,T19-R0815,Primary ownership exactly once; verify through declared seam or explicit gated live receipt.,IMPLEMENTED_OBSERVABILITY_READY,hermes_jev/outcomes.py; hermes_jev/nervous.py,quality_metrics/report schema + OutcomeLearningTests
816,50. Metrics explicitly prioritized in the thread,Measure avoided Jev calls.,T19,Telemetry and decision-quality metrics,Phase 7 — observability and learning,T19-R0816,Primary ownership exactly once; verify through declared seam or explicit gated live receipt.,IMPLEMENTED_OBSERVABILITY_READY,hermes_jev/outcomes.py; hermes_jev/nervous.py,quality_metrics/report schema + OutcomeLearningTests
817,51. Receipts,Immutable-ish structured decision receipts.,T20,Receipts and jev_stats nervous-system expansion,Phase 7 — observability and learning,T20-R0817,Primary ownership exactly once; verify through declared seam or explicit gated live receipt.,IMPLEMENTED_OBSERVABILITY_READY,hermes_jev/tools.py; hermes_jev/nervous.py; hermes_jev/outcomes.py,jev_stats nervous/outcome telemetry + registration tests
818,51. Receipts,Turn-admission receipt.,T20,Receipts and jev_stats nervous-system expansion,Phase 7 — observability and learning,T20-R0818,Primary ownership exactly once; verify through declared seam or explicit gated live receipt.,IMPLEMENTED_OBSERVABILITY_READY,hermes_jev/tools.py; hermes_jev/nervous.py; hermes_jev/outcomes.py,jev_stats nervous/outcome telemetry + registration tests
819,51. Receipts,Router-trigger receipt.,T20,Receipts and jev_stats nervous-system expansion,Phase 7 — observability and learning,T20-R0819,Primary ownership exactly once; verify through declared seam or explicit gated live receipt.,IMPLEMENTED_OBSERVABILITY_READY,hermes_jev/tools.py; hermes_jev/nervous.py; hermes_jev/outcomes.py,jev_stats nervous/outcome telemetry + registration tests
820,51. Receipts,Jev-request receipt.,T20,Receipts and jev_stats nervous-system expansion,Phase 7 — observability and learning,T20-R0820,Primary ownership exactly once; verify through declared seam or explicit gated live receipt.,IMPLEMENTED_OBSERVABILITY_READY,hermes_jev/tools.py; hermes_jev/nervous.py; hermes_jev/outcomes.py,jev_stats nervous/outcome telemetry + registration tests
821,51. Receipts,Agreement receipt.,T20,Receipts and jev_stats nervous-system expansion,Phase 7 — observability and learning,T20-R0821,Primary ownership exactly once; verify through declared seam or explicit gated live receipt.,IMPLEMENTED_OBSERVABILITY_READY,hermes_jev/tools.py; hermes_jev/nervous.py; hermes_jev/outcomes.py,jev_stats nervous/outcome telemetry + registration tests
822,51. Receipts,Challenge receipt.,T20,Receipts and jev_stats nervous-system expansion,Phase 7 — observability and learning,T20-R0822,Primary ownership exactly once; verify through declared seam or explicit gated live receipt.,IMPLEMENTED_OBSERVABILITY_READY,hermes_jev/tools.py; hermes_jev/nervous.py; hermes_jev/outcomes.py,jev_stats nervous/outcome telemetry + registration tests
823,51. Receipts,Challenge-resolution receipt.,T20,Receipts and jev_stats nervous-system expansion,Phase 7 — observability and learning,T20-R0823,Primary ownership exactly once; verify through declared seam or explicit gated live receipt.,IMPLEMENTED_OBSERVABILITY_READY,hermes_jev/tools.py; hermes_jev/nervous.py; hermes_jev/outcomes.py,jev_stats nervous/outcome telemetry + registration tests
824,51. Receipts,Stale-response receipt.,T20,Receipts and jev_stats nervous-system expansion,Phase 7 — observability and learning,T20-R0824,Primary ownership exactly once; verify through declared seam or explicit gated live receipt.,IMPLEMENTED_OBSERVABILITY_READY,hermes_jev/tools.py; hermes_jev/nervous.py; hermes_jev/outcomes.py,jev_stats nervous/outcome telemetry + registration tests
825,51. Receipts,Decision-lease receipt.,T20,Receipts and jev_stats nervous-system expansion,Phase 7 — observability and learning,T20-R0825,Primary ownership exactly once; verify through declared seam or explicit gated live receipt.,IMPLEMENTED_OBSERVABILITY_READY,hermes_jev/tools.py; hermes_jev/nervous.py; hermes_jev/outcomes.py,jev_stats nervous/outcome telemetry + registration tests
826,51. Receipts,Completion receipt.,T20,Receipts and jev_stats nervous-system expansion,Phase 7 — observability and learning,T20-R0826,Primary ownership exactly once; verify through declared seam or explicit gated live receipt.,IMPLEMENTED_OBSERVABILITY_READY,hermes_jev/tools.py; hermes_jev/nervous.py; hermes_jev/outcomes.py,jev_stats nervous/outcome telemetry + registration tests
827,51. Receipts,Recovery receipt.,T20,Receipts and jev_stats nervous-system expansion,Phase 7 — observability and learning,T20-R0827,Primary ownership exactly once; verify through declared seam or explicit gated live receipt.,IMPLEMENTED_OBSERVABILITY_READY,hermes_jev/tools.py; hermes_jev/nervous.py; hermes_jev/outcomes.py,jev_stats nervous/outcome telemetry + registration tests
828,51. Receipts,Final-turn supervision summary.,T20,Receipts and jev_stats nervous-system expansion,Phase 7 — observability and learning,T20-R0828,Primary ownership exactly once; verify through declared seam or explicit gated live receipt.,IMPLEMENTED_OBSERVABILITY_READY,hermes_jev/tools.py; hermes_jev/nervous.py; hermes_jev/outcomes.py,jev_stats nervous/outcome telemetry + registration tests
829,51. Receipts,Choices preserved.,T20,Receipts and jev_stats nervous-system expansion,Phase 7 — observability and learning,T20-R0829,Primary ownership exactly once; verify through declared seam or explicit gated live receipt.,IMPLEMENTED_OBSERVABILITY_READY,hermes_jev/tools.py; hermes_jev/nervous.py; hermes_jev/outcomes.py,jev_stats nervous/outcome telemetry + registration tests
830,51. Receipts,Hermes selected value preserved.,T20,Receipts and jev_stats nervous-system expansion,Phase 7 — observability and learning,T20-R0830,Primary ownership exactly once; verify through declared seam or explicit gated live receipt.,IMPLEMENTED_OBSERVABILITY_READY,hermes_jev/tools.py; hermes_jev/nervous.py; hermes_jev/outcomes.py,jev_stats nervous/outcome telemetry + registration tests
831,51. Receipts,Jev selected value preserved.,T20,Receipts and jev_stats nervous-system expansion,Phase 7 — observability and learning,T20-R0831,Primary ownership exactly once; verify through declared seam or explicit gated live receipt.,IMPLEMENTED_OBSERVABILITY_READY,hermes_jev/tools.py; hermes_jev/nervous.py; hermes_jev/outcomes.py,jev_stats nervous/outcome telemetry + registration tests
832,51. Receipts,Probabilities preserved.,T20,Receipts and jev_stats nervous-system expansion,Phase 7 — observability and learning,T20-R0832,Primary ownership exactly once; verify through declared seam or explicit gated live receipt.,IMPLEMENTED_OBSERVABILITY_READY,hermes_jev/tools.py; hermes_jev/nervous.py; hermes_jev/outcomes.py,jev_stats nervous/outcome telemetry + registration tests
833,51. Receipts,Confidence preserved.,T20,Receipts and jev_stats nervous-system expansion,Phase 7 — observability and learning,T20-R0833,Primary ownership exactly once; verify through declared seam or explicit gated live receipt.,IMPLEMENTED_OBSERVABILITY_READY,hermes_jev/tools.py; hermes_jev/nervous.py; hermes_jev/outcomes.py,jev_stats nervous/outcome telemetry + registration tests
834,51. Receipts,Decision contract preserved.,T20,Receipts and jev_stats nervous-system expansion,Phase 7 — observability and learning,T20-R0834,Primary ownership exactly once; verify through declared seam or explicit gated live receipt.,IMPLEMENTED_OBSERVABILITY_READY,hermes_jev/tools.py; hermes_jev/nervous.py; hermes_jev/outcomes.py,jev_stats nervous/outcome telemetry + registration tests
835,51. Receipts,Resulting Hermes action preserved.,T20,Receipts and jev_stats nervous-system expansion,Phase 7 — observability and learning,T20-R0835,Primary ownership exactly once; verify through declared seam or explicit gated live receipt.,IMPLEMENTED_OBSERVABILITY_READY,hermes_jev/tools.py; hermes_jev/nervous.py; hermes_jev/outcomes.py,jev_stats nervous/outcome telemetry + registration tests
836,51. Receipts,Observed outcome preserved.,T20,Receipts and jev_stats nervous-system expansion,Phase 7 — observability and learning,T20-R0836,Primary ownership exactly once; verify through declared seam or explicit gated live receipt.,IMPLEMENTED_OBSERVABILITY_READY,hermes_jev/tools.py; hermes_jev/nervous.py; hermes_jev/outcomes.py,jev_stats nervous/outcome telemetry + registration tests
837,51. Receipts,Provider provenance preserved.,T20,Receipts and jev_stats nervous-system expansion,Phase 7 — observability and learning,T20-R0837,Primary ownership exactly once; verify through declared seam or explicit gated live receipt.,IMPLEMENTED_OBSERVABILITY_READY,hermes_jev/tools.py; hermes_jev/nervous.py; hermes_jev/outcomes.py,jev_stats nervous/outcome telemetry + registration tests
838,51. Receipts,State/version provenance preserved.,T20,Receipts and jev_stats nervous-system expansion,Phase 7 — observability and learning,T20-R0838,Primary ownership exactly once; verify through declared seam or explicit gated live receipt.,IMPLEMENTED_OBSERVABILITY_READY,hermes_jev/tools.py; hermes_jev/nervous.py; hermes_jev/outcomes.py,jev_stats nervous/outcome telemetry + registration tests
839,52. jev_stats expansion,Turn admission section.,T20,Receipts and jev_stats nervous-system expansion,Phase 7 — observability and learning,T20-R0839,Primary ownership exactly once; verify through declared seam or explicit gated live receipt.,IMPLEMENTED_OBSERVABILITY_READY,hermes_jev/tools.py; hermes_jev/nervous.py; hermes_jev/outcomes.py,jev_stats nervous/outcome telemetry + registration tests
840,52. jev_stats expansion,Nervous-system section.,T20,Receipts and jev_stats nervous-system expansion,Phase 7 — observability and learning,T20-R0840,Primary ownership exactly once; verify through declared seam or explicit gated live receipt.,IMPLEMENTED_OBSERVABILITY_READY,hermes_jev/tools.py; hermes_jev/nervous.py; hermes_jev/outcomes.py,jev_stats nervous/outcome telemetry + registration tests
841,52. jev_stats expansion,Event-router section.,T20,Receipts and jev_stats nervous-system expansion,Phase 7 — observability and learning,T20-R0841,Primary ownership exactly once; verify through declared seam or explicit gated live receipt.,IMPLEMENTED_OBSERVABILITY_READY,hermes_jev/tools.py; hermes_jev/nervous.py; hermes_jev/outcomes.py,jev_stats nervous/outcome telemetry + registration tests
842,52. jev_stats expansion,Router trigger reasons.,T20,Receipts and jev_stats nervous-system expansion,Phase 7 — observability and learning,T20-R0842,Primary ownership exactly once; verify through declared seam or explicit gated live receipt.,IMPLEMENTED_OBSERVABILITY_READY,hermes_jev/tools.py; hermes_jev/nervous.py; hermes_jev/outcomes.py,jev_stats nervous/outcome telemetry + registration tests
843,52. jev_stats expansion,Router suppression reasons.,T20,Receipts and jev_stats nervous-system expansion,Phase 7 — observability and learning,T20-R0843,Primary ownership exactly once; verify through declared seam or explicit gated live receipt.,IMPLEMENTED_OBSERVABILITY_READY,hermes_jev/tools.py; hermes_jev/nervous.py; hermes_jev/outcomes.py,jev_stats nervous/outcome telemetry + registration tests
844,52. jev_stats expansion,Batch statistics.,T20,Receipts and jev_stats nervous-system expansion,Phase 7 — observability and learning,T20-R0844,Primary ownership exactly once; verify through declared seam or explicit gated live receipt.,IMPLEMENTED_OBSERVABILITY_READY,hermes_jev/tools.py; hermes_jev/nervous.py; hermes_jev/outcomes.py,jev_stats nervous/outcome telemetry + registration tests
845,52. jev_stats expansion,Challenge statistics.,T20,Receipts and jev_stats nervous-system expansion,Phase 7 — observability and learning,T20-R0845,Primary ownership exactly once; verify through declared seam or explicit gated live receipt.,IMPLEMENTED_OBSERVABILITY_READY,hermes_jev/tools.py; hermes_jev/nervous.py; hermes_jev/outcomes.py,jev_stats nervous/outcome telemetry + registration tests
846,52. jev_stats expansion,Agreement statistics.,T20,Receipts and jev_stats nervous-system expansion,Phase 7 — observability and learning,T20-R0846,Primary ownership exactly once; verify through declared seam or explicit gated live receipt.,IMPLEMENTED_OBSERVABILITY_READY,hermes_jev/tools.py; hermes_jev/nervous.py; hermes_jev/outcomes.py,jev_stats nervous/outcome telemetry + registration tests
847,52. jev_stats expansion,Disagreement statistics.,T20,Receipts and jev_stats nervous-system expansion,Phase 7 — observability and learning,T20-R0847,Primary ownership exactly once; verify through declared seam or explicit gated live receipt.,IMPLEMENTED_OBSERVABILITY_READY,hermes_jev/tools.py; hermes_jev/nervous.py; hermes_jev/outcomes.py,jev_stats nervous/outcome telemetry + registration tests
848,52. jev_stats expansion,Staleness statistics.,T20,Receipts and jev_stats nervous-system expansion,Phase 7 — observability and learning,T20-R0848,Primary ownership exactly once; verify through declared seam or explicit gated live receipt.,IMPLEMENTED_OBSERVABILITY_READY,hermes_jev/tools.py; hermes_jev/nervous.py; hermes_jev/outcomes.py,jev_stats nervous/outcome telemetry + registration tests
849,52. jev_stats expansion,Decision-lease statistics.,T20,Receipts and jev_stats nervous-system expansion,Phase 7 — observability and learning,T20-R0849,Primary ownership exactly once; verify through declared seam or explicit gated live receipt.,IMPLEMENTED_OBSERVABILITY_READY,hermes_jev/tools.py; hermes_jev/nervous.py; hermes_jev/outcomes.py,jev_stats nervous/outcome telemetry + registration tests
850,52. jev_stats expansion,Completion statistics.,T20,Receipts and jev_stats nervous-system expansion,Phase 7 — observability and learning,T20-R0850,Primary ownership exactly once; verify through declared seam or explicit gated live receipt.,IMPLEMENTED_OBSERVABILITY_READY,hermes_jev/tools.py; hermes_jev/nervous.py; hermes_jev/outcomes.py,jev_stats nervous/outcome telemetry + registration tests
851,52. jev_stats expansion,Recovery statistics.,T20,Receipts and jev_stats nervous-system expansion,Phase 7 — observability and learning,T20-R0851,Primary ownership exactly once; verify through declared seam or explicit gated live receipt.,IMPLEMENTED_OBSERVABILITY_READY,hermes_jev/tools.py; hermes_jev/nervous.py; hermes_jev/outcomes.py,jev_stats nervous/outcome telemetry + registration tests
852,52. jev_stats expansion,Supervision-mode statistics.,T20,Receipts and jev_stats nervous-system expansion,Phase 7 — observability and learning,T20-R0852,Primary ownership exactly once; verify through declared seam or explicit gated live receipt.,IMPLEMENTED_OBSERVABILITY_READY,hermes_jev/tools.py; hermes_jev/nervous.py; hermes_jev/outcomes.py,jev_stats nervous/outcome telemetry + registration tests
853,52. jev_stats expansion,WATCH→ON transition statistics.,T20,Receipts and jev_stats nervous-system expansion,Phase 7 — observability and learning,T20-R0853,Primary ownership exactly once; verify through declared seam or explicit gated live receipt.,IMPLEMENTED_OBSERVABILITY_READY,hermes_jev/tools.py; hermes_jev/nervous.py; hermes_jev/outcomes.py,jev_stats nervous/outcome telemetry + registration tests
854,52. jev_stats expansion,Provider usage statistics.,T20,Receipts and jev_stats nervous-system expansion,Phase 7 — observability and learning,T20-R0854,Primary ownership exactly once; verify through declared seam or explicit gated live receipt.,IMPLEMENTED_OBSERVABILITY_READY,hermes_jev/tools.py; hermes_jev/nervous.py; hermes_jev/outcomes.py,jev_stats nervous/outcome telemetry + registration tests
855,52. jev_stats expansion,Cost statistics.,T20,Receipts and jev_stats nervous-system expansion,Phase 7 — observability and learning,T20-R0855,Primary ownership exactly once; verify through declared seam or explicit gated live receipt.,IMPLEMENTED_OBSERVABILITY_READY,hermes_jev/tools.py; hermes_jev/nervous.py; hermes_jev/outcomes.py,jev_stats nervous/outcome telemetry + registration tests
856,52. jev_stats expansion,Latency statistics.,T20,Receipts and jev_stats nervous-system expansion,Phase 7 — observability and learning,T20-R0856,Primary ownership exactly once; verify through declared seam or explicit gated live receipt.,IMPLEMENTED_OBSERVABILITY_READY,hermes_jev/tools.py; hermes_jev/nervous.py; hermes_jev/outcomes.py,jev_stats nervous/outcome telemetry + registration tests
857,52. jev_stats expansion,Avoided-call estimates.,T20,Receipts and jev_stats nervous-system expansion,Phase 7 — observability and learning,T20-R0857,Primary ownership exactly once; verify through declared seam or explicit gated live receipt.,IMPLEMENTED_OBSERVABILITY_READY,hermes_jev/tools.py; hermes_jev/nervous.py; hermes_jev/outcomes.py,jev_stats nervous/outcome telemetry + registration tests
858,52. jev_stats expansion,Confidence calibration buckets.,T20,Receipts and jev_stats nervous-system expansion,Phase 7 — observability and learning,T20-R0858,Primary ownership exactly once; verify through declared seam or explicit gated live receipt.,IMPLEMENTED_OBSERVABILITY_READY,hermes_jev/tools.py; hermes_jev/nervous.py; hermes_jev/outcomes.py,jev_stats nervous/outcome telemetry + registration tests
859,52. jev_stats expansion,Recent high-confidence disagreements.,T20,Receipts and jev_stats nervous-system expansion,Phase 7 — observability and learning,T20-R0859,Primary ownership exactly once; verify through declared seam or explicit gated live receipt.,IMPLEMENTED_OBSERVABILITY_READY,hermes_jev/tools.py; hermes_jev/nervous.py; hermes_jev/outcomes.py,jev_stats nervous/outcome telemetry + registration tests
860,52. jev_stats expansion,Recent stale responses.,T20,Receipts and jev_stats nervous-system expansion,Phase 7 — observability and learning,T20-R0860,Primary ownership exactly once; verify through declared seam or explicit gated live receipt.,IMPLEMENTED_OBSERVABILITY_READY,hermes_jev/tools.py; hermes_jev/nervous.py; hermes_jev/outcomes.py,jev_stats nervous/outcome telemetry + registration tests
861,52. jev_stats expansion,Recent challenge outcomes.,T20,Receipts and jev_stats nervous-system expansion,Phase 7 — observability and learning,T20-R0861,Primary ownership exactly once; verify through declared seam or explicit gated live receipt.,IMPLEMENTED_OBSERVABILITY_READY,hermes_jev/tools.py; hermes_jev/nervous.py; hermes_jev/outcomes.py,jev_stats nervous/outcome telemetry + registration tests
862,52. jev_stats expansion,Local-only jev_stats behavior retained.,T20,Receipts and jev_stats nervous-system expansion,Phase 7 — observability and learning,T20-R0862,Primary ownership exactly once; verify through declared seam or explicit gated live receipt.,IMPLEMENTED_OBSERVABILITY_READY,hermes_jev/tools.py; hermes_jev/nervous.py; hermes_jev/outcomes.py,jev_stats nervous/outcome telemetry + registration tests
863,53. Provider architecture retained,OpenRouter Jev transport retained.,T21,Provider compatibility and direct-TypeSafe validation,Phase 8 — provider hardening,T21-R0863,Primary ownership exactly once; verify through declared seam or explicit gated live receipt.,IMPLEMENTED_WIRE_VERIFIED,hermes_jev/client.py,direct TypeSafe + OpenRouter wire/credential tests; live account external follow-up
864,53. Provider architecture retained,Direct TypeSafe transport retained.,T21,Provider compatibility and direct-TypeSafe validation,Phase 8 — provider hardening,T21-R0864,Primary ownership exactly once; verify through declared seam or explicit gated live receipt.,IMPLEMENTED_WIRE_VERIFIED,hermes_jev/client.py,direct TypeSafe + OpenRouter wire/credential tests; live account external follow-up
865,53. Provider architecture retained,Provider selection without changing Hermes-visible decision contracts.,T21,Provider compatibility and direct-TypeSafe validation,Phase 8 — provider hardening,T21-R0865,Primary ownership exactly once; verify through declared seam or explicit gated live receipt.,IMPLEMENTED_WIRE_VERIFIED,hermes_jev/client.py,direct TypeSafe + OpenRouter wire/credential tests; live account external follow-up
866,53. Provider architecture retained,Only credential for selected provider required.,T21,Provider compatibility and direct-TypeSafe validation,Phase 8 — provider hardening,T21-R0866,Primary ownership exactly once; verify through declared seam or explicit gated live receipt.,IMPLEMENTED_WIRE_VERIFIED,hermes_jev/client.py,direct TypeSafe + OpenRouter wire/credential tests; live account external follow-up
867,53. Provider architecture retained,OpenRouter credential path.,T21,Provider compatibility and direct-TypeSafe validation,Phase 8 — provider hardening,T21-R0867,Primary ownership exactly once; verify through declared seam or explicit gated live receipt.,IMPLEMENTED_WIRE_VERIFIED,hermes_jev/client.py,direct TypeSafe + OpenRouter wire/credential tests; live account external follow-up
868,53. Provider architecture retained,TypeSafe credential path.,T21,Provider compatibility and direct-TypeSafe validation,Phase 8 — provider hardening,T21-R0868,Primary ownership exactly once; verify through declared seam or explicit gated live receipt.,IMPLEMENTED_WIRE_VERIFIED,hermes_jev/client.py,direct TypeSafe + OpenRouter wire/credential tests; live account external follow-up
869,53. Provider architecture retained,OpenRouter model configuration retained.,T21,Provider compatibility and direct-TypeSafe validation,Phase 8 — provider hardening,T21-R0869,Primary ownership exactly once; verify through declared seam or explicit gated live receipt.,IMPLEMENTED_WIRE_VERIFIED,hermes_jev/client.py,direct TypeSafe + OpenRouter wire/credential tests; live account external follow-up
870,53. Provider architecture retained,Direct TypeSafe model configuration retained.,T21,Provider compatibility and direct-TypeSafe validation,Phase 8 — provider hardening,T21-R0870,Primary ownership exactly once; verify through declared seam or explicit gated live receipt.,IMPLEMENTED_WIRE_VERIFIED,hermes_jev/client.py,direct TypeSafe + OpenRouter wire/credential tests; live account external follow-up
871,53. Provider architecture retained,Transport provenance included in responses.,T21,Provider compatibility and direct-TypeSafe validation,Phase 8 — provider hardening,T21-R0871,Primary ownership exactly once; verify through declared seam or explicit gated live receipt.,IMPLEMENTED_WIRE_VERIFIED,hermes_jev/client.py,direct TypeSafe + OpenRouter wire/credential tests; live account external follow-up
872,53. Provider architecture retained,Request IDs preserved.,T21,Provider compatibility and direct-TypeSafe validation,Phase 8 — provider hardening,T21-R0872,Primary ownership exactly once; verify through declared seam or explicit gated live receipt.,IMPLEMENTED_WIRE_VERIFIED,hermes_jev/client.py,direct TypeSafe + OpenRouter wire/credential tests; live account external follow-up
873,53. Provider architecture retained,Provider token usage preserved when available.,T21,Provider compatibility and direct-TypeSafe validation,Phase 8 — provider hardening,T21-R0873,Primary ownership exactly once; verify through declared seam or explicit gated live receipt.,IMPLEMENTED_WIRE_VERIFIED,hermes_jev/client.py,direct TypeSafe + OpenRouter wire/credential tests; live account external follow-up
874,53. Provider architecture retained,Provider cost preserved when available.,T21,Provider compatibility and direct-TypeSafe validation,Phase 8 — provider hardening,T21-R0874,Primary ownership exactly once; verify through declared seam or explicit gated live receipt.,IMPLEMENTED_WIRE_VERIFIED,hermes_jev/client.py,direct TypeSafe + OpenRouter wire/credential tests; live account external follow-up
875,53. Provider architecture retained,Provider latency preserved.,T21,Provider compatibility and direct-TypeSafe validation,Phase 8 — provider hardening,T21-R0875,Primary ownership exactly once; verify through declared seam or explicit gated live receipt.,IMPLEMENTED_WIRE_VERIFIED,hermes_jev/client.py,direct TypeSafe + OpenRouter wire/credential tests; live account external follow-up
876,53. Provider architecture retained,Provider errors incorporated into supervision telemetry.,T21,Provider compatibility and direct-TypeSafe validation,Phase 8 — provider hardening,T21-R0876,Primary ownership exactly once; verify through declared seam or explicit gated live receipt.,IMPLEMENTED_WIRE_VERIFIED,hermes_jev/client.py,direct TypeSafe + OpenRouter wire/credential tests; live account external follow-up
877,53. Provider architecture retained,Provider failures do not silently authorize consequential execution.,T21,Provider compatibility and direct-TypeSafe validation,Phase 8 — provider hardening,T21-R0877,Primary ownership exactly once; verify through declared seam or explicit gated live receipt.,IMPLEMENTED_WIRE_VERIFIED,hermes_jev/client.py,direct TypeSafe + OpenRouter wire/credential tests; live account external follow-up
878,54. Direct TypeSafe validation work,Direct TypeSafe transport remains wire-verified.,T21,Provider compatibility and direct-TypeSafe validation,Phase 8 — provider hardening,T21-R0878,Primary ownership exactly once; verify through declared seam or explicit gated live receipt.,IMPLEMENTED_WIRE_VERIFIED,hermes_jev/client.py,direct TypeSafe + OpenRouter wire/credential tests; live account external follow-up
879,54. Direct TypeSafe validation work,Add first genuine direct-account live smoke when credentials are available.,T21,Provider compatibility and direct-TypeSafe validation,Phase 8 — provider hardening,T21-R0879,Primary ownership exactly once; verify through declared seam or explicit gated live receipt.,IMPLEMENTED_WIRE_VERIFIED,hermes_jev/client.py,direct TypeSafe + OpenRouter wire/credential tests; live account external follow-up
880,54. Direct TypeSafe validation work,Distinguish wire-contract verification from live-account verification.,T21,Provider compatibility and direct-TypeSafe validation,Phase 8 — provider hardening,T21-R0880,Primary ownership exactly once; verify through declared seam or explicit gated live receipt.,IMPLEMENTED_WIRE_VERIFIED,hermes_jev/client.py,direct TypeSafe + OpenRouter wire/credential tests; live account external follow-up
881,54. Direct TypeSafe validation work,Do not claim direct live validation before it exists.,T21,Provider compatibility and direct-TypeSafe validation,Phase 8 — provider hardening,T21-R0881,Primary ownership exactly once; verify through declared seam or explicit gated live receipt.,IMPLEMENTED_WIRE_VERIFIED,hermes_jev/client.py,direct TypeSafe + OpenRouter wire/credential tests; live account external follow-up
882,54. Direct TypeSafe validation work,Keep OpenRouter path as known live-tested reference.,T21,Provider compatibility and direct-TypeSafe validation,Phase 8 — provider hardening,T21-R0882,Primary ownership exactly once; verify through declared seam or explicit gated live receipt.,IMPLEMENTED_WIRE_VERIFIED,hermes_jev/client.py,direct TypeSafe + OpenRouter wire/credential tests; live account external follow-up
883,54. Direct TypeSafe validation work,Compare direct TypeSafe and OpenRouter latency if live access becomes available.,T21,Provider compatibility and direct-TypeSafe validation,Phase 8 — provider hardening,T21-R0883,Primary ownership exactly once; verify through declared seam or explicit gated live receipt.,IMPLEMENTED_WIRE_VERIFIED,hermes_jev/client.py,direct TypeSafe + OpenRouter wire/credential tests; live account external follow-up
884,54. Direct TypeSafe validation work,Compare cost where applicable.,T21,Provider compatibility and direct-TypeSafe validation,Phase 8 — provider hardening,T21-R0884,Primary ownership exactly once; verify through declared seam or explicit gated live receipt.,IMPLEMENTED_WIRE_VERIFIED,hermes_jev/client.py,direct TypeSafe + OpenRouter wire/credential tests; live account external follow-up
885,54. Direct TypeSafe validation work,Compare response/probability behavior where appropriate.,T21,Provider compatibility and direct-TypeSafe validation,Phase 8 — provider hardening,T21-R0885,Primary ownership exactly once; verify through declared seam or explicit gated live receipt.,IMPLEMENTED_WIRE_VERIFIED,hermes_jev/client.py,direct TypeSafe + OpenRouter wire/credential tests; live account external follow-up
886,55. Latency constraints,Explicit architectural assumption: Jev ping cannot reliably get below roughly 500 ms in current setup.,T22,"Latency, long-running supervision, and compact provider payloads",Phase 8 — provider hardening,T22-R0886,Primary ownership exactly once; verify through declared seam or explicit gated live receipt.,IMPLEMENTED_OFFLINE_VERIFIED,hermes_jev/nervous.py; hermes_jev/router.py,60-test offline suite + compileall + release checks
887,55. Latency constraints,Avoid adding that latency to ordinary tool work.,T22,"Latency, long-running supervision, and compact provider payloads",Phase 8 — provider hardening,T22-R0887,Primary ownership exactly once; verify through declared seam or explicit gated live receipt.,IMPLEMENTED_OFFLINE_VERIFIED,hermes_jev/nervous.py; hermes_jev/router.py,60-test offline suite + compileall + release checks
888,55. Latency constraints,Avoid synchronous per-tool Jev calls.,T22,"Latency, long-running supervision, and compact provider payloads",Phase 8 — provider hardening,T22-R0888,Primary ownership exactly once; verify through declared seam or explicit gated live receipt.,IMPLEMENTED_OFFLINE_VERIFIED,hermes_jev/nervous.py; hermes_jev/router.py,60-test offline suite + compileall + release checks
889,55. Latency constraints,Avoid synchronous per-observation Jev calls.,T22,"Latency, long-running supervision, and compact provider payloads",Phase 8 — provider hardening,T22-R0889,Primary ownership exactly once; verify through declared seam or explicit gated live receipt.,IMPLEMENTED_OFFLINE_VERIFIED,hermes_jev/nervous.py; hermes_jev/router.py,60-test offline suite + compileall + release checks
890,55. Latency constraints,Avoid synchronous per-decision microchecks where asynchronous supervision suffices.,T22,"Latency, long-running supervision, and compact provider payloads",Phase 8 — provider hardening,T22-R0890,Primary ownership exactly once; verify through declared seam or explicit gated live receipt.,IMPLEMENTED_OFFLINE_VERIFIED,hermes_jev/nervous.py; hermes_jev/router.py,60-test offline suite + compileall + release checks
891,55. Latency constraints,Reserve synchronous waiting for deliberately selected precommit boundaries.,T22,"Latency, long-running supervision, and compact provider payloads",Phase 8 — provider hardening,T22-R0891,Primary ownership exactly once; verify through declared seam or explicit gated live receipt.,IMPLEMENTED_OFFLINE_VERIFIED,hermes_jev/nervous.py; hermes_jev/router.py,60-test offline suite + compileall + release checks
892,55. Latency constraints,Measure network latency separately from worker wall-clock penalty.,T22,"Latency, long-running supervision, and compact provider payloads",Phase 8 — provider hardening,T22-R0892,Primary ownership exactly once; verify through declared seam or explicit gated live receipt.,IMPLEMENTED_OFFLINE_VERIFIED,hermes_jev/nervous.py; hermes_jev/router.py,60-test offline suite + compileall + release checks
893,55. Latency constraints,Design every new Jev feature around asynchronous operation where possible.,T22,"Latency, long-running supervision, and compact provider payloads",Phase 8 — provider hardening,T22-R0893,Primary ownership exactly once; verify through declared seam or explicit gated live receipt.,IMPLEMENTED_OFFLINE_VERIFIED,hermes_jev/nervous.py; hermes_jev/router.py,60-test offline suite + compileall + release checks
894,56. Long-running autonomous-worker support,Supervision persists across very long turns.,T22,"Latency, long-running supervision, and compact provider payloads",Phase 8 — provider hardening,T22-R0894,Primary ownership exactly once; verify through declared seam or explicit gated live receipt.,IMPLEMENTED_OFFLINE_VERIFIED,hermes_jev/nervous.py; hermes_jev/router.py,60-test offline suite + compileall + release checks
895,56. Long-running autonomous-worker support,Supervision persists across hundreds of tool calls.,T22,"Latency, long-running supervision, and compact provider payloads",Phase 8 — provider hardening,T22-R0895,Primary ownership exactly once; verify through declared seam or explicit gated live receipt.,IMPLEMENTED_OFFLINE_VERIFIED,hermes_jev/nervous.py; hermes_jev/router.py,60-test offline suite + compileall + release checks
896,56. Long-running autonomous-worker support,Supervision persists across worker spawns.,T22,"Latency, long-running supervision, and compact provider payloads",Phase 8 — provider hardening,T22-R0896,Primary ownership exactly once; verify through declared seam or explicit gated live receipt.,IMPLEMENTED_OFFLINE_VERIFIED,hermes_jev/nervous.py; hermes_jev/router.py,60-test offline suite + compileall + release checks
897,56. Long-running autonomous-worker support,Supervision persists across strategy changes.,T22,"Latency, long-running supervision, and compact provider payloads",Phase 8 — provider hardening,T22-R0897,Primary ownership exactly once; verify through declared seam or explicit gated live receipt.,IMPLEMENTED_OFFLINE_VERIFIED,hermes_jev/nervous.py; hermes_jev/router.py,60-test offline suite + compileall + release checks
898,56. Long-running autonomous-worker support,Supervision persists until explicit turn completion.,T22,"Latency, long-running supervision, and compact provider payloads",Phase 8 — provider hardening,T22-R0898,Primary ownership exactly once; verify through declared seam or explicit gated live receipt.,IMPLEMENTED_OFFLINE_VERIFIED,hermes_jev/nervous.py; hermes_jev/router.py,60-test offline suite + compileall + release checks
899,56. Long-running autonomous-worker support,Long-running sessions shift toward more compressed event representation.,T22,"Latency, long-running supervision, and compact provider payloads",Phase 8 — provider hardening,T22-R0899,Primary ownership exactly once; verify through declared seam or explicit gated live receipt.,IMPLEMENTED_OFFLINE_VERIFIED,hermes_jev/nervous.py; hermes_jev/router.py,60-test offline suite + compileall + release checks
900,56. Long-running autonomous-worker support,High event volume does not disable critical-event Jev checks.,T22,"Latency, long-running supervision, and compact provider payloads",Phase 8 — provider hardening,T22-R0900,Primary ownership exactly once; verify through declared seam or explicit gated live receipt.,IMPLEMENTED_OFFLINE_VERIFIED,hermes_jev/nervous.py; hermes_jev/router.py,60-test offline suite + compileall + release checks
901,56. Long-running autonomous-worker support,High event volume can reduce low-value Jev call frequency.,T22,"Latency, long-running supervision, and compact provider payloads",Phase 8 — provider hardening,T22-R0901,Primary ownership exactly once; verify through declared seam or explicit gated live receipt.,IMPLEMENTED_OFFLINE_VERIFIED,hermes_jev/nervous.py; hermes_jev/router.py,60-test offline suite + compileall + release checks
902,56. Long-running autonomous-worker support,Long-run state summaries replace full raw history.,T22,"Latency, long-running supervision, and compact provider payloads",Phase 8 — provider hardening,T22-R0902,Primary ownership exactly once; verify through declared seam or explicit gated live receipt.,IMPLEMENTED_OFFLINE_VERIFIED,hermes_jev/nervous.py; hermes_jev/router.py,60-test offline suite + compileall + release checks
903,56. Long-running autonomous-worker support,"Jev receives decision state, not 30,000-token conversation history.",T22,"Latency, long-running supervision, and compact provider payloads",Phase 8 — provider hardening,T22-R0903,Primary ownership exactly once; verify through declared seam or explicit gated live receipt.,IMPLEMENTED_OFFLINE_VERIFIED,hermes_jev/nervous.py; hermes_jev/router.py,60-test offline suite + compileall + release checks
904,56. Long-running autonomous-worker support,Jev input optimized toward hundreds of relevant tokens where possible.,T22,"Latency, long-running supervision, and compact provider payloads",Phase 8 — provider hardening,T22-R0904,Primary ownership exactly once; verify through declared seam or explicit gated live receipt.,IMPLEMENTED_OFFLINE_VERIFIED,hermes_jev/nervous.py; hermes_jev/router.py,60-test offline suite + compileall + release checks
905,57. Event-stream privacy/compactness principles,Jev receives structured relevant state instead of the complete transcript.,T22,"Latency, long-running supervision, and compact provider payloads",Phase 8 — provider hardening,T22-R0905,Primary ownership exactly once; verify through declared seam or explicit gated live receipt.,IMPLEMENTED_OFFLINE_VERIFIED,hermes_jev/nervous.py; hermes_jev/router.py,60-test offline suite + compileall + release checks
906,57. Event-stream privacy/compactness principles,Raw conversation transcript not automatically forwarded to nervous-system Jev.,T22,"Latency, long-running supervision, and compact provider payloads",Phase 8 — provider hardening,T22-R0906,Primary ownership exactly once; verify through declared seam or explicit gated live receipt.,IMPLEMENTED_OFFLINE_VERIFIED,hermes_jev/nervous.py; hermes_jev/router.py,60-test offline suite + compileall + release checks
907,57. Event-stream privacy/compactness principles,Raw roleplay transcript not automatically forwarded.,T22,"Latency, long-running supervision, and compact provider payloads",Phase 8 — provider hardening,T22-R0907,Primary ownership exactly once; verify through declared seam or explicit gated live receipt.,IMPLEMENTED_OFFLINE_VERIFIED,hermes_jev/nervous.py; hermes_jev/router.py,60-test offline suite + compileall + release checks
908,57. Event-stream privacy/compactness principles,Raw tool transcript not automatically forwarded.,T22,"Latency, long-running supervision, and compact provider payloads",Phase 8 — provider hardening,T22-R0908,Primary ownership exactly once; verify through declared seam or explicit gated live receipt.,IMPLEMENTED_OFFLINE_VERIFIED,hermes_jev/nervous.py; hermes_jev/router.py,60-test offline suite + compileall + release checks
909,57. Event-stream privacy/compactness principles,Relevant evidence condensed.,T22,"Latency, long-running supervision, and compact provider payloads",Phase 8 — provider hardening,T22-R0909,Primary ownership exactly once; verify through declared seam or explicit gated live receipt.,IMPLEMENTED_OFFLINE_VERIFIED,hermes_jev/nervous.py; hermes_jev/router.py,60-test offline suite + compileall + release checks
910,57. Event-stream privacy/compactness principles,Relevant state condensed.,T22,"Latency, long-running supervision, and compact provider payloads",Phase 8 — provider hardening,T22-R0910,Primary ownership exactly once; verify through declared seam or explicit gated live receipt.,IMPLEMENTED_OFFLINE_VERIFIED,hermes_jev/nervous.py; hermes_jev/router.py,60-test offline suite + compileall + release checks
911,57. Event-stream privacy/compactness principles,Decision alternatives explicitly represented.,T22,"Latency, long-running supervision, and compact provider payloads",Phase 8 — provider hardening,T22-R0911,Primary ownership exactly once; verify through declared seam or explicit gated live receipt.,IMPLEMENTED_OFFLINE_VERIFIED,hermes_jev/nervous.py; hermes_jev/router.py,60-test offline suite + compileall + release checks
912,57. Event-stream privacy/compactness principles,Hermes proposal explicitly represented.,T22,"Latency, long-running supervision, and compact provider payloads",Phase 8 — provider hardening,T22-R0912,Primary ownership exactly once; verify through declared seam or explicit gated live receipt.,IMPLEMENTED_OFFLINE_VERIFIED,hermes_jev/nervous.py; hermes_jev/router.py,60-test offline suite + compileall + release checks
913,57. Event-stream privacy/compactness principles,Event provenance retained despite compression.,T22,"Latency, long-running supervision, and compact provider payloads",Phase 8 — provider hardening,T22-R0913,Primary ownership exactly once; verify through declared seam or explicit gated live receipt.,IMPLEMENTED_OFFLINE_VERIFIED,hermes_jev/nervous.py; hermes_jev/router.py,60-test offline suite + compileall + release checks
914,58. Turn lifecycle,Prompt received.,T23,End-to-end turn lifecycle and WATCH wake-up,Phase 9 — vertical integration,T23-R0914,Primary ownership exactly once; verify through declared seam or explicit gated live receipt.,IMPLEMENTED_OFFLINE_VERIFIED,hermes_jev/nervous.py; __init__.py,60-test offline suite + compileall + release checks
915,58. Turn lifecycle,turn_id created.,T23,End-to-end turn lifecycle and WATCH wake-up,Phase 9 — vertical integration,T23-R0915,Primary ownership exactly once; verify through declared seam or explicit gated live receipt.,IMPLEMENTED_OFFLINE_VERIFIED,hermes_jev/nervous.py; __init__.py,60-test offline suite + compileall + release checks
916,58. Turn lifecycle,Hermes starts work immediately.,T23,End-to-end turn lifecycle and WATCH wake-up,Phase 9 — vertical integration,T23-R0916,Primary ownership exactly once; verify through declared seam or explicit gated live receipt.,IMPLEMENTED_OFFLINE_VERIFIED,hermes_jev/nervous.py; __init__.py,60-test offline suite + compileall + release checks
917,58. Turn lifecycle,Prompt simultaneously evaluated by turn arbiter.,T23,End-to-end turn lifecycle and WATCH wake-up,Phase 9 — vertical integration,T23-R0917,Primary ownership exactly once; verify through declared seam or explicit gated live receipt.,IMPLEMENTED_OFFLINE_VERIFIED,hermes_jev/nervous.py; __init__.py,60-test offline suite + compileall + release checks
918,58. Turn lifecycle,Arbiter returns OFF/WATCH/ON.,T23,End-to-end turn lifecycle and WATCH wake-up,Phase 9 — vertical integration,T23-R0918,Primary ownership exactly once; verify through declared seam or explicit gated live receipt.,IMPLEMENTED_OFFLINE_VERIFIED,hermes_jev/nervous.py; __init__.py,60-test offline suite + compileall + release checks
919,58. Turn lifecycle,Local event bus runs.,T23,End-to-end turn lifecycle and WATCH wake-up,Phase 9 — vertical integration,T23-R0919,Primary ownership exactly once; verify through declared seam or explicit gated live receipt.,IMPLEMENTED_OFFLINE_VERIFIED,hermes_jev/nervous.py; __init__.py,60-test offline suite + compileall + release checks
920,58. Turn lifecycle,Local router accumulates state.,T23,End-to-end turn lifecycle and WATCH wake-up,Phase 9 — vertical integration,T23-R0920,Primary ownership exactly once; verify through declared seam or explicit gated live receipt.,IMPLEMENTED_OFFLINE_VERIFIED,hermes_jev/nervous.py; __init__.py,60-test offline suite + compileall + release checks
921,58. Turn lifecycle,ON mode permits active Jev calls.,T23,End-to-end turn lifecycle and WATCH wake-up,Phase 9 — vertical integration,T23-R0921,Primary ownership exactly once; verify through declared seam or explicit gated live receipt.,IMPLEMENTED_OFFLINE_VERIFIED,hermes_jev/nervous.py; __init__.py,60-test offline suite + compileall + release checks
922,58. Turn lifecycle,WATCH mode waits for a decision-plane wake condition.,T23,End-to-end turn lifecycle and WATCH wake-up,Phase 9 — vertical integration,T23-R0922,Primary ownership exactly once; verify through declared seam or explicit gated live receipt.,IMPLEMENTED_OFFLINE_VERIFIED,hermes_jev/nervous.py; __init__.py,60-test offline suite + compileall + release checks
923,58. Turn lifecycle,OFF mode logs admission result and remains quiet.,T23,End-to-end turn lifecycle and WATCH wake-up,Phase 9 — vertical integration,T23-R0923,Primary ownership exactly once; verify through declared seam or explicit gated live receipt.,IMPLEMENTED_OFFLINE_VERIFIED,hermes_jev/nervous.py; __init__.py,60-test offline suite + compileall + release checks
924,58. Turn lifecycle,Material decision can create Jev assessment.,T23,End-to-end turn lifecycle and WATCH wake-up,Phase 9 — vertical integration,T23-R0924,Primary ownership exactly once; verify through declared seam or explicit gated live receipt.,IMPLEMENTED_OFFLINE_VERIFIED,hermes_jev/nervous.py; __init__.py,60-test offline suite + compileall + release checks
925,58. Turn lifecycle,Jev result can log agreement.,T23,End-to-end turn lifecycle and WATCH wake-up,Phase 9 — vertical integration,T23-R0925,Primary ownership exactly once; verify through declared seam or explicit gated live receipt.,IMPLEMENTED_OFFLINE_VERIFIED,hermes_jev/nervous.py; __init__.py,60-test offline suite + compileall + release checks
926,58. Turn lifecycle,Jev result can generate challenge.,T23,End-to-end turn lifecycle and WATCH wake-up,Phase 9 — vertical integration,T23-R0926,Primary ownership exactly once; verify through declared seam or explicit gated live receipt.,IMPLEMENTED_OFFLINE_VERIFIED,hermes_jev/nervous.py; __init__.py,60-test offline suite + compileall + release checks
927,58. Turn lifecycle,Router continues accumulating state.,T23,End-to-end turn lifecycle and WATCH wake-up,Phase 9 — vertical integration,T23-R0927,Primary ownership exactly once; verify through declared seam or explicit gated live receipt.,IMPLEMENTED_OFFLINE_VERIFIED,hermes_jev/nervous.py; __init__.py,60-test offline suite + compileall + release checks
928,58. Turn lifecycle,Supervision persists through autonomous execution.,T23,End-to-end turn lifecycle and WATCH wake-up,Phase 9 — vertical integration,T23-R0928,Primary ownership exactly once; verify through declared seam or explicit gated live receipt.,IMPLEMENTED_OFFLINE_VERIFIED,hermes_jev/nervous.py; __init__.py,60-test offline suite + compileall + release checks
929,58. Turn lifecycle,Completion candidate receives high-priority review where supervised.,T23,End-to-end turn lifecycle and WATCH wake-up,Phase 9 — vertical integration,T23-R0929,Primary ownership exactly once; verify through declared seam or explicit gated live receipt.,IMPLEMENTED_OFFLINE_VERIFIED,hermes_jev/nervous.py; __init__.py,60-test offline suite + compileall + release checks
930,58. Turn lifecycle,TURN_COMPLETE ends turn-scoped nervous system.,T23,End-to-end turn lifecycle and WATCH wake-up,Phase 9 — vertical integration,T23-R0930,Primary ownership exactly once; verify through declared seam or explicit gated live receipt.,IMPLEMENTED_OFFLINE_VERIFIED,hermes_jev/nervous.py; __init__.py,60-test offline suite + compileall + release checks
931,58. Turn lifecycle,Final supervision summary emitted.,T23,End-to-end turn lifecycle and WATCH wake-up,Phase 9 — vertical integration,T23-R0931,Primary ownership exactly once; verify through declared seam or explicit gated live receipt.,IMPLEMENTED_OFFLINE_VERIFIED,hermes_jev/nervous.py; __init__.py,60-test offline suite + compileall + release checks
932,59. WATCH wake triggers,Structured DECISION.,T23,End-to-end turn lifecycle and WATCH wake-up,Phase 9 — vertical integration,T23-R0932,Primary ownership exactly once; verify through declared seam or explicit gated live receipt.,IMPLEMENTED_OFFLINE_VERIFIED,hermes_jev/nervous.py; __init__.py,60-test offline suite + compileall + release checks
933,59. WATCH wake triggers,MUTATION_INTENT.,T23,End-to-end turn lifecycle and WATCH wake-up,Phase 9 — vertical integration,T23-R0933,Primary ownership exactly once; verify through declared seam or explicit gated live receipt.,IMPLEMENTED_OFFLINE_VERIFIED,hermes_jev/nervous.py; __init__.py,60-test offline suite + compileall + release checks
934,59. WATCH wake triggers,RECOVERY.,T23,End-to-end turn lifecycle and WATCH wake-up,Phase 9 — vertical integration,T23-R0934,Primary ownership exactly once; verify through declared seam or explicit gated live receipt.,IMPLEMENTED_OFFLINE_VERIFIED,hermes_jev/nervous.py; __init__.py,60-test offline suite + compileall + release checks
935,59. WATCH wake triggers,COMPLETION_CANDIDATE.,T23,End-to-end turn lifecycle and WATCH wake-up,Phase 9 — vertical integration,T23-R0935,Primary ownership exactly once; verify through declared seam or explicit gated live receipt.,IMPLEMENTED_OFFLINE_VERIFIED,hermes_jev/nervous.py; __init__.py,60-test offline suite + compileall + release checks
936,59. WATCH wake triggers,Consequential operation intent.,T23,End-to-end turn lifecycle and WATCH wake-up,Phase 9 — vertical integration,T23-R0936,Primary ownership exactly once; verify through declared seam or explicit gated live receipt.,IMPLEMENTED_OFFLINE_VERIFIED,hermes_jev/nervous.py; __init__.py,60-test offline suite + compileall + release checks
937,59. WATCH wake triggers,Strategy change.,T23,End-to-end turn lifecycle and WATCH wake-up,Phase 9 — vertical integration,T23-R0937,Primary ownership exactly once; verify through declared seam or explicit gated live receipt.,IMPLEMENTED_OFFLINE_VERIFIED,hermes_jev/nervous.py; __init__.py,60-test offline suite + compileall + release checks
938,59. WATCH wake triggers,Repeated failure.,T23,End-to-end turn lifecycle and WATCH wake-up,Phase 9 — vertical integration,T23-R0938,Primary ownership exactly once; verify through declared seam or explicit gated live receipt.,IMPLEMENTED_OFFLINE_VERIFIED,hermes_jev/nervous.py; __init__.py,60-test offline suite + compileall + release checks
939,59. WATCH wake triggers,High uncertainty.,T23,End-to-end turn lifecycle and WATCH wake-up,Phase 9 — vertical integration,T23-R0939,Primary ownership exactly once; verify through declared seam or explicit gated live receipt.,IMPLEMENTED_OFFLINE_VERIFIED,hermes_jev/nervous.py; __init__.py,60-test offline suite + compileall + release checks
940,59. WATCH wake triggers,Human escalation candidate.,T23,End-to-end turn lifecycle and WATCH wake-up,Phase 9 — vertical integration,T23-R0940,Primary ownership exactly once; verify through declared seam or explicit gated live receipt.,IMPLEMENTED_OFFLINE_VERIFIED,hermes_jev/nervous.py; __init__.py,60-test offline suite + compileall + release checks
941,59. WATCH wake triggers,Irreversible-action candidate.,T23,End-to-end turn lifecycle and WATCH wake-up,Phase 9 — vertical integration,T23-R0941,Primary ownership exactly once; verify through declared seam or explicit gated live receipt.,IMPLEMENTED_OFFLINE_VERIFIED,hermes_jev/nervous.py; __init__.py,60-test offline suite + compileall + release checks
942,59. WATCH wake triggers,Other adaptive-router indication that a real decision plane has emerged.,T23,End-to-end turn lifecycle and WATCH wake-up,Phase 9 — vertical integration,T23-R0942,Primary ownership exactly once; verify through declared seam or explicit gated live receipt.,IMPLEMENTED_OFFLINE_VERIFIED,hermes_jev/nervous.py; __init__.py,60-test offline suite + compileall + release checks
943,60. Useful Jev call definition,Jev call should have a reasonable chance of changing Hermes’s next meaningful action.,T24,"Useful-call policy, anti-bureaucracy, and asynchronous invariants",Phase 9 — vertical integration,T24-R0943,Primary ownership exactly once; verify through declared seam or explicit gated live receipt.,IMPLEMENTED_OFFLINE_VERIFIED,hermes_jev/router.py; hermes_jev/nervous.py,60-test offline suite + compileall + release checks
944,60. Useful Jev call definition,Jev call should have a reasonable chance of preventing an error.,T24,"Useful-call policy, anti-bureaucracy, and asynchronous invariants",Phase 9 — vertical integration,T24-R0944,Primary ownership exactly once; verify through declared seam or explicit gated live receipt.,IMPLEMENTED_OFFLINE_VERIFIED,hermes_jev/router.py; hermes_jev/nervous.py,60-test offline suite + compileall + release checks
945,60. Useful Jev call definition,Jev call should have a reasonable chance of catching false completion.,T24,"Useful-call policy, anti-bureaucracy, and asynchronous invariants",Phase 9 — vertical integration,T24-R0945,Primary ownership exactly once; verify through declared seam or explicit gated live receipt.,IMPLEMENTED_OFFLINE_VERIFIED,hermes_jev/router.py; hermes_jev/nervous.py,60-test offline suite + compileall + release checks
946,60. Useful Jev call definition,Jev call should have a reasonable chance of improving recovery.,T24,"Useful-call policy, anti-bureaucracy, and asynchronous invariants",Phase 9 — vertical integration,T24-R0946,Primary ownership exactly once; verify through declared seam or explicit gated live receipt.,IMPLEMENTED_OFFLINE_VERIFIED,hermes_jev/router.py; hermes_jev/nervous.py,60-test offline suite + compileall + release checks
947,60. Useful Jev call definition,Jev call should have a reasonable chance of improving routing.,T24,"Useful-call policy, anti-bureaucracy, and asynchronous invariants",Phase 9 — vertical integration,T24-R0947,Primary ownership exactly once; verify through declared seam or explicit gated live receipt.,IMPLEMENTED_OFFLINE_VERIFIED,hermes_jev/router.py; hermes_jev/nervous.py,60-test offline suite + compileall + release checks
948,60. Useful Jev call definition,Jev call should have a reasonable chance of identifying need for more evidence.,T24,"Useful-call policy, anti-bureaucracy, and asynchronous invariants",Phase 9 — vertical integration,T24-R0948,Primary ownership exactly once; verify through declared seam or explicit gated live receipt.,IMPLEMENTED_OFFLINE_VERIFIED,hermes_jev/router.py; hermes_jev/nervous.py,60-test offline suite + compileall + release checks
949,60. Useful Jev call definition,Calls that merely reconfirm obvious harmless behavior should be suppressed.,T24,"Useful-call policy, anti-bureaucracy, and asynchronous invariants",Phase 9 — vertical integration,T24-R0949,Primary ownership exactly once; verify through declared seam or explicit gated live receipt.,IMPLEMENTED_OFFLINE_VERIFIED,hermes_jev/router.py; hermes_jev/nervous.py,60-test offline suite + compileall + release checks
950,60. Useful Jev call definition,Calls whose answer cannot influence any still-actionable state should normally be suppressed.,T24,"Useful-call policy, anti-bureaucracy, and asynchronous invariants",Phase 9 — vertical integration,T24-R0950,Primary ownership exactly once; verify through declared seam or explicit gated live receipt.,IMPLEMENTED_OFFLINE_VERIFIED,hermes_jev/router.py; hermes_jev/nervous.py,60-test offline suite + compileall + release checks
951,61. Anti-bureaucracy behavior,Do not Jev-check every ls.,T24,"Useful-call policy, anti-bureaucracy, and asynchronous invariants",Phase 9 — vertical integration,T24-R0951,Primary ownership exactly once; verify through declared seam or explicit gated live receipt.,IMPLEMENTED_OFFLINE_VERIFIED,hermes_jev/router.py; hermes_jev/nervous.py,60-test offline suite + compileall + release checks
952,61. Anti-bureaucracy behavior,Do not Jev-check every file read.,T24,"Useful-call policy, anti-bureaucracy, and asynchronous invariants",Phase 9 — vertical integration,T24-R0952,Primary ownership exactly once; verify through declared seam or explicit gated live receipt.,IMPLEMENTED_OFFLINE_VERIFIED,hermes_jev/router.py; hermes_jev/nervous.py,60-test offline suite + compileall + release checks
953,61. Anti-bureaucracy behavior,Do not Jev-check every grep.,T24,"Useful-call policy, anti-bureaucracy, and asynchronous invariants",Phase 9 — vertical integration,T24-R0953,Primary ownership exactly once; verify through declared seam or explicit gated live receipt.,IMPLEMENTED_OFFLINE_VERIFIED,hermes_jev/router.py; hermes_jev/nervous.py,60-test offline suite + compileall + release checks
954,61. Anti-bureaucracy behavior,Do not Jev-check every status command.,T24,"Useful-call policy, anti-bureaucracy, and asynchronous invariants",Phase 9 — vertical integration,T24-R0954,Primary ownership exactly once; verify through declared seam or explicit gated live receipt.,IMPLEMENTED_OFFLINE_VERIFIED,hermes_jev/router.py; hermes_jev/nervous.py,60-test offline suite + compileall + release checks
955,61. Anti-bureaucracy behavior,Do not Jev-check every successful test.,T24,"Useful-call policy, anti-bureaucracy, and asynchronous invariants",Phase 9 — vertical integration,T24-R0955,Primary ownership exactly once; verify through declared seam or explicit gated live receipt.,IMPLEMENTED_OFFLINE_VERIFIED,hermes_jev/router.py; hermes_jev/nervous.py,60-test offline suite + compileall + release checks
956,61. Anti-bureaucracy behavior,Do not Jev-check every harmless tool call.,T24,"Useful-call policy, anti-bureaucracy, and asynchronous invariants",Phase 9 — vertical integration,T24-R0956,Primary ownership exactly once; verify through declared seam or explicit gated live receipt.,IMPLEMENTED_OFFLINE_VERIFIED,hermes_jev/router.py; hermes_jev/nervous.py,60-test offline suite + compileall + release checks
957,61. Anti-bureaucracy behavior,Do not turn Jev into an ALLOW-everything latency tax.,T24,"Useful-call policy, anti-bureaucracy, and asynchronous invariants",Phase 9 — vertical integration,T24-R0957,Primary ownership exactly once; verify through declared seam or explicit gated live receipt.,IMPLEMENTED_OFFLINE_VERIFIED,hermes_jev/router.py; hermes_jev/nervous.py,60-test offline suite + compileall + release checks
958,61. Anti-bureaucracy behavior,Do not optimize for maximizing percentage of actions reviewed.,T24,"Useful-call policy, anti-bureaucracy, and asynchronous invariants",Phase 9 — vertical integration,T24-R0958,Primary ownership exactly once; verify through declared seam or explicit gated live receipt.,IMPLEMENTED_OFFLINE_VERIFIED,hermes_jev/router.py; hermes_jev/nervous.py,60-test offline suite + compileall + release checks
959,61. Anti-bureaucracy behavior,Do not equate more Jev calls with better control.,T24,"Useful-call policy, anti-bureaucracy, and asynchronous invariants",Phase 9 — vertical integration,T24-R0959,Primary ownership exactly once; verify through declared seam or explicit gated live receipt.,IMPLEMENTED_OFFLINE_VERIFIED,hermes_jev/router.py; hermes_jev/nervous.py,60-test offline suite + compileall + release checks
960,61. Anti-bureaucracy behavior,Do not use Jev as a conversational shadow for ordinary dialogue.,T24,"Useful-call policy, anti-bureaucracy, and asynchronous invariants",Phase 9 — vertical integration,T24-R0960,Primary ownership exactly once; verify through declared seam or explicit gated live receipt.,IMPLEMENTED_OFFLINE_VERIFIED,hermes_jev/router.py; hermes_jev/nervous.py,60-test offline suite + compileall + release checks
961,62. Synchronous loop ideas explicitly superseded,Do not make route → act → verify → route a mandatory synchronous network loop.,T24,"Useful-call policy, anti-bureaucracy, and asynchronous invariants",Phase 9 — vertical integration,T24-R0961,Primary ownership exactly once; verify through declared seam or explicit gated live receipt.,IMPLEMENTED_OFFLINE_VERIFIED,hermes_jev/router.py; hermes_jev/nervous.py,60-test offline suite + compileall + release checks
962,62. Synchronous loop ideas explicitly superseded,Do not require Jev verification after every meaningful Hermes unit if it would block execution.,T24,"Useful-call policy, anti-bureaucracy, and asynchronous invariants",Phase 9 — vertical integration,T24-R0962,Primary ownership exactly once; verify through declared seam or explicit gated live receipt.,IMPLEMENTED_OFFLINE_VERIFIED,hermes_jev/router.py; hermes_jev/nervous.py,60-test offline suite + compileall + release checks
963,62. Synchronous loop ideas explicitly superseded,Do not independently call Jev for verification and then again for next-action selection when one assessment can batch them.,T24,"Useful-call policy, anti-bureaucracy, and asynchronous invariants",Phase 9 — vertical integration,T24-R0963,Primary ownership exactly once; verify through declared seam or explicit gated live receipt.,IMPLEMENTED_OFFLINE_VERIFIED,hermes_jev/router.py; hermes_jev/nervous.py,60-test offline suite + compileall + release checks
964,62. Synchronous loop ideas explicitly superseded,Do not make Hermes wait 500+ ms at every fork unless that fork is deliberately precommit/consequential.,T24,"Useful-call policy, anti-bureaucracy, and asynchronous invariants",Phase 9 — vertical integration,T24-R0964,Primary ownership exactly once; verify through declared seam or explicit gated live receipt.,IMPLEMENTED_OFFLINE_VERIFIED,hermes_jev/router.py; hermes_jev/nervous.py,60-test offline suite + compileall + release checks
965,62. Synchronous loop ideas explicitly superseded,Preserve the conceptual control states from that design while moving them into the asynchronous nervous system.,T24,"Useful-call policy, anti-bureaucracy, and asynchronous invariants",Phase 9 — vertical integration,T24-R0965,Primary ownership exactly once; verify through declared seam or explicit gated live receipt.,IMPLEMENTED_OFFLINE_VERIFIED,hermes_jev/router.py; hermes_jev/nervous.py,60-test offline suite + compileall + release checks
966,63. Raw-chat separation explicitly refined,Do not completely forbid Jev from seeing the user prompt.,T24,"Useful-call policy, anti-bureaucracy, and asynchronous invariants",Phase 9 — vertical integration,T24-R0966,Primary ownership exactly once; verify through declared seam or explicit gated live receipt.,IMPLEMENTED_OFFLINE_VERIFIED,hermes_jev/router.py; hermes_jev/nervous.py,60-test offline suite + compileall + release checks
967,63. Raw-chat separation explicitly refined,The turn arbiter may see the original prompt once.,T24,"Useful-call policy, anti-bureaucracy, and asynchronous invariants",Phase 9 — vertical integration,T24-R0967,Primary ownership exactly once; verify through declared seam or explicit gated live receipt.,IMPLEMENTED_OFFLINE_VERIFIED,hermes_jev/router.py; hermes_jev/nervous.py,60-test offline suite + compileall + release checks
968,63. Raw-chat separation explicitly refined,The nervous system should not continuously consume raw chat.,T24,"Useful-call policy, anti-bureaucracy, and asynchronous invariants",Phase 9 — vertical integration,T24-R0968,Primary ownership exactly once; verify through declared seam or explicit gated live receipt.,IMPLEMENTED_OFFLINE_VERIFIED,hermes_jev/router.py; hermes_jev/nervous.py,60-test offline suite + compileall + release checks
969,63. Raw-chat separation explicitly refined,"After admission, structured decision state becomes the primary Jev input.",T24,"Useful-call policy, anti-bureaucracy, and asynchronous invariants",Phase 9 — vertical integration,T24-R0969,Primary ownership exactly once; verify through declared seam or explicit gated live receipt.,IMPLEMENTED_OFFLINE_VERIFIED,hermes_jev/router.py; hermes_jev/nervous.py,60-test offline suite + compileall + release checks
970,63. Raw-chat separation explicitly refined,Casual prompts should normally terminate after the admission decision.,T24,"Useful-call policy, anti-bureaucracy, and asynchronous invariants",Phase 9 — vertical integration,T24-R0970,Primary ownership exactly once; verify through declared seam or explicit gated live receipt.,IMPLEMENTED_OFFLINE_VERIFIED,hermes_jev/router.py; hermes_jev/nervous.py,60-test offline suite + compileall + release checks
971,63. Raw-chat separation explicitly refined,Chat can still contain work.,T24,"Useful-call policy, anti-bureaucracy, and asynchronous invariants",Phase 9 — vertical integration,T24-R0971,Primary ownership exactly once; verify through declared seam or explicit gated live receipt.,IMPLEMENTED_OFFLINE_VERIFIED,hermes_jev/router.py; hermes_jev/nervous.py,60-test offline suite + compileall + release checks
972,63. Raw-chat separation explicitly refined,Work can still look like chat.,T24,"Useful-call policy, anti-bureaucracy, and asynchronous invariants",Phase 9 — vertical integration,T24-R0972,Primary ownership exactly once; verify through declared seam or explicit gated live receipt.,IMPLEMENTED_OFFLINE_VERIFIED,hermes_jev/router.py; hermes_jev/nervous.py,60-test offline suite + compileall + release checks
973,63. Raw-chat separation explicitly refined,Roleplay can still contain accountable director-level work.,T24,"Useful-call policy, anti-bureaucracy, and asynchronous invariants",Phase 9 — vertical integration,T24-R0973,Primary ownership exactly once; verify through declared seam or explicit gated live receipt.,IMPLEMENTED_OFFLINE_VERIFIED,hermes_jev/router.py; hermes_jev/nervous.py,60-test offline suite + compileall + release checks
974,63. Raw-chat separation explicitly refined,"Therefore Jev activation must follow decision-plane/accountability semantics, not UI surface.",T24,"Useful-call policy, anti-bureaucracy, and asynchronous invariants",Phase 9 — vertical integration,T24-R0974,Primary ownership exactly once; verify through declared seam or explicit gated live receipt.,IMPLEMENTED_OFFLINE_VERIFIED,hermes_jev/router.py; hermes_jev/nervous.py,60-test offline suite + compileall + release checks
975,64. Decision admission inside an active turn,Local router acts as second-level admission after turn-level Jev admission.,T25,Second-level local admission and future relevance intelligence,Phase 9 — vertical integration,T25-R0975,Primary ownership exactly once; verify through declared seam or explicit gated live receipt.,IMPLEMENTED_OFFLINE_VERIFIED,hermes_jev/outcomes.py; hermes_jev/router.py,60-test offline suite + compileall + release checks
976,64. Decision admission inside an active turn,Turn admission answers could this turn need Jev?,T25,Second-level local admission and future relevance intelligence,Phase 9 — vertical integration,T25-R0976,Primary ownership exactly once; verify through declared seam or explicit gated live receipt.,IMPLEMENTED_OFFLINE_VERIFIED,hermes_jev/outcomes.py; hermes_jev/router.py,60-test offline suite + compileall + release checks
977,64. Decision admission inside an active turn,Local router answers does Jev matter right now?,T25,Second-level local admission and future relevance intelligence,Phase 9 — vertical integration,T25-R0977,Primary ownership exactly once; verify through declared seam or explicit gated live receipt.,IMPLEMENTED_OFFLINE_VERIFIED,hermes_jev/outcomes.py; hermes_jev/router.py,60-test offline suite + compileall + release checks
978,64. Decision admission inside an active turn,Jev itself not invoked for every local router decision.,T25,Second-level local admission and future relevance intelligence,Phase 9 — vertical integration,T25-R0978,Primary ownership exactly once; verify through declared seam or explicit gated live receipt.,IMPLEMENTED_OFFLINE_VERIFIED,hermes_jev/outcomes.py; hermes_jev/router.py,60-test offline suite + compileall + release checks
979,64. Decision admission inside an active turn,Local router designed to be far cheaper than remote Jev.,T25,Second-level local admission and future relevance intelligence,Phase 9 — vertical integration,T25-R0979,Primary ownership exactly once; verify through declared seam or explicit gated live receipt.,IMPLEMENTED_OFFLINE_VERIFIED,hermes_jev/outcomes.py; hermes_jev/router.py,60-test offline suite + compileall + release checks
980,64. Decision admission inside an active turn,Local router stateful across the turn.,T25,Second-level local admission and future relevance intelligence,Phase 9 — vertical integration,T25-R0980,Primary ownership exactly once; verify through declared seam or explicit gated live receipt.,IMPLEMENTED_OFFLINE_VERIFIED,hermes_jev/outcomes.py; hermes_jev/router.py,60-test offline suite + compileall + release checks
981,64. Decision admission inside an active turn,Local router decision based on state deltas rather than raw event count.,T25,Second-level local admission and future relevance intelligence,Phase 9 — vertical integration,T25-R0981,Primary ownership exactly once; verify through declared seam or explicit gated live receipt.,IMPLEMENTED_OFFLINE_VERIFIED,hermes_jev/outcomes.py; hermes_jev/router.py,60-test offline suite + compileall + release checks
982,64. Decision admission inside an active turn,Critical-event bypass always available.,T25,Second-level local admission and future relevance intelligence,Phase 9 — vertical integration,T25-R0982,Primary ownership exactly once; verify through declared seam or explicit gated live receipt.,IMPLEMENTED_OFFLINE_VERIFIED,hermes_jev/outcomes.py; hermes_jev/router.py,60-test offline suite + compileall + release checks
983,65. Potential future local intelligence,Lightweight local statistical model.,T25,Second-level local admission and future relevance intelligence,Phase 9 — vertical integration,T25-R0983,Primary ownership exactly once; verify through declared seam or explicit gated live receipt.,IMPLEMENTED_OFFLINE_VERIFIED,hermes_jev/outcomes.py; hermes_jev/router.py,60-test offline suite + compileall + release checks
984,65. Potential future local intelligence,Lightweight classifier.,T25,Second-level local admission and future relevance intelligence,Phase 9 — vertical integration,T25-R0984,Primary ownership exactly once; verify through declared seam or explicit gated live receipt.,IMPLEMENTED_OFFLINE_VERIFIED,hermes_jev/outcomes.py; hermes_jev/router.py,60-test offline suite + compileall + release checks
985,65. Potential future local intelligence,No need for full conversational intelligence.,T25,Second-level local admission and future relevance intelligence,Phase 9 — vertical integration,T25-R0985,Primary ownership exactly once; verify through declared seam or explicit gated live receipt.,IMPLEMENTED_OFFLINE_VERIFIED,hermes_jev/outcomes.py; hermes_jev/router.py,60-test offline suite + compileall + release checks
986,65. Potential future local intelligence,Input primarily router-state features.,T25,Second-level local admission and future relevance intelligence,Phase 9 — vertical integration,T25-R0986,Primary ownership exactly once; verify through declared seam or explicit gated live receipt.,IMPLEMENTED_OFFLINE_VERIFIED,hermes_jev/outcomes.py; hermes_jev/router.py,60-test offline suite + compileall + release checks
987,65. Potential future local intelligence,Output useful-disagreement probability.,T25,Second-level local admission and future relevance intelligence,Phase 9 — vertical integration,T25-R0987,Primary ownership exactly once; verify through declared seam or explicit gated live receipt.,IMPLEMENTED_OFFLINE_VERIFIED,hermes_jev/outcomes.py; hermes_jev/router.py,60-test offline suite + compileall + release checks
988,65. Potential future local intelligence,Potential confidence calibration.,T25,Second-level local admission and future relevance intelligence,Phase 9 — vertical integration,T25-R0988,Primary ownership exactly once; verify through declared seam or explicit gated live receipt.,IMPLEMENTED_OFFLINE_VERIFIED,hermes_jev/outcomes.py; hermes_jev/router.py,60-test offline suite + compileall + release checks
989,65. Potential future local intelligence,Potential event-type calibration.,T25,Second-level local admission and future relevance intelligence,Phase 9 — vertical integration,T25-R0989,Primary ownership exactly once; verify through declared seam or explicit gated live receipt.,IMPLEMENTED_OFFLINE_VERIFIED,hermes_jev/outcomes.py; hermes_jev/router.py,60-test offline suite + compileall + release checks
990,65. Potential future local intelligence,Potential per-objective calibration.,T25,Second-level local admission and future relevance intelligence,Phase 9 — vertical integration,T25-R0990,Primary ownership exactly once; verify through declared seam or explicit gated live receipt.,IMPLEMENTED_OFFLINE_VERIFIED,hermes_jev/outcomes.py; hermes_jev/router.py,60-test offline suite + compileall + release checks
991,65. Potential future local intelligence,Potential model-specific calibration.,T25,Second-level local admission and future relevance intelligence,Phase 9 — vertical integration,T25-R0991,Primary ownership exactly once; verify through declared seam or explicit gated live receipt.,IMPLEMENTED_OFFLINE_VERIFIED,hermes_jev/outcomes.py; hermes_jev/router.py,60-test offline suite + compileall + release checks
992,65. Potential future local intelligence,Potential online/offline tuning from collected receipts.,T25,Second-level local admission and future relevance intelligence,Phase 9 — vertical integration,T25-R0992,Primary ownership exactly once; verify through declared seam or explicit gated live receipt.,IMPLEMENTED_OFFLINE_VERIFIED,hermes_jev/outcomes.py; hermes_jev/router.py,60-test offline suite + compileall + release checks
993,66. Goal-oriented verification,Verification tied to explicit goal.,T26,Goal-oriented completion verification and authority policy,Phase 9 — vertical integration,T26-R0993,Primary ownership exactly once; verify through declared seam or explicit gated live receipt.,IMPLEMENTED_OFFLINE_VERIFIED,hermes_jev/nervous.py; hermes_jev/engine.py,60-test offline suite + compileall + release checks
994,66. Goal-oriented verification,Verification tied to observed evidence.,T26,Goal-oriented completion verification and authority policy,Phase 9 — vertical integration,T26-R0994,Primary ownership exactly once; verify through declared seam or explicit gated live receipt.,IMPLEMENTED_OFFLINE_VERIFIED,hermes_jev/nervous.py; hermes_jev/engine.py,60-test offline suite + compileall + release checks
995,66. Goal-oriented verification,Verification tied to done criteria.,T26,Goal-oriented completion verification and authority policy,Phase 9 — vertical integration,T26-R0995,Primary ownership exactly once; verify through declared seam or explicit gated live receipt.,IMPLEMENTED_OFFLINE_VERIFIED,hermes_jev/nervous.py; hermes_jev/engine.py,60-test offline suite + compileall + release checks
996,66. Goal-oriented verification,Verification not based solely on Hermes saying work is complete.,T26,Goal-oriented completion verification and authority policy,Phase 9 — vertical integration,T26-R0996,Primary ownership exactly once; verify through declared seam or explicit gated live receipt.,IMPLEMENTED_OFFLINE_VERIFIED,hermes_jev/nervous.py; hermes_jev/engine.py,60-test offline suite + compileall + release checks
997,66. Goal-oriented verification,Completion evidence bundled into Jev assessment.,T26,Goal-oriented completion verification and authority policy,Phase 9 — vertical integration,T26-R0997,Primary ownership exactly once; verify through declared seam or explicit gated live receipt.,IMPLEMENTED_OFFLINE_VERIFIED,hermes_jev/nervous.py; hermes_jev/engine.py,60-test offline suite + compileall + release checks
998,66. Goal-oriented verification,PASS only when required state is actually supported.,T26,Goal-oriented completion verification and authority policy,Phase 9 — vertical integration,T26-R0998,Primary ownership exactly once; verify through declared seam or explicit gated live receipt.,IMPLEMENTED_OFFLINE_VERIFIED,hermes_jev/nervous.py; hermes_jev/engine.py,60-test offline suite + compileall + release checks
999,66. Goal-oriented verification,RETRY for execution failure with still-valid strategy.,T26,Goal-oriented completion verification and authority policy,Phase 9 — vertical integration,T26-R0999,Primary ownership exactly once; verify through declared seam or explicit gated live receipt.,IMPLEMENTED_OFFLINE_VERIFIED,hermes_jev/nervous.py; hermes_jev/engine.py,60-test offline suite + compileall + release checks
1000,66. Goal-oriented verification,REPLAN when current approach is inadequate.,T26,Goal-oriented completion verification and authority policy,Phase 9 — vertical integration,T26-R1000,Primary ownership exactly once; verify through declared seam or explicit gated live receipt.,IMPLEMENTED_OFFLINE_VERIFIED,hermes_jev/nervous.py; hermes_jev/engine.py,60-test offline suite + compileall + release checks
1001,66. Goal-oriented verification,ESCALATE when genuine external/human dependency exists.,T26,Goal-oriented completion verification and authority policy,Phase 9 — vertical integration,T26-R1001,Primary ownership exactly once; verify through declared seam or explicit gated live receipt.,IMPLEMENTED_OFFLINE_VERIFIED,hermes_jev/nervous.py; hermes_jev/engine.py,60-test offline suite + compileall + release checks
1002,66. Goal-oriented verification,GATHER_EVIDENCE when state is insufficient.,T26,Goal-oriented completion verification and authority policy,Phase 9 — vertical integration,T26-R1002,Primary ownership exactly once; verify through declared seam or explicit gated live receipt.,IMPLEMENTED_OFFLINE_VERIFIED,hermes_jev/nervous.py; hermes_jev/engine.py,60-test offline suite + compileall + release checks
1003,66. Goal-oriented verification,Avoid completion without relevant evidence.,T26,Goal-oriented completion verification and authority policy,Phase 9 — vertical integration,T26-R1003,Primary ownership exactly once; verify through declared seam or explicit gated live receipt.,IMPLEMENTED_OFFLINE_VERIFIED,hermes_jev/nervous.py; hermes_jev/engine.py,60-test offline suite + compileall + release checks
1004,67. Decision engine authority model,Jev authoritative enough that high-confidence disagreements can alter trajectory.,T26,Goal-oriented completion verification and authority policy,Phase 9 — vertical integration,T26-R1004,Primary ownership exactly once; verify through declared seam or explicit gated live receipt.,IMPLEMENTED_OFFLINE_VERIFIED,hermes_jev/nervous.py; hermes_jev/engine.py,60-test offline suite + compileall + release checks
1005,67. Decision engine authority model,Hermes not required to blindly follow every Jev output.,T26,Goal-oriented completion verification and authority policy,Phase 9 — vertical integration,T26-R1005,Primary ownership exactly once; verify through declared seam or explicit gated live receipt.,IMPLEMENTED_OFFLINE_VERIFIED,hermes_jev/nervous.py; hermes_jev/engine.py,60-test offline suite + compileall + release checks
1006,67. Decision engine authority model,Hermes overrides explicitly recorded.,T26,Goal-oriented completion verification and authority policy,Phase 9 — vertical integration,T26-R1006,Primary ownership exactly once; verify through declared seam or explicit gated live receipt.,IMPLEMENTED_OFFLINE_VERIFIED,hermes_jev/nervous.py; hermes_jev/engine.py,60-test offline suite + compileall + release checks
1007,67. Decision engine authority model,Jev corrections explicitly recorded.,T26,Goal-oriented completion verification and authority policy,Phase 9 — vertical integration,T26-R1007,Primary ownership exactly once; verify through declared seam or explicit gated live receipt.,IMPLEMENTED_OFFLINE_VERIFIED,hermes_jev/nervous.py; hermes_jev/engine.py,60-test offline suite + compileall + release checks
1008,67. Decision engine authority model,Staleness can override Jev authority.,T26,Goal-oriented completion verification and authority policy,Phase 9 — vertical integration,T26-R1008,Primary ownership exactly once; verify through declared seam or explicit gated live receipt.,IMPLEMENTED_OFFLINE_VERIFIED,hermes_jev/nervous.py; hermes_jev/engine.py,60-test offline suite + compileall + release checks
1009,67. Decision engine authority model,Reversibility can affect Jev authority.,T26,Goal-oriented completion verification and authority policy,Phase 9 — vertical integration,T26-R1009,Primary ownership exactly once; verify through declared seam or explicit gated live receipt.,IMPLEMENTED_OFFLINE_VERIFIED,hermes_jev/nervous.py; hermes_jev/engine.py,60-test offline suite + compileall + release checks
1010,67. Decision engine authority model,Consequence can affect Jev authority.,T26,Goal-oriented completion verification and authority policy,Phase 9 — vertical integration,T26-R1010,Primary ownership exactly once; verify through declared seam or explicit gated live receipt.,IMPLEMENTED_OFFLINE_VERIFIED,hermes_jev/nervous.py; hermes_jev/engine.py,60-test offline suite + compileall + release checks
1011,67. Decision engine authority model,Confidence can affect Jev authority.,T26,Goal-oriented completion verification and authority policy,Phase 9 — vertical integration,T26-R1011,Primary ownership exactly once; verify through declared seam or explicit gated live receipt.,IMPLEMENTED_OFFLINE_VERIFIED,hermes_jev/nervous.py; hermes_jev/engine.py,60-test offline suite + compileall + release checks
1012,67. Decision engine authority model,Precommit mode can temporarily increase Jev authority.,T26,Goal-oriented completion verification and authority policy,Phase 9 — vertical integration,T26-R1012,Primary ownership exactly once; verify through declared seam or explicit gated live receipt.,IMPLEMENTED_OFFLINE_VERIFIED,hermes_jev/nervous.py; hermes_jev/engine.py,60-test offline suite + compileall + release checks
1013,67. Decision engine authority model,Shadow mode deliberately reduces Jev authority.,T26,Goal-oriented completion verification and authority policy,Phase 9 — vertical integration,T26-R1013,Primary ownership exactly once; verify through declared seam or explicit gated live receipt.,IMPLEMENTED_OFFLINE_VERIFIED,hermes_jev/nervous.py; hermes_jev/engine.py,60-test offline suite + compileall + release checks
1014,67. Decision engine authority model,Correct-next mode gives Jev future-state authority without unsafe retroactive undo.,T26,Goal-oriented completion verification and authority policy,Phase 9 — vertical integration,T26-R1014,Primary ownership exactly once; verify through declared seam or explicit gated live receipt.,IMPLEMENTED_OFFLINE_VERIFIED,hermes_jev/nervous.py; hermes_jev/engine.py,60-test offline suite + compileall + release checks
1015,68. Testing scenarios explicitly implied/discussed,Real bug diagnosis task.,T27,Behavioral and adversarial scenario suite,Phase 10 — verification,T27-R1015,Primary ownership exactly once; verify through declared seam or explicit gated live receipt.,IMPLEMENTED_SCENARIO_CORE,tests/test_nervous.py; tests/test_core.py,critical offline adversarial scenarios; field calibration external follow-up
1016,68. Testing scenarios explicitly implied/discussed,Failing-test repair task.,T27,Behavioral and adversarial scenario suite,Phase 10 — verification,T27-R1016,Primary ownership exactly once; verify through declared seam or explicit gated live receipt.,IMPLEMENTED_SCENARIO_CORE,tests/test_nervous.py; tests/test_core.py,critical offline adversarial scenarios; field calibration external follow-up
1017,68. Testing scenarios explicitly implied/discussed,Service-failure diagnosis task.,T27,Behavioral and adversarial scenario suite,Phase 10 — verification,T27-R1017,Primary ownership exactly once; verify through declared seam or explicit gated live receipt.,IMPLEMENTED_SCENARIO_CORE,tests/test_nervous.py; tests/test_core.py,critical offline adversarial scenarios; field calibration external follow-up
1018,68. Testing scenarios explicitly implied/discussed,Multiple-plausible-root-causes task.,T27,Behavioral and adversarial scenario suite,Phase 10 — verification,T27-R1018,Primary ownership exactly once; verify through declared seam or explicit gated live receipt.,IMPLEMENTED_SCENARIO_CORE,tests/test_nervous.py; tests/test_core.py,critical offline adversarial scenarios; field calibration external follow-up
1019,68. Testing scenarios explicitly implied/discussed,Local versus remote-worker routing task.,T27,Behavioral and adversarial scenario suite,Phase 10 — verification,T27-R1019,Primary ownership exactly once; verify through declared seam or explicit gated live receipt.,IMPLEMENTED_SCENARIO_CORE,tests/test_nervous.py; tests/test_core.py,critical offline adversarial scenarios; field calibration external follow-up
1020,68. Testing scenarios explicitly implied/discussed,Retry-versus-replan task.,T27,Behavioral and adversarial scenario suite,Phase 10 — verification,T27-R1020,Primary ownership exactly once; verify through declared seam or explicit gated live receipt.,IMPLEMENTED_SCENARIO_CORE,tests/test_nervous.py; tests/test_core.py,critical offline adversarial scenarios; field calibration external follow-up
1021,68. Testing scenarios explicitly implied/discussed,Premature completion trap.,T27,Behavioral and adversarial scenario suite,Phase 10 — verification,T27-R1021,Primary ownership exactly once; verify through declared seam or explicit gated live receipt.,IMPLEMENTED_SCENARIO_CORE,tests/test_nervous.py; tests/test_core.py,critical offline adversarial scenarios; field calibration external follow-up
1022,68. Testing scenarios explicitly implied/discussed,Repeated failure loop.,T27,Behavioral and adversarial scenario suite,Phase 10 — verification,T27-R1022,Primary ownership exactly once; verify through declared seam or explicit gated live receipt.,IMPLEMENTED_SCENARIO_CORE,tests/test_nervous.py; tests/test_core.py,critical offline adversarial scenarios; field calibration external follow-up
1023,68. Testing scenarios explicitly implied/discussed,High-confidence Hermes/Jev disagreement.,T27,Behavioral and adversarial scenario suite,Phase 10 — verification,T27-R1023,Primary ownership exactly once; verify through declared seam or explicit gated live receipt.,IMPLEMENTED_SCENARIO_CORE,tests/test_nervous.py; tests/test_core.py,critical offline adversarial scenarios; field calibration external follow-up
1024,68. Testing scenarios explicitly implied/discussed,Low-confidence Jev disagreement.,T27,Behavioral and adversarial scenario suite,Phase 10 — verification,T27-R1024,Primary ownership exactly once; verify through declared seam or explicit gated live receipt.,IMPLEMENTED_SCENARIO_CORE,tests/test_nervous.py; tests/test_core.py,critical offline adversarial scenarios; field calibration external follow-up
1025,68. Testing scenarios explicitly implied/discussed,Jev agreement.,T27,Behavioral and adversarial scenario suite,Phase 10 — verification,T27-R1025,Primary ownership exactly once; verify through declared seam or explicit gated live receipt.,IMPLEMENTED_SCENARIO_CORE,tests/test_nervous.py; tests/test_core.py,critical offline adversarial scenarios; field calibration external follow-up
1026,68. Testing scenarios explicitly implied/discussed,Stale Jev response.,T27,Behavioral and adversarial scenario suite,Phase 10 — verification,T27-R1026,Primary ownership exactly once; verify through declared seam or explicit gated live receipt.,IMPLEMENTED_SCENARIO_CORE,tests/test_nervous.py; tests/test_core.py,critical offline adversarial scenarios; field calibration external follow-up
1027,68. Testing scenarios explicitly implied/discussed,State changed before challenge arrives.,T27,Behavioral and adversarial scenario suite,Phase 10 — verification,T27-R1027,Primary ownership exactly once; verify through declared seam or explicit gated live receipt.,IMPLEMENTED_SCENARIO_CORE,tests/test_nervous.py; tests/test_core.py,critical offline adversarial scenarios; field calibration external follow-up
1028,68. Testing scenarios explicitly implied/discussed,Reversible action corrected after challenge.,T27,Behavioral and adversarial scenario suite,Phase 10 — verification,T27-R1028,Primary ownership exactly once; verify through declared seam or explicit gated live receipt.,IMPLEMENTED_SCENARIO_CORE,tests/test_nervous.py; tests/test_core.py,critical offline adversarial scenarios; field calibration external follow-up
1029,68. Testing scenarios explicitly implied/discussed,Irreversible action already completed before challenge.,T27,Behavioral and adversarial scenario suite,Phase 10 — verification,T27-R1029,Primary ownership exactly once; verify through declared seam or explicit gated live receipt.,IMPLEMENTED_SCENARIO_CORE,tests/test_nervous.py; tests/test_core.py,critical offline adversarial scenarios; field calibration external follow-up
1030,68. Testing scenarios explicitly implied/discussed,Precommit consequential action.,T27,Behavioral and adversarial scenario suite,Phase 10 — verification,T27-R1030,Primary ownership exactly once; verify through declared seam or explicit gated live receipt.,IMPLEMENTED_SCENARIO_CORE,tests/test_nervous.py; tests/test_core.py,critical offline adversarial scenarios; field calibration external follow-up
1031,68. Testing scenarios explicitly implied/discussed,Casual chat admission.,T27,Behavioral and adversarial scenario suite,Phase 10 — verification,T27-R1031,Primary ownership exactly once; verify through declared seam or explicit gated live receipt.,IMPLEMENTED_SCENARIO_CORE,tests/test_nervous.py; tests/test_core.py,critical offline adversarial scenarios; field calibration external follow-up
1032,68. Testing scenarios explicitly implied/discussed,Ordinary explanation admission.,T27,Behavioral and adversarial scenario suite,Phase 10 — verification,T27-R1032,Primary ownership exactly once; verify through declared seam or explicit gated live receipt.,IMPLEMENTED_SCENARIO_CORE,tests/test_nervous.py; tests/test_core.py,critical offline adversarial scenarios; field calibration external follow-up
1033,68. Testing scenarios explicitly implied/discussed,Pure fictional roleplay admission.,T27,Behavioral and adversarial scenario suite,Phase 10 — verification,T27-R1033,Primary ownership exactly once; verify through declared seam or explicit gated live receipt.,IMPLEMENTED_SCENARIO_CORE,tests/test_nervous.py; tests/test_core.py,critical offline adversarial scenarios; field calibration external follow-up
1034,68. Testing scenarios explicitly implied/discussed,Roleplay with real training objective.,T27,Behavioral and adversarial scenario suite,Phase 10 — verification,T27-R1034,Primary ownership exactly once; verify through declared seam or explicit gated live receipt.,IMPLEMENTED_SCENARIO_CORE,tests/test_nervous.py; tests/test_core.py,critical offline adversarial scenarios; field calibration external follow-up
1035,68. Testing scenarios explicitly implied/discussed,Research-only turn.,T27,Behavioral and adversarial scenario suite,Phase 10 — verification,T27-R1035,Primary ownership exactly once; verify through declared seam or explicit gated live receipt.,IMPLEMENTED_SCENARIO_CORE,tests/test_nervous.py; tests/test_core.py,critical offline adversarial scenarios; field calibration external follow-up
1036,68. Testing scenarios explicitly implied/discussed,Research that becomes real execution mid-turn.,T27,Behavioral and adversarial scenario suite,Phase 10 — verification,T27-R1036,Primary ownership exactly once; verify through declared seam or explicit gated live receipt.,IMPLEMENTED_SCENARIO_CORE,tests/test_nervous.py; tests/test_core.py,critical offline adversarial scenarios; field calibration external follow-up
1037,68. Testing scenarios explicitly implied/discussed,WATCH→ON promotion.,T27,Behavioral and adversarial scenario suite,Phase 10 — verification,T27-R1037,Primary ownership exactly once; verify through declared seam or explicit gated live receipt.,IMPLEMENTED_SCENARIO_CORE,tests/test_nervous.py; tests/test_core.py,critical offline adversarial scenarios; field calibration external follow-up
1038,68. Testing scenarios explicitly implied/discussed,Two-hour/high-event-count autonomous turn.,T27,Behavioral and adversarial scenario suite,Phase 10 — verification,T27-R1038,Primary ownership exactly once; verify through declared seam or explicit gated live receipt.,IMPLEMENTED_SCENARIO_CORE,tests/test_nervous.py; tests/test_core.py,critical offline adversarial scenarios; field calibration external follow-up
1039,68. Testing scenarios explicitly implied/discussed,Hundreds of low-value tool calls with few real decisions.,T27,Behavioral and adversarial scenario suite,Phase 10 — verification,T27-R1039,Primary ownership exactly once; verify through declared seam or explicit gated live receipt.,IMPLEMENTED_SCENARIO_CORE,tests/test_nervous.py; tests/test_core.py,critical offline adversarial scenarios; field calibration external follow-up
1040,68. Testing scenarios explicitly implied/discussed,Event batching.,T27,Behavioral and adversarial scenario suite,Phase 10 — verification,T27-R1040,Primary ownership exactly once; verify through declared seam or explicit gated live receipt.,IMPLEMENTED_SCENARIO_CORE,tests/test_nervous.py; tests/test_core.py,critical offline adversarial scenarios; field calibration external follow-up
1041,68. Testing scenarios explicitly implied/discussed,Event compression.,T27,Behavioral and adversarial scenario suite,Phase 10 — verification,T27-R1041,Primary ownership exactly once; verify through declared seam or explicit gated live receipt.,IMPLEMENTED_SCENARIO_CORE,tests/test_nervous.py; tests/test_core.py,critical offline adversarial scenarios; field calibration external follow-up
1042,68. Testing scenarios explicitly implied/discussed,Adaptive router suppression.,T27,Behavioral and adversarial scenario suite,Phase 10 — verification,T27-R1042,Primary ownership exactly once; verify through declared seam or explicit gated live receipt.,IMPLEMENTED_SCENARIO_CORE,tests/test_nervous.py; tests/test_core.py,critical offline adversarial scenarios; field calibration external follow-up
1043,68. Testing scenarios explicitly implied/discussed,Router hysteresis.,T27,Behavioral and adversarial scenario suite,Phase 10 — verification,T27-R1043,Primary ownership exactly once; verify through declared seam or explicit gated live receipt.,IMPLEMENTED_SCENARIO_CORE,tests/test_nervous.py; tests/test_core.py,critical offline adversarial scenarios; field calibration external follow-up
1044,68. Testing scenarios explicitly implied/discussed,Router trigger after hypothesis contradiction.,T27,Behavioral and adversarial scenario suite,Phase 10 — verification,T27-R1044,Primary ownership exactly once; verify through declared seam or explicit gated live receipt.,IMPLEMENTED_SCENARIO_CORE,tests/test_nervous.py; tests/test_core.py,critical offline adversarial scenarios; field calibration external follow-up
1045,68. Testing scenarios explicitly implied/discussed,Direct TypeSafe live smoke.,T27,Behavioral and adversarial scenario suite,Phase 10 — verification,T27-R1045,Primary ownership exactly once; verify through declared seam or explicit gated live receipt.,IMPLEMENTED_SCENARIO_CORE,tests/test_nervous.py; tests/test_core.py,critical offline adversarial scenarios; field calibration external follow-up
1046,68. Testing scenarios explicitly implied/discussed,OpenRouter live regression.,T27,Behavioral and adversarial scenario suite,Phase 10 — verification,T27-R1046,Primary ownership exactly once; verify through declared seam or explicit gated live receipt.,IMPLEMENTED_SCENARIO_CORE,tests/test_nervous.py; tests/test_core.py,critical offline adversarial scenarios; field calibration external follow-up
1047,68. Testing scenarios explicitly implied/discussed,Context pressure/shadow planning.,T27,Behavioral and adversarial scenario suite,Phase 10 — verification,T27-R1047,Primary ownership exactly once; verify through declared seam or explicit gated live receipt.,IMPLEMENTED_SCENARIO_CORE,tests/test_nervous.py; tests/test_core.py,critical offline adversarial scenarios; field calibration external follow-up
1048,68. Testing scenarios explicitly implied/discussed,Anchor→rehydrate continuation.,T27,Behavioral and adversarial scenario suite,Phase 10 — verification,T27-R1048,Primary ownership exactly once; verify through declared seam or explicit gated live receipt.,IMPLEMENTED_SCENARIO_CORE,tests/test_nervous.py; tests/test_core.py,critical offline adversarial scenarios; field calibration external follow-up
1049,69. Recommended default posture,Turn arbiter enabled.,T28,Recommended default configuration and rollout posture,Phase 10 — verification,T28-R1049,Primary ownership exactly once; verify through declared seam or explicit gated live receipt.,IMPLEMENTED_OFFLINE_VERIFIED,plugin.yaml; docs/SETUP.md,60-test offline suite + compileall + release checks
1050,69. Recommended default posture,Nervous system asynchronous.,T28,Recommended default configuration and rollout posture,Phase 10 — verification,T28-R1050,Primary ownership exactly once; verify through declared seam or explicit gated live receipt.,IMPLEMENTED_OFFLINE_VERIFIED,plugin.yaml; docs/SETUP.md,60-test offline suite + compileall + release checks
1051,69. Recommended default posture,Most casual turns OFF.,T28,Recommended default configuration and rollout posture,Phase 10 — verification,T28-R1051,Primary ownership exactly once; verify through declared seam or explicit gated live receipt.,IMPLEMENTED_OFFLINE_VERIFIED,plugin.yaml; docs/SETUP.md,60-test offline suite + compileall + release checks
1052,69. Recommended default posture,Ambiguous potentially operational turns WATCH.,T28,Recommended default configuration and rollout posture,Phase 10 — verification,T28-R1052,Primary ownership exactly once; verify through declared seam or explicit gated live receipt.,IMPLEMENTED_OFFLINE_VERIFIED,plugin.yaml; docs/SETUP.md,60-test offline suite + compileall + release checks
1053,69. Recommended default posture,Clearly autonomous/material work turns ON.,T28,Recommended default configuration and rollout posture,Phase 10 — verification,T28-R1053,Primary ownership exactly once; verify through declared seam or explicit gated live receipt.,IMPLEMENTED_OFFLINE_VERIFIED,plugin.yaml; docs/SETUP.md,60-test offline suite + compileall + release checks
1054,69. Recommended default posture,Local adaptive router enabled.,T28,Recommended default configuration and rollout posture,Phase 10 — verification,T28-R1054,Primary ownership exactly once; verify through declared seam or explicit gated live receipt.,IMPLEMENTED_OFFLINE_VERIFIED,plugin.yaml; docs/SETUP.md,60-test offline suite + compileall + release checks
1055,69. Recommended default posture,Confidence-gated challenges enabled.,T28,Recommended default configuration and rollout posture,Phase 10 — verification,T28-R1055,Primary ownership exactly once; verify through declared seam or explicit gated live receipt.,IMPLEMENTED_OFFLINE_VERIFIED,plugin.yaml; docs/SETUP.md,60-test offline suite + compileall + release checks
1056,69. Recommended default posture,Agreement log-only by default.,T28,Recommended default configuration and rollout posture,Phase 10 — verification,T28-R1056,Primary ownership exactly once; verify through declared seam or explicit gated live receipt.,IMPLEMENTED_OFFLINE_VERIFIED,plugin.yaml; docs/SETUP.md,60-test offline suite + compileall + release checks
1057,69. Recommended default posture,Low-confidence disagreement log-only by default.,T28,Recommended default configuration and rollout posture,Phase 10 — verification,T28-R1057,Primary ownership exactly once; verify through declared seam or explicit gated live receipt.,IMPLEMENTED_OFFLINE_VERIFIED,plugin.yaml; docs/SETUP.md,60-test offline suite + compileall + release checks
1058,69. Recommended default posture,High-confidence disagreement eligible for challenge.,T28,Recommended default configuration and rollout posture,Phase 10 — verification,T28-R1058,Primary ownership exactly once; verify through declared seam or explicit gated live receipt.,IMPLEMENTED_OFFLINE_VERIFIED,plugin.yaml; docs/SETUP.md,60-test offline suite + compileall + release checks
1059,69. Recommended default posture,PRECOMMIT restricted to consequential boundaries.,T28,Recommended default configuration and rollout posture,Phase 10 — verification,T28-R1059,Primary ownership exactly once; verify through declared seam or explicit gated live receipt.,IMPLEMENTED_OFFLINE_VERIFIED,plugin.yaml; docs/SETUP.md,60-test offline suite + compileall + release checks
1060,69. Recommended default posture,Legacy automatic gate remains off by default.,T28,Recommended default configuration and rollout posture,Phase 10 — verification,T28-R1060,Primary ownership exactly once; verify through declared seam or explicit gated live receipt.,IMPLEMENTED_OFFLINE_VERIFIED,plugin.yaml; docs/SETUP.md,60-test offline suite + compileall + release checks
1061,69. Recommended default posture,Context mutation remains shadow-first initially.,T28,Recommended default configuration and rollout posture,Phase 10 — verification,T28-R1061,Primary ownership exactly once; verify through declared seam or explicit gated live receipt.,IMPLEMENTED_OFFLINE_VERIFIED,plugin.yaml; docs/SETUP.md,60-test offline suite + compileall + release checks
1062,69. Recommended default posture,Built-in Hermes context fallback retained.,T28,Recommended default configuration and rollout posture,Phase 10 — verification,T28-R1062,Primary ownership exactly once; verify through declared seam or explicit gated live receipt.,IMPLEMENTED_OFFLINE_VERIFIED,plugin.yaml; docs/SETUP.md,60-test offline suite + compileall + release checks
1063,69. Recommended default posture,Provider call budget safety valve enabled.,T28,Recommended default configuration and rollout posture,Phase 10 — verification,T28-R1063,Primary ownership exactly once; verify through declared seam or explicit gated live receipt.,IMPLEMENTED_OFFLINE_VERIFIED,plugin.yaml; docs/SETUP.md,60-test offline suite + compileall + release checks
1064,69. Recommended default posture,Adaptive relevance remains primary call-limiting mechanism.,T28,Recommended default configuration and rollout posture,Phase 10 — verification,T28-R1064,Primary ownership exactly once; verify through declared seam or explicit gated live receipt.,IMPLEMENTED_OFFLINE_VERIFIED,plugin.yaml; docs/SETUP.md,60-test offline suite + compileall + release checks
1065,70. Existing release engineering issues worth fixing in the next release,Canonical release tree should match the pinned published repository.,T29,Release and handoff integrity,Phase 10 — verification,T29-R1065,Primary ownership exactly once; verify through declared seam or explicit gated live receipt.,IMPLEMENTED_RELEASE_VERIFIED,VERIFICATION.md; RELEASE_MANIFEST.sha256,manifest/registration/archive/checksum verification
1066,70. Existing release engineering issues worth fixing in the next release,Handoff ZIP should not silently differ from the pinned source tree.,T29,Release and handoff integrity,Phase 10 — verification,T29-R1066,Primary ownership exactly once; verify through declared seam or explicit gated live receipt.,IMPLEMENTED_RELEASE_VERIFIED,VERIFICATION.md; RELEASE_MANIFEST.sha256,manifest/registration/archive/checksum verification
1067,70. Existing release engineering issues worth fixing in the next release,Clearly distinguish full development test suite from compact admission/release suite.,T29,Release and handoff integrity,Phase 10 — verification,T29-R1067,Primary ownership exactly once; verify through declared seam or explicit gated live receipt.,IMPLEMENTED_RELEASE_VERIFIED,VERIFICATION.md; RELEASE_MANIFEST.sha256,manifest/registration/archive/checksum verification
1068,70. Existing release engineering issues worth fixing in the next release,Clearly document intended test runner.,T29,Release and handoff integrity,Phase 10 — verification,T29-R1068,Primary ownership exactly once; verify through declared seam or explicit gated live receipt.,IMPLEMENTED_RELEASE_VERIFIED,VERIFICATION.md; RELEASE_MANIFEST.sha256,manifest/registration/archive/checksum verification
1069,70. Existing release engineering issues worth fixing in the next release,unittest remains the known intended runner for the examined v0.1.5.5 tree.,T29,Release and handoff integrity,Phase 10 — verification,T29-R1069,Primary ownership exactly once; verify through declared seam or explicit gated live receipt.,IMPLEMENTED_RELEASE_VERIFIED,VERIFICATION.md; RELEASE_MANIFEST.sha256,manifest/registration/archive/checksum verification
1070,70. Existing release engineering issues worth fixing in the next release,Avoid confusing pytest collection failures being mistaken for functional failures.,T29,Release and handoff integrity,Phase 10 — verification,T29-R1070,Primary ownership exactly once; verify through declared seam or explicit gated live receipt.,IMPLEMENTED_RELEASE_VERIFIED,VERIFICATION.md; RELEASE_MANIFEST.sha256,manifest/registration/archive/checksum verification
1071,70. Existing release engineering issues worth fixing in the next release,Include GUIDE.md in canonical handoff/package where expected.,T29,Release and handoff integrity,Phase 10 — verification,T29-R1071,Primary ownership exactly once; verify through declared seam or explicit gated live receipt.,IMPLEMENTED_RELEASE_VERIFIED,VERIFICATION.md; RELEASE_MANIFEST.sha256,manifest/registration/archive/checksum verification
1072,70. Existing release engineering issues worth fixing in the next release,Include SETUP.md in canonical handoff/package where expected.,T29,Release and handoff integrity,Phase 10 — verification,T29-R1072,Primary ownership exactly once; verify through declared seam or explicit gated live receipt.,IMPLEMENTED_RELEASE_VERIFIED,VERIFICATION.md; RELEASE_MANIFEST.sha256,manifest/registration/archive/checksum verification
1073,70. Existing release engineering issues worth fixing in the next release,Include PROVIDER_SETUP.md in canonical handoff/package where expected.,T29,Release and handoff integrity,Phase 10 — verification,T29-R1073,Primary ownership exactly once; verify through declared seam or explicit gated live receipt.,IMPLEMENTED_RELEASE_VERIFIED,VERIFICATION.md; RELEASE_MANIFEST.sha256,manifest/registration/archive/checksum verification
1074,70. Existing release engineering issues worth fixing in the next release,Preserve exact release checksums.,T29,Release and handoff integrity,Phase 10 — verification,T29-R1074,Primary ownership exactly once; verify through declared seam or explicit gated live receipt.,IMPLEMENTED_RELEASE_VERIFIED,VERIFICATION.md; RELEASE_MANIFEST.sha256,manifest/registration/archive/checksum verification
1075,70. Existing release engineering issues worth fixing in the next release,Preserve exact pinned commit reference.,T29,Release and handoff integrity,Phase 10 — verification,T29-R1075,Primary ownership exactly once; verify through declared seam or explicit gated live receipt.,IMPLEMENTED_RELEASE_VERIFIED,VERIFICATION.md; RELEASE_MANIFEST.sha256,manifest/registration/archive/checksum verification
1076,70. Existing release engineering issues worth fixing in the next release,Keep PR/release documentation aligned with actual packaged contents.,T29,Release and handoff integrity,Phase 10 — verification,T29-R1076,Primary ownership exactly once; verify through declared seam or explicit gated live receipt.,IMPLEMENTED_RELEASE_VERIFIED,VERIFICATION.md; RELEASE_MANIFEST.sha256,manifest/registration/archive/checksum verification
1077,70. Existing release engineering issues worth fixing in the next release,Report test counts accurately by suite.,T29,Release and handoff integrity,Phase 10 — verification,T29-R1077,Primary ownership exactly once; verify through declared seam or explicit gated live receipt.,IMPLEMENTED_RELEASE_VERIFIED,VERIFICATION.md; RELEASE_MANIFEST.sha256,manifest/registration/archive/checksum verification
1078,70. Existing release engineering issues worth fixing in the next release,Keep provider-validation claims precise.,T29,Release and handoff integrity,Phase 10 — verification,T29-R1078,Primary ownership exactly once; verify through declared seam or explicit gated live receipt.,IMPLEMENTED_RELEASE_VERIFIED,VERIFICATION.md; RELEASE_MANIFEST.sha256,manifest/registration/archive/checksum verification
1079,70. Existing release engineering issues worth fixing in the next release,Keep direct-TypeSafe wire-tested distinct from live-tested.,T29,Release and handoff integrity,Phase 10 — verification,T29-R1079,Primary ownership exactly once; verify through declared seam or explicit gated live receipt.,IMPLEMENTED_RELEASE_VERIFIED,VERIFICATION.md; RELEASE_MANIFEST.sha256,manifest/registration/archive/checksum verification
1080,71. Architecture components that emerged from the thread,jev_turn_arbiter.,T30,Final deep-module topology and integration refactor,Phase 11 — architecture consolidation,T30-R1080,Primary ownership exactly once; verify through declared seam or explicit gated live receipt.,IMPLEMENTED_OFFLINE_VERIFIED,hermes_jev/nervous.py; hermes_jev/router.py; hermes_jev/outcomes.py,60-test offline suite + compileall + release checks
1081,71. Architecture components that emerged from the thread,jev_event_bus.,T30,Final deep-module topology and integration refactor,Phase 11 — architecture consolidation,T30-R1081,Primary ownership exactly once; verify through declared seam or explicit gated live receipt.,IMPLEMENTED_OFFLINE_VERIFIED,hermes_jev/nervous.py; hermes_jev/router.py; hermes_jev/outcomes.py,60-test offline suite + compileall + release checks
1082,71. Architecture components that emerged from the thread,jev_supervisor.,T30,Final deep-module topology and integration refactor,Phase 11 — architecture consolidation,T30-R1082,Primary ownership exactly once; verify through declared seam or explicit gated live receipt.,IMPLEMENTED_OFFLINE_VERIFIED,hermes_jev/nervous.py; hermes_jev/router.py; hermes_jev/outcomes.py,60-test offline suite + compileall + release checks
1083,71. Architecture components that emerged from the thread,Adaptive local relevance router.,T30,Final deep-module topology and integration refactor,Phase 11 — architecture consolidation,T30-R1083,Primary ownership exactly once; verify through declared seam or explicit gated live receipt.,IMPLEMENTED_OFFLINE_VERIFIED,hermes_jev/nervous.py; hermes_jev/router.py; hermes_jev/outcomes.py,60-test offline suite + compileall + release checks
1084,71. Architecture components that emerged from the thread,Local turn-state accumulator.,T30,Final deep-module topology and integration refactor,Phase 11 — architecture consolidation,T30-R1084,Primary ownership exactly once; verify through declared seam or explicit gated live receipt.,IMPLEMENTED_OFFLINE_VERIFIED,hermes_jev/nervous.py; hermes_jev/router.py; hermes_jev/outcomes.py,60-test offline suite + compileall + release checks
1085,71. Architecture components that emerged from the thread,Event compressor.,T30,Final deep-module topology and integration refactor,Phase 11 — architecture consolidation,T30-R1085,Primary ownership exactly once; verify through declared seam or explicit gated live receipt.,IMPLEMENTED_OFFLINE_VERIFIED,hermes_jev/nervous.py; hermes_jev/router.py; hermes_jev/outcomes.py,60-test offline suite + compileall + release checks
1086,71. Architecture components that emerged from the thread,Novelty detector.,T30,Final deep-module topology and integration refactor,Phase 11 — architecture consolidation,T30-R1086,Primary ownership exactly once; verify through declared seam or explicit gated live receipt.,IMPLEMENTED_OFFLINE_VERIFIED,hermes_jev/nervous.py; hermes_jev/router.py; hermes_jev/outcomes.py,60-test offline suite + compileall + release checks
1087,71. Architecture components that emerged from the thread,Decision-delta detector.,T30,Final deep-module topology and integration refactor,Phase 11 — architecture consolidation,T30-R1087,Primary ownership exactly once; verify through declared seam or explicit gated live receipt.,IMPLEMENTED_OFFLINE_VERIFIED,hermes_jev/nervous.py; hermes_jev/router.py; hermes_jev/outcomes.py,60-test offline suite + compileall + release checks
1088,71. Architecture components that emerged from the thread,Evidence-delta detector.,T30,Final deep-module topology and integration refactor,Phase 11 — architecture consolidation,T30-R1088,Primary ownership exactly once; verify through declared seam or explicit gated live receipt.,IMPLEMENTED_OFFLINE_VERIFIED,hermes_jev/nervous.py; hermes_jev/router.py; hermes_jev/outcomes.py,60-test offline suite + compileall + release checks
1089,71. Architecture components that emerged from the thread,Risk-delta detector.,T30,Final deep-module topology and integration refactor,Phase 11 — architecture consolidation,T30-R1089,Primary ownership exactly once; verify through declared seam or explicit gated live receipt.,IMPLEMENTED_OFFLINE_VERIFIED,hermes_jev/nervous.py; hermes_jev/router.py; hermes_jev/outcomes.py,60-test offline suite + compileall + release checks
1090,71. Architecture components that emerged from the thread,Uncertainty-delta detector.,T30,Final deep-module topology and integration refactor,Phase 11 — architecture consolidation,T30-R1090,Primary ownership exactly once; verify through declared seam or explicit gated live receipt.,IMPLEMENTED_OFFLINE_VERIFIED,hermes_jev/nervous.py; hermes_jev/router.py; hermes_jev/outcomes.py,60-test offline suite + compileall + release checks
1091,71. Architecture components that emerged from the thread,Completion-pressure detector.,T30,Final deep-module topology and integration refactor,Phase 11 — architecture consolidation,T30-R1091,Primary ownership exactly once; verify through declared seam or explicit gated live receipt.,IMPLEMENTED_OFFLINE_VERIFIED,hermes_jev/nervous.py; hermes_jev/router.py; hermes_jev/outcomes.py,60-test offline suite + compileall + release checks
1092,71. Architecture components that emerged from the thread,Jev freshness/decision-lease manager.,T30,Final deep-module topology and integration refactor,Phase 11 — architecture consolidation,T30-R1092,Primary ownership exactly once; verify through declared seam or explicit gated live receipt.,IMPLEMENTED_OFFLINE_VERIFIED,hermes_jev/nervous.py; hermes_jev/router.py; hermes_jev/outcomes.py,60-test offline suite + compileall + release checks
1093,71. Architecture components that emerged from the thread,Jev asynchronous provider worker.,T30,Final deep-module topology and integration refactor,Phase 11 — architecture consolidation,T30-R1093,Primary ownership exactly once; verify through declared seam or explicit gated live receipt.,IMPLEMENTED_OFFLINE_VERIFIED,hermes_jev/nervous.py; hermes_jev/router.py; hermes_jev/outcomes.py,60-test offline suite + compileall + release checks
1094,71. Architecture components that emerged from the thread,Jev challenge queue.,T30,Final deep-module topology and integration refactor,Phase 11 — architecture consolidation,T30-R1094,Primary ownership exactly once; verify through declared seam or explicit gated live receipt.,IMPLEMENTED_OFFLINE_VERIFIED,hermes_jev/nervous.py; hermes_jev/router.py; hermes_jev/outcomes.py,60-test offline suite + compileall + release checks
1095,71. Architecture components that emerged from the thread,Hermes challenge inbox.,T30,Final deep-module topology and integration refactor,Phase 11 — architecture consolidation,T30-R1095,Primary ownership exactly once; verify through declared seam or explicit gated live receipt.,IMPLEMENTED_OFFLINE_VERIFIED,hermes_jev/nervous.py; hermes_jev/router.py; hermes_jev/outcomes.py,60-test offline suite + compileall + release checks
1096,71. Architecture components that emerged from the thread,Challenge-state validator.,T30,Final deep-module topology and integration refactor,Phase 11 — architecture consolidation,T30-R1096,Primary ownership exactly once; verify through declared seam or explicit gated live receipt.,IMPLEMENTED_OFFLINE_VERIFIED,hermes_jev/nervous.py; hermes_jev/router.py; hermes_jev/outcomes.py,60-test offline suite + compileall + release checks
1097,71. Architecture components that emerged from the thread,Agreement/disagreement logger.,T30,Final deep-module topology and integration refactor,Phase 11 — architecture consolidation,T30-R1097,Primary ownership exactly once; verify through declared seam or explicit gated live receipt.,IMPLEMENTED_OFFLINE_VERIFIED,hermes_jev/nervous.py; hermes_jev/router.py; hermes_jev/outcomes.py,60-test offline suite + compileall + release checks
1098,71. Architecture components that emerged from the thread,Nervous-system receipt store.,T30,Final deep-module topology and integration refactor,Phase 11 — architecture consolidation,T30-R1098,Primary ownership exactly once; verify through declared seam or explicit gated live receipt.,IMPLEMENTED_OFFLINE_VERIFIED,hermes_jev/nervous.py; hermes_jev/router.py; hermes_jev/outcomes.py,60-test offline suite + compileall + release checks
1099,71. Architecture components that emerged from the thread,Outcome correlation layer.,T30,Final deep-module topology and integration refactor,Phase 11 — architecture consolidation,T30-R1099,Primary ownership exactly once; verify through declared seam or explicit gated live receipt.,IMPLEMENTED_OFFLINE_VERIFIED,hermes_jev/nervous.py; hermes_jev/router.py; hermes_jev/outcomes.py,60-test offline suite + compileall + release checks
1100,71. Architecture components that emerged from the thread,Router calibration dataset.,T30,Final deep-module topology and integration refactor,Phase 11 — architecture consolidation,T30-R1100,Primary ownership exactly once; verify through declared seam or explicit gated live receipt.,IMPLEMENTED_OFFLINE_VERIFIED,hermes_jev/nervous.py; hermes_jev/router.py; hermes_jev/outcomes.py,60-test offline suite + compileall + release checks
1101,71. Architecture components that emerged from the thread,Optional future local classifier.,T30,Final deep-module topology and integration refactor,Phase 11 — architecture consolidation,T30-R1101,Primary ownership exactly once; verify through declared seam or explicit gated live receipt.,IMPLEMENTED_OFFLINE_VERIFIED,hermes_jev/nervous.py; hermes_jev/router.py; hermes_jev/outcomes.py,60-test offline suite + compileall + release checks
1102,72. Overall final design principles,"Jev supervises decisions, not tokens.",T31,"System invariants, performance gates, and final spec conformance",Phase 11 — architecture consolidation,T31-R1102,Primary ownership exactly once; verify through declared seam or explicit gated live receipt.,IMPLEMENTED_OFFLINE_VERIFIED,tests/test_nervous.py; tests/test_core.py; VERIFICATION.md,60-test offline suite + compileall + release checks
1103,72. Overall final design principles,"Jev supervises decisions, not every tool call.",T31,"System invariants, performance gates, and final spec conformance",Phase 11 — architecture consolidation,T31-R1103,Primary ownership exactly once; verify through declared seam or explicit gated live receipt.,IMPLEMENTED_OFFLINE_VERIFIED,tests/test_nervous.py; tests/test_core.py; VERIFICATION.md,60-test offline suite + compileall + release checks
1104,72. Overall final design principles,"Jev supervises accountable objectives, not whatever happens to look like work.",T31,"System invariants, performance gates, and final spec conformance",Phase 11 — architecture consolidation,T31-R1104,Primary ownership exactly once; verify through declared seam or explicit gated live receipt.,IMPLEMENTED_OFFLINE_VERIFIED,tests/test_nervous.py; tests/test_core.py; VERIFICATION.md,60-test offline suite + compileall + release checks
1105,72. Overall final design principles,Jev can inspect the prompt once to decide whether supervision is useful.,T31,"System invariants, performance gates, and final spec conformance",Phase 11 — architecture consolidation,T31-R1105,Primary ownership exactly once; verify through declared seam or explicit gated live receipt.,IMPLEMENTED_OFFLINE_VERIFIED,tests/test_nervous.py; tests/test_core.py; VERIFICATION.md,60-test offline suite + compileall + release checks
1106,72. Overall final design principles,The nervous system sees structured state rather than raw conversation wherever possible.,T31,"System invariants, performance gates, and final spec conformance",Phase 11 — architecture consolidation,T31-R1106,Primary ownership exactly once; verify through declared seam or explicit gated live receipt.,IMPLEMENTED_OFFLINE_VERIFIED,tests/test_nervous.py; tests/test_core.py; VERIFICATION.md,60-test offline suite + compileall + release checks
1107,72. Overall final design principles,Hermes never waits for Jev unless a deliberately chosen precommit boundary requires it.,T31,"System invariants, performance gates, and final spec conformance",Phase 11 — architecture consolidation,T31-R1107,Primary ownership exactly once; verify through declared seam or explicit gated live receipt.,IMPLEMENTED_OFFLINE_VERIFIED,tests/test_nervous.py; tests/test_core.py; VERIFICATION.md,60-test offline suite + compileall + release checks
1108,72. Overall final design principles,Most Jev agreements stay silent.,T31,"System invariants, performance gates, and final spec conformance",Phase 11 — architecture consolidation,T31-R1108,Primary ownership exactly once; verify through declared seam or explicit gated live receipt.,IMPLEMENTED_OFFLINE_VERIFIED,tests/test_nervous.py; tests/test_core.py; VERIFICATION.md,60-test offline suite + compileall + release checks
1109,72. Overall final design principles,Most low-confidence Jev results stay silent.,T31,"System invariants, performance gates, and final spec conformance",Phase 11 — architecture consolidation,T31-R1109,Primary ownership exactly once; verify through declared seam or explicit gated live receipt.,IMPLEMENTED_OFFLINE_VERIFIED,tests/test_nervous.py; tests/test_core.py; VERIFICATION.md,60-test offline suite + compileall + release checks
1110,72. Overall final design principles,High-confidence meaningful disagreement is the scarce signal.,T31,"System invariants, performance gates, and final spec conformance",Phase 11 — architecture consolidation,T31-R1110,Primary ownership exactly once; verify through declared seam or explicit gated live receipt.,IMPLEMENTED_OFFLINE_VERIFIED,tests/test_nervous.py; tests/test_core.py; VERIFICATION.md,60-test offline suite + compileall + release checks
1111,72. Overall final design principles,"State change, not event count, determines when Jev should look again.",T31,"System invariants, performance gates, and final spec conformance",Phase 11 — architecture consolidation,T31-R1111,Primary ownership exactly once; verify through declared seam or explicit gated live receipt.,IMPLEMENTED_OFFLINE_VERIFIED,tests/test_nervous.py; tests/test_core.py; VERIFICATION.md,60-test offline suite + compileall + release checks
1112,72. Overall final design principles,"Novelty, uncertainty, consequence, risk, and completion pressure determine Jev value.",T31,"System invariants, performance gates, and final spec conformance",Phase 11 — architecture consolidation,T31-R1112,Primary ownership exactly once; verify through declared seam or explicit gated live receipt.,IMPLEMENTED_OFFLINE_VERIFIED,tests/test_nervous.py; tests/test_core.py; VERIFICATION.md,60-test offline suite + compileall + release checks
1113,72. Overall final design principles,"High-volume work should make the system smarter and more compressed, not simply more expensive.",T31,"System invariants, performance gates, and final spec conformance",Phase 11 — architecture consolidation,T31-R1113,Primary ownership exactly once; verify through declared seam or explicit gated live receipt.,IMPLEMENTED_OFFLINE_VERIFIED,tests/test_nervous.py; tests/test_core.py; VERIFICATION.md,60-test offline suite + compileall + release checks
1114,72. Overall final design principles,One significant contradiction can matter more than hundreds of mundane tool events.,T31,"System invariants, performance gates, and final spec conformance",Phase 11 — architecture consolidation,T31-R1114,Primary ownership exactly once; verify through declared seam or explicit gated live receipt.,IMPLEMENTED_OFFLINE_VERIFIED,tests/test_nervous.py; tests/test_core.py; VERIFICATION.md,60-test offline suite + compileall + release checks
1115,72. Overall final design principles,Jev’s previous opinion remains usable until the decision state materially changes.,T31,"System invariants, performance gates, and final spec conformance",Phase 11 — architecture consolidation,T31-R1115,Primary ownership exactly once; verify through declared seam or explicit gated live receipt.,IMPLEMENTED_OFFLINE_VERIFIED,tests/test_nervous.py; tests/test_core.py; VERIFICATION.md,60-test offline suite + compileall + release checks
1116,72. Overall final design principles,Stale Jev answers never blindly mutate newer state.,T31,"System invariants, performance gates, and final spec conformance",Phase 11 — architecture consolidation,T31-R1116,Primary ownership exactly once; verify through declared seam or explicit gated live receipt.,IMPLEMENTED_OFFLINE_VERIFIED,tests/test_nervous.py; tests/test_core.py; VERIFICATION.md,60-test offline suite + compileall + release checks
1117,72. Overall final design principles,Completed irreversible actions are not blindly reversed because of a late Jev disagreement.,T31,"System invariants, performance gates, and final spec conformance",Phase 11 — architecture consolidation,T31-R1117,Primary ownership exactly once; verify through declared seam or explicit gated live receipt.,IMPLEMENTED_OFFLINE_VERIFIED,tests/test_nervous.py; tests/test_core.py; VERIFICATION.md,60-test offline suite + compileall + release checks
1118,72. Overall final design principles,"The final optimization target is useful intervention per Jev call, not Jev-call volume.",T31,"System invariants, performance gates, and final spec conformance",Phase 11 — architecture consolidation,T31-R1118,Primary ownership exactly once; verify through declared seam or explicit gated live receipt.,IMPLEMENTED_OFFLINE_VERIFIED,tests/test_nervous.py; tests/test_core.py; VERIFICATION.md,60-test offline suite + compileall + release checks
1119,72. Overall final design principles,The ultimate metric is whether Jev makes Hermes complete real work more reliably.,T31,"System invariants, performance gates, and final spec conformance",Phase 11 — architecture consolidation,T31-R1119,Primary ownership exactly once; verify through declared seam or explicit gated live receipt.,IMPLEMENTED_OFFLINE_VERIFIED,tests/test_nervous.py; tests/test_core.py; VERIFICATION.md,60-test offline suite + compileall + release checks
